Codice comune;Denominazione;Totale;Maschi;Femmine;0-14;15-64;65 e oltre;Stranieri;Nati;Morti;Famiglie
001001;Agliè;2584;1259;1325;283;1579;722;;;;
001002;Airasca;3698;1873;1825;438;2312;948;;;;
001003;Ala di Stura;468;240;228;47;296;125;;;;
001004;Albiano d'Ivrea;1633;791;842;166;989;478;;;;
001006;Almese;6231;3034;3197;685;3848;1698;;;;
001007;Alpette;235;125;110;18;130;87;;;;
001008;Alpignano;16513;8238;8275;1666;9917;4930;;;;
001009;Andezeno;1979;995;984;241;1226;512;;;;
001010;Andrate;468;252;216;36;285;147;;;;
001011;Angrogna;794;421;373;69;519;206;;;;
001012;Arignano;1076;559;517;109;688;279;;;;
001013;Avigliana;12035;5896;6139;1267;7485;3283;;;;
001014;Azeglio;1224;603;621;130;741;353;;;;
001015;Bairo;778;366;412;91;453;234;;;;
001016;Balangero;3095;1493;1602;316;1850;929;;;;
001017;Baldissero Canavese;493;241;252;55;271;167;;;;
001018;Baldissero Torinese;3692;1801;1891;384;2277;1031;;;;
001019;Balme;97;51;46;9;61;27;;;;
001020;Banchette;3097;1494;1603;314;1901;882;;;;
001021;Barbania;1563;787;776;153;947;463;;;;
001022;Bardonecchia;2853;1435;1418;272;1809;772;;;;
001023;Barone Canavese;525;264;261;48;306;171;;;;
001024;Beinasco;17272;8334;8938;1832;10425;5015;;;;
001025;Bibiana;3362;1761;1601;399;2117;846;;;;
001026;Bobbio Pellice;527;257;270;44;319;164;;;;
001027;Bollengo;2099;1057;1042;228;1268;603;;;;
001028;Borgaro Torinese;11523;5586;5937;1390;7079;3054;;;;
001029;Borgiallo;587;301;286;76;354;157;;;;
001030;Borgofranco d'Ivrea;3424;1644;1780;345;2091;988;;;;
001031;Borgomasino;770;374;396;78;467;225;;;;
001032;Borgone Susa;2250;1150;1100;239;1377;634;;;;
001033;Bosconero;3044;1499;1545;389;1829;826;;;;
001034;Brandizzo;8772;4274;4498;1125;5500;2147;;;;
001035;Bricherasio;4611;2303;2308;543;2889;1179;;;;
001036;Brosso;387;189;198;34;234;119;;;;
001037;Brozolo;423;214;209;40;267;116;;;;
001038;Bruino;8364;4097;4267;944;5290;2130;;;;
001039;Brusasco;1495;754;741;144;906;445;;;;
001040;Bruzolo;1513;751;762;185;941;387;;;;
001041;Buriasco;1289;635;654;170;774;345;;;;
001042;Burolo;1095;520;575;100;595;400;;;;
001043;Busano;1578;807;771;204;993;381;;;;
001044;Bussoleno;5766;2811;2955;561;3409;1796;;;;
001045;Buttigliera Alta;6222;3074;3148;720;3766;1736;;;;
001046;Cafasse;3388;1688;1700;360;2088;940;;;;
001047;Caluso;7338;3563;3775;799;4430;2109;;;;
001048;Cambiano;5884;2848;3036;638;3546;1700;;;;
001049;Campiglione Fenile;1297;639;658;153;789;355;;;;
001050;Candia Canavese;1143;544;599;94;685;364;;;;
001051;Candiolo;5563;2779;2784;697;3443;1423;;;;
001052;Canischio;269;136;133;20;159;90;;;;
001053;Cantalupa;2581;1268;1313;267;1596;718;;;;
001054;Cantoira;645;356;289;73;378;194;;;;
001055;Caprie;2014;1020;994;207;1244;563;;;;
001056;Caravino;891;435;456;69;563;259;;;;
001057;Carema;697;344;353;79;397;221;;;;
001058;Carignano;9250;4600;4650;1077;5764;2409;;;;
001059;Carmagnola;27971;13749;14222;3465;17635;6871;;;;
001060;Casalborgone;1865;902;963;183;1132;550;;;;
001061;Cascinette d'Ivrea;1503;716;787;181;908;414;;;;
001062;Caselette;3024;1513;1511;344;1906;774;;;;
001063;Caselle Torinese;13738;6806;6932;1679;8830;3229;;;;
001064;Castagneto Po;1748;895;853;174;1084;490;;;;
001065;Castagnole Piemonte;2168;1104;1064;252;1368;548;;;;
001066;Castellamonte;9839;4897;4942;1157;6102;2580;;;;
001067;Castelnuovo Nigra;417;221;196;29;247;141;;;;
001068;Castiglione Torinese;6519;3236;3283;789;4142;1588;;;;
001069;Cavagnolo;2357;1171;1186;272;1435;650;;;;
001070;Cavour;5373;2688;2685;629;3292;1452;;;;
001071;Cercenasco;1760;861;899;194;1052;514;;;;
001072;Ceres;957;494;463;69;586;302;;;;
001073;Ceresole Reale;139;78;61;10;83;46;;;;
001074;Cesana Torinese;887;491;396;61;565;261;;;;
001075;Chialamberto;336;160;176;20;187;129;;;;
001076;Chianocco;1494;742;752;106;885;503;;;;
001077;Chiaverano;1958;974;984;196;1128;634;;;;
001078;Chieri;35822;17273;18549;3979;22143;9700;;;;
001079;Chiesanuova;229;121;108;28;143;58;;;;
001080;Chiomonte;838;415;423;76;467;295;;;;
001081;Chiusa di San Michele;1524;785;739;157;975;392;;;;
001082;Chivasso;26038;12576;13462;2942;16115;6981;;;;
001083;Ciconio;358;182;176;49;220;89;;;;
001084;Cintano;225;119;106;28;131;66;;;;
001085;Cinzano;340;177;163;30;213;97;;;;
001086;Ciriè;18083;8668;9415;1768;11048;5267;;;;
001087;Claviere;199;100;99;27;133;39;;;;
001088;Coassolo Torinese;1460;739;721;160;899;401;;;;
001089;Coazze;3371;1681;1690;326;2136;909;;;;
001090;Collegno;47590;22720;24870;5148;29108;13334;;;;
001091;Colleretto Castelnuovo;354;186;168;31;230;93;;;;
001092;Colleretto Giacosa;576;286;290;54;361;161;;;;
001093;Condove;4422;2143;2279;440;2640;1342;;;;
001094;Corio;3106;1577;1529;278;1909;919;;;;
001095;Cossano Canavese;410;208;202;29;240;141;;;;
001096;Cuceglio;917;462;455;92;571;254;;;;
001097;Cumiana;7814;3932;3882;835;4853;2126;;;;
001098;Cuorgnè;9483;4728;4755;1057;5817;2609;;;;
001099;Druento;8942;4383;4559;1096;5552;2294;;;;
001100;Exilles;241;121;120;15;162;64;;;;
001101;Favria;4962;2446;2516;631;3117;1214;;;;
001102;Feletto;2151;1083;1068;263;1332;556;;;;
001103;Fenestrelle;466;238;228;31;260;175;;;;
001104;Fiano;2638;1322;1316;298;1622;718;;;;
001105;Fiorano Canavese;725;365;360;56;439;230;;;;
001106;Foglizzo;2278;1129;1149;258;1422;598;;;;
001107;Forno Canavese;3152;1636;1516;309;1895;948;;;;
001108;Frassinetto;272;163;109;22;162;88;;;;
001109;Front;1590;804;786;162;991;437;;;;
001110;Frossasco;2846;1411;1435;295;1756;795;;;;
001111;Garzigliana;564;276;288;60;333;171;;;;
001112;Gassino Torinese;9208;4448;4760;954;5642;2612;;;;
001113;Germagnano;1131;577;554;105;673;353;;;;
001114;Giaglione;585;288;297;42;343;200;;;;
001115;Giaveno;16361;8050;8311;1616;10044;4701;;;;
001116;Givoletto;4060;2015;2045;518;2596;946;;;;
001117;Gravere;684;355;329;40;403;241;;;;
001118;Groscavallo;183;99;84;19;91;73;;;;
001119;Grosso;1004;492;512;105;635;264;;;;
001120;Grugliasco;36410;17502;18908;3847;21657;10906;;;;
001121;Ingria;44;26;18;4;21;19;;;;
001122;Inverso Pinasca;677;350;327;50;421;206;;;;
001123;Isolabella;355;176;179;40;221;94;;;;
001124;Issiglio;434;219;215;49;263;122;;;;
001125;Ivrea;22544;10824;11720;2197;13481;6866;;;;
001126;La Cassa;1719;872;847;177;1126;416;;;;
001127;La Loggia;8673;4302;4371;1123;5506;2044;;;;
001128;Lanzo Torinese;5038;2484;2554;519;3068;1451;;;;
001129;Lauriano;1356;662;694;156;838;362;;;;
001130;Leini;16339;8083;8256;2156;10303;3880;;;;
001131;Lemie;153;89;64;6;89;58;;;;
001132;Lessolo;1748;845;903;156;1046;546;;;;
001133;Levone;476;232;244;53;280;143;;;;
001134;Locana;1280;617;663;94;705;481;;;;
001135;Lombardore;1735;877;858;189;1131;415;;;;
001136;Lombriasco;1090;565;525;124;678;288;;;;
001137;Loranzè;1204;626;578;140;767;297;;;;
001139;Luserna San Giovanni;7118;3480;3638;706;4240;2172;;;;
001140;Lusernetta;505;259;246;55;328;122;;;;
001141;Lusigliè;554;260;294;62;353;139;;;;
001142;Macello;1180;587;593;132;731;317;;;;
001143;Maglione;409;201;208;47;231;131;;;;
001144;Marentino;1269;639;630;122;775;372;;;;
001145;Massello;56;34;22;3;32;21;;;;
001146;Mathi;3674;1835;1839;365;2257;1052;;;;
001147;Mattie;679;346;333;57;445;177;;;;
001148;Mazzè;4298;2121;2177;476;2657;1165;;;;
001149;Meana di Susa;787;415;372;51;480;256;;;;
001150;Mercenasco;1355;712;643;179;869;307;;;;
001152;Mezzenile;735;376;359;50;446;239;;;;
001153;Mombello di Torino;399;204;195;46;229;124;;;;
001154;Mompantero;612;297;315;58;382;172;;;;
001155;Monastero di Lanzo;403;249;154;29;253;121;;;;
001156;Moncalieri;55442;26973;28469;6366;34128;14948;;;;
001157;Moncenisio;44;20;24;4;25;15;;;;
001158;Montaldo Torinese;709;355;354;69;423;217;;;;
001159;Montalenghe;966;481;485;93;619;254;;;;
001160;Montalto Dora;3307;1654;1653;307;2042;958;;;;
001161;Montanaro;4974;2433;2541;536;2977;1461;;;;
001162;Monteu da Po;824;431;393;84;529;211;;;;
001163;Moriondo Torinese;823;416;407;91;486;246;;;;
001164;Nichelino;45680;22047;23633;5033;28178;12469;;;;
001165;Noasca;97;52;45;1;55;41;;;;
001166;Nole;6660;3264;3396;718;4178;1764;;;;
001167;Nomaglio;275;140;135;21;165;89;;;;
001168;;7641;3765;3876;895;4725;2021;;;;
001169;Novalesa;525;271;254;51;320;154;;;;
001170;Oglianico;1419;693;726;173;901;345;;;;
001171;Orbassano;22779;10970;11809;2693;13683;6403;;;;
001172;Orio Canavese;730;366;364;73;419;238;;;;
001173;Osasco;1161;577;584;139;736;286;;;;
001174;Osasio;896;466;430;105;556;235;;;;
001175;Oulx;3295;1693;1602;358;2098;839;;;;
001176;Ozegna;1164;576;588;131;738;295;;;;
001177;Palazzo Canavese;834;408;426;86;505;243;;;;
001178;Pancalieri;1945;950;995;245;1162;538;;;;
001179;Parella;394;181;213;36;221;137;;;;
001180;Pavarolo;1165;581;584;142;726;297;;;;
001181;Pavone Canavese;3628;1766;1862;346;2150;1132;;;;
001183;Pecetto Torinese;4007;1951;2056;489;2378;1140;;;;
001184;Perosa Argentina;3138;1481;1657;321;1827;990;;;;
001185;Perosa Canavese;492;238;254;46;304;142;;;;
001186;Perrero;547;298;249;38;302;207;;;;
001187;Pertusio;744;362;382;83;463;198;;;;
001188;Pessinetto;612;316;296;50;390;172;;;;
001189;Pianezza;15657;7616;8041;2001;9868;3788;;;;
001190;Pinasca;2756;1337;1419;274;1629;853;;;;
001191;Pinerolo;35436;17023;18413;3802;21726;9908;;;;
001192;Pino Torinese;8336;4002;4334;893;4950;2493;;;;
001193;Piobesi Torinese;3764;1839;1925;450;2365;949;;;;
001194;Piossasco;17844;8717;9127;2092;11195;4557;;;;
001195;Piscina;3288;1613;1675;380;2017;891;;;;
001196;Piverone;1224;593;631;116;737;371;;;;
001197;Poirino;10165;5080;5085;1215;6424;2526;;;;
001198;Pomaretto;935;426;509;90;516;329;;;;
001199;Pont Canavese;3017;1449;1568;285;1807;925;;;;
001200;Porte;1113;564;549;135;719;259;;;;
001201;Pragelato;694;372;322;73;472;149;;;;
001202;Prali;251;133;118;30;148;73;;;;
001203;Pralormo;1872;933;939;257;1122;493;;;;
001204;Pramollo;211;112;99;23;129;59;;;;
001205;Prarostino;1238;623;615;115;782;341;;;;
001206;Prascorsano;686;348;338;67;402;217;;;;
001207;Pratiglione;444;232;212;41;260;143;;;;
001208;Quagliuzzo;333;178;155;27;208;98;;;;
001209;Quassolo;329;159;170;27;192;110;;;;
001210;Quincinetto;991;495;496;98;582;311;;;;
001211;Reano;1779;870;909;183;1137;459;;;;
001212;Ribordone;43;27;16;0;20;23;;;;
001213;Rivalba;1135;598;537;109;733;293;;;;
001214;Rivalta di Torino;20019;9844;10175;2476;12500;5043;;;;
001215;Riva presso Chieri;4756;2349;2407;649;3028;1079;;;;
001216;Rivara;2421;1199;1222;260;1478;683;;;;
001217;Rivarolo Canavese;12303;6048;6255;1485;7570;3248;;;;
001218;Rivarossa;1550;783;767;157;1011;382;;;;
001219;Rivoli;46551;22366;24185;4639;27474;14438;;;;
001220;Robassomero;3056;1476;1580;349;1886;821;;;;
001221;Rocca Canavese;1727;857;870;176;1092;459;;;;
001222;Roletto;1965;980;985;229;1172;564;;;;
001223;Romano Canavese;2711;1341;1370;274;1709;728;;;;
001224;Ronco Canavese;383;195;188;65;207;111;;;;
001225;Rondissone;1927;997;930;240;1203;484;;;;
001226;Rorà;216;121;95;22;136;58;;;;
001227;Roure;740;352;388;56;407;277;;;;
001228;Rosta;5074;2489;2585;598;3213;1263;;;;
001229;Rubiana;2591;1363;1228;237;1684;670;;;;
001230;Rueglio;788;379;409;76;486;226;;;;
001231;Salassa;1850;910;940;190;1208;452;;;;
001232;Salbertrand;635;333;302;75;412;148;;;;
001233;Salerano Canavese;471;232;239;42;290;139;;;;
001234;Salza di Pinerolo;65;41;24;2;44;19;;;;
001235;Samone;1538;765;773;155;982;401;;;;
001236;San Benigno Canavese;6050;2993;3057;772;3823;1455;;;;
001237;San Carlo Canavese;4029;1986;2043;486;2498;1045;;;;
001238;San Colombano Belmonte;359;189;170;31;246;82;;;;
001239;San Didero;493;256;237;49;283;161;;;;
001240;San Francesco al Campo;4805;2380;2425;583;3008;1214;;;;
001241;Sangano;3624;1716;1908;385;2114;1125;;;;
001242;San Germano Chisone;1689;844;845;170;1024;495;;;;
001243;San Gillio;3311;1608;1703;427;2134;750;;;;
001244;San Giorgio Canavese;2484;1230;1254;261;1572;651;;;;
001245;San Giorio di Susa;951;482;469;90;569;292;;;;
001246;San Giusto Canavese;3309;1623;1686;365;2032;912;;;;
001247;San Martino Canavese;798;399;399;84;487;227;;;;
001248;San Maurizio Canavese;10252;5065;5187;1220;6664;2368;;;;
001249;San Mauro Torinese;18267;8828;9439;1905;10994;5368;;;;
001250;San Pietro Val Lemina;1437;727;710;162;837;438;;;;
001251;San Ponso;230;114;116;22;146;62;;;;
001252;San Raffaele Cimena;3128;1541;1587;341;1981;806;;;;
001253;San Sebastiano da Po;1853;931;922;198;1174;481;;;;
001254;San Secondo di Pinerolo;3638;1815;1823;414;2193;1031;;;;
001255;Sant'Ambrogio di Torino;4501;2240;2261;500;2874;1127;;;;
001256;Sant'Antonino di Susa;4073;1963;2110;460;2534;1079;;;;
001257;Santena;10373;5139;5234;1303;6384;2686;;;;
001258;Sauze di Cesana;227;125;102;18;150;59;;;;
001259;Sauze d'Oulx;1018;532;486;93;694;231;;;;
001260;Scalenghe;3199;1630;1569;373;2011;815;;;;
001261;Scarmagno;785;390;395;81;474;230;;;;
001262;Sciolze;1424;718;706;151;873;400;;;;
001263;Sestriere;893;482;411;79;633;181;;;;
001264;Settimo Rottaro;469;224;245;40;281;148;;;;
001265;Settimo Torinese;45566;22221;23345;4768;28411;12387;;;;
001266;Settimo Vittone;1507;762;745;162;913;432;;;;
001267;Sparone;903;442;461;88;543;272;;;;
001268;Strambinello;236;116;120;19;143;74;;;;
001269;Strambino;6018;2932;3086;635;3643;1740;;;;
001270;Susa;5776;2747;3029;594;3448;1734;;;;
001271;Tavagnasco;747;362;385;84;488;175;;;;
001272;Torino;855654;414118;441536;92095;540484;223075;;;;
001273;Torrazza Piemonte;2997;1462;1535;352;1911;734;;;;
001274;Torre Canavese;597;279;318;56;344;197;;;;
001275;Torre Pellice;4585;2200;2385;490;2626;1469;;;;
001276;Trana;3744;1834;1910;394;2362;988;;;;
001278;Traversella;309;152;157;28;177;104;;;;
001279;Traves;505;267;238;46;286;173;;;;
001280;Trofarello;10501;5133;5368;1118;6455;2928;;;;
001281;Usseaux;177;88;89;14;105;58;;;;
001282;Usseglio;179;97;82;9;110;60;;;;
001283;Vaie;1317;648;669;150;793;374;;;;
001284;Val della Torre;3973;2026;1947;456;2523;994;;;;
001285;Valgioie;983;552;431;94;646;243;;;;
001286;Vallo Torinese;784;393;391;80;497;207;;;;
001287;Valperga;2977;1430;1547;392;1768;817;;;;
001288;Valprato Soana;88;43;45;7;56;25;;;;
001289;Varisella;828;418;410;83;528;217;;;;
001290;Vauda Canavese;1417;720;697;154;888;375;;;;
001291;Venaus;843;430;413;65;508;270;;;;
001292;Venaria Reale;31886;15436;16450;3256;19279;9351;;;;
001293;Verolengo;4788;2327;2461;562;2962;1264;;;;
001294;Verrua Savoia;1353;690;663;125;795;433;;;;
001295;Vestignè;752;376;376;72;458;222;;;;
001296;Vialfrè;258;128;130;32;155;71;;;;
001298;Vidracco;450;216;234;49;263;138;;;;
001299;Vigone;5046;2497;2549;573;3111;1362;;;;
001300;Villafranca Piemonte;4585;2298;2287;509;2861;1215;;;;
001301;Villanova Canavese;1199;579;620;141;758;300;;;;
001302;Villarbasse;3521;1717;1804;395;2178;948;;;;
001303;Villar Dora;2793;1383;1410;284;1720;789;;;;
001304;Villareggia;994;494;500;94;607;293;;;;
001305;Villar Focchiardo;1943;953;990;163;1183;597;;;;
001306;Villar Pellice;1052;518;534;104;625;323;;;;
001307;Villar Perosa;3892;1923;1969;371;2396;1125;;;;
001308;Villastellone;4286;2096;2190;451;2677;1158;;;;
001309;Vinovo;15290;7493;7797;2098;9352;3840;;;;
001310;Virle Piemonte;1188;596;592;161;732;295;;;;
001311;Vische;1206;599;607;103;729;374;;;;
001312;Vistrorio;526;256;270;57;325;144;;;;
001313;Viù;1075;539;536;121;627;327;;;;
001314;Volpiano;15060;7435;7625;1866;9425;3769;;;;
001315;Volvera;8417;4179;4238;1035;5417;1965;;;;
001316;Mappano;7280;3613;3667;865;4706;1709;;;;
001317;Val di Chy;1225;639;586;107;740;378;;;;
001318;Valchiusa;1012;495;517;85;602;325;;;;
002002;Alagna Valsesia;731;381;350;74;471;186;;;;
002003;Albano Vercellese;327;162;165;32;191;104;;;;
002004;Alice Castello;2479;1257;1222;298;1516;665;;;;
002006;Arborio;836;442;394;87;490;259;;;;
002007;Asigliano Vercellese;1387;697;690;148;876;363;;;;
002008;Balmuccia;115;53;62;13;73;29;;;;
002009;Balocco;210;122;88;16;130;64;;;;
002011;Bianzè;1869;917;952;202;1138;529;;;;
002014;Boccioleto;167;80;87;18;92;57;;;;
002015;Borgo d'Ale;2198;1112;1086;214;1339;645;;;;
002016;Borgosesia;11951;5694;6257;1044;7127;3780;;;;
002017;Borgo Vercelli;2231;1097;1134;279;1426;526;;;;
002021;Buronzo;862;429;433;83;550;229;;;;
002025;Campertogno;226;110;116;23;144;59;;;;
002029;Carcoforo;78;40;38;5;50;23;;;;
002030;Caresana;995;537;458;91;655;249;;;;
002031;Caresanablot;1110;544;566;134;655;321;;;;
002032;Carisio;744;375;369;73;451;220;;;;
002033;Casanova Elvo;220;118;102;17;146;57;;;;
002035;San Giacomo Vercellese;263;129;134;20;154;89;;;;
002041;Cervatto;47;28;19;0;33;14;;;;
002042;Cigliano;4300;2119;2181;481;2615;1204;;;;
002043;Civiasco;223;112;111;21;148;54;;;;
002045;Collobiano;68;33;35;3;42;23;;;;
002047;Costanzana;815;393;422;87;494;234;;;;
002048;Cravagliana;240;126;114;11;142;87;;;;
002049;Crescentino;7503;3759;3744;834;4702;1967;;;;
002052;Crova;347;178;169;29;198;120;;;;
002054;Desana;1097;529;568;144;674;279;;;;
002057;Fobello;185;108;77;3;115;67;;;;
002058;Fontanetto Po;1036;528;508;82;628;326;;;;
002059;Formigliana;488;253;235;61;292;135;;;;
002061;Gattinara;7548;3651;3897;746;4507;2295;;;;
002062;Ghislarengo;820;416;404;89;520;211;;;;
002065;Greggio;330;168;162;32;204;94;;;;
002066;Guardabosone;296;147;149;27;161;108;;;;
002067;Lamporo;468;231;237;53;288;127;;;;
002068;Lenta;759;383;376;71;465;223;;;;
002070;Lignana;551;263;288;59;350;142;;;;
002071;Livorno Ferraris;4248;2048;2200;511;2642;1095;;;;
002072;Lozzolo;753;369;384;79;441;233;;;;
002078;Mollia;100;55;45;4;66;30;;;;
002079;Moncrivello;1360;686;674;132;821;407;;;;
002082;Motta de' Conti;702;351;351;61;415;226;;;;
002088;Olcenengo;774;378;396;102;470;202;;;;
002089;Oldenico;236;121;115;32;139;65;;;;
002090;Palazzolo Vercellese;1088;543;545;88;663;337;;;;
002091;Pertengo;331;166;165;41;212;78;;;;
002093;Pezzana;1289;628;661;146;810;333;;;;
002096;Pila;142;75;67;11;90;41;;;;
002097;Piode;193;99;94;12;125;56;;;;
002102;Postua;521;263;258;45;305;171;;;;
002104;Prarolo;720;373;347;73;467;180;;;;
002107;Quarona;3715;1745;1970;340;2258;1117;;;;
002108;Quinto Vercellese;381;185;196;41;239;101;;;;
002110;Rassa;66;41;25;4;38;24;;;;
002113;Rimella;139;86;53;10;84;45;;;;
002115;Rive;427;208;219;38;258;131;;;;
002116;Roasio;2142;1030;1112;212;1309;621;;;;
002118;Ronsecco;560;260;300;52;338;170;;;;
002121;Rossa;167;97;70;11;104;52;;;;
002122;Rovasenda;885;421;464;95;532;258;;;;
002126;Salasco;194;106;88;23;126;45;;;;
002127;Sali Vercellese;88;47;41;8;50;30;;;;
002128;Saluggia;3752;1840;1912;403;2267;1082;;;;
002131;San Germano Vercellese;1615;816;799;198;1009;408;;;;
002133;Santhià;8024;3862;4162;825;4746;2453;;;;
002134;Scopa;381;190;191;37;220;124;;;;
002135;Scopello;388;205;183;33;242;113;;;;
002137;Serravalle Sesia;4636;2265;2371;488;2866;1282;;;;
002142;Stroppiana;1199;603;596;144;740;315;;;;
002147;Tricerro;661;335;326;65;410;186;;;;
002148;Trino;6760;3354;3406;782;4005;1973;;;;
002150;Tronzano Vercellese;3271;1610;1661;377;1991;903;;;;
002152;Valduggia;1785;894;891;142;1022;621;;;;
002156;Varallo;6832;3275;3557;672;3983;2177;;;;
002158;Vercelli;46391;22690;23701;5248;28690;12453;;;;
002163;Villarboit;366;186;180;27;205;134;;;;
002164;Villata;1518;766;752;175;880;463;;;;
002166;Vocca;156;83;73;19;103;34;;;;
002170;Alto Sermenza;133;70;63;4;71;58;;;;
002171;Cellio con Breia;957;479;478;86;539;332;;;;
003001;Agrate Conturbia;1579;811;768;155;1039;385;;;;
003002;Ameno;866;415;451;84;490;292;;;;
003006;Armeno;2089;995;1094;212;1282;595;;;;
003008;Arona;13632;6323;7309;1357;7978;4297;;;;
003012;Barengo;734;365;369;61;440;233;;;;
003016;Bellinzago Novarese;9344;4656;4688;1153;5922;2269;;;;
003018;Biandrate;1384;716;668;228;866;290;;;;
003019;Boca;1145;569;576;104;724;317;;;;
003021;Bogogno;1324;647;677;165;805;354;;;;
003022;Bolzano Novarese;1110;572;538;102;693;315;;;;
003023;Borgolavezzaro;2025;989;1036;203;1248;574;;;;
003024;Borgomanero;21202;10190;11012;2360;13409;5433;;;;
003025;Borgo Ticino;5145;2581;2564;671;3397;1077;;;;
003026;Briga Novarese;2730;1313;1417;231;1734;765;;;;
003027;Briona;1129;540;589;114;719;296;;;;
003030;Caltignaga;2453;1230;1223;244;1592;617;;;;
003032;Cameri;10867;5323;5544;1266;6868;2733;;;;
003036;Carpignano Sesia;2457;1163;1294;271;1498;688;;;;
003037;Casalbeltrame;1047;548;499;151;654;242;;;;
003039;Casaleggio Novara;917;444;473;111;588;218;;;;
003040;Casalino;1586;810;776;198;983;405;;;;
003041;Casalvolone;888;460;428;113;569;206;;;;
003042;Castellazzo Novarese;331;165;166;54;211;66;;;;
003043;Castelletto sopra Ticino;9834;4793;5041;1123;6300;2411;;;;
003044;Cavaglietto;387;198;189;31;240;116;;;;
003045;Cavaglio d'Agogna;1143;559;584;117;653;373;;;;
003047;Cavallirio;1290;646;644;160;808;322;;;;
003049;Cerano;6995;3462;3533;994;4266;1735;;;;
003051;Colazza;553;283;270;59;343;151;;;;
003052;Comignago;1264;661;603;131;814;319;;;;
003055;Cressa;1559;759;800;154;982;423;;;;
003058;Cureggio;2619;1271;1348;303;1687;629;;;;
003060;Divignano;1428;720;708;164;917;347;;;;
003062;Dormelletto;2556;1223;1333;253;1571;732;;;;
003065;Fara Novarese;2009;1004;1005;198;1264;547;;;;
003066;Fontaneto d'Agogna;2656;1323;1333;268;1694;694;;;;
003068;Galliate;15884;7781;8103;2036;10080;3768;;;;
003069;Garbagna Novarese;1397;688;709;194;875;328;;;;
003070;Gargallo;1751;856;895;170;1119;462;;;;
003073;Ghemme;3429;1722;1707;363;2133;933;;;;
003076;Gozzano;5464;2771;2693;527;3484;1453;;;;
003077;Granozzo con Monticello;1302;642;660;145;815;342;;;;
003079;Grignasco;4299;2089;2210;394;2569;1336;;;;
003082;Invorio;4290;2125;2165;442;2788;1060;;;;
003083;Landiona;518;249;269;21;299;198;;;;
003084;Lesa;2203;1065;1138;202;1338;663;;;;
003088;Maggiora;1627;777;850;173;998;456;;;;
003090;Mandello Vitta;213;109;104;17;121;75;;;;
003091;Marano Ticino;1623;789;834;179;1037;407;;;;
003093;Massino Visconti;1127;554;573;98;661;368;;;;
003095;Meina;2340;1095;1245;205;1421;714;;;;
003097;Mezzomerico;1220;616;604;146;810;264;;;;
003098;Miasino;805;380;425;71;441;293;;;;
003100;Momo;2405;1169;1236;254;1472;679;;;;
003103;Nebbiuno;1859;917;942;173;1180;506;;;;
003104;Nibbiola;833;417;416;89;544;200;;;;
003106;Novara;103238;50565;52673;12151;64947;26140;;;;
003108;Oleggio;14270;7043;7227;1728;9022;3520;;;;
003109;Oleggio Castello;2225;1124;1101;262;1371;592;;;;
003112;Orta San Giulio;1086;548;538;69;683;334;;;;
003114;Paruzzaro;2121;1027;1094;240;1352;529;;;;
003115;Pella;874;415;459;58;555;261;;;;
003116;Pettenasco;1296;636;660;124;783;389;;;;
003119;Pisano;794;379;415;82;511;201;;;;
003120;Pogno;1365;673;692;120;866;379;;;;
003121;Pombia;2119;1073;1046;214;1418;487;;;;
003122;Prato Sesia;1829;911;918;172;1159;498;;;;
003129;Recetto;1029;552;477;133;655;241;;;;
003130;Romagnano Sesia;3759;1829;1930;431;2270;1058;;;;
003131;Romentino;5658;2794;2864;806;3654;1198;;;;
003133;San Maurizio d'Opaglio;2931;1400;1531;313;1874;744;;;;
003134;San Nazzaro Sesia;701;366;335;68;432;201;;;;
003135;San Pietro Mosezzo;1960;1010;950;228;1247;485;;;;
003138;Sillavengo;576;293;283;74;348;154;;;;
003139;Sizzano;1320;651;669;141;765;414;;;;
003140;Soriso;722;347;375;92;432;198;;;;
003141;Sozzago;1105;540;565;137;671;297;;;;
003143;Suno;2662;1310;1352;283;1655;724;;;;
003144;Terdobbiate;462;238;224;53;308;101;;;;
003146;Tornaco;876;430;446;101;525;250;;;;
003149;Trecate;21305;10728;10577;2997;13870;4438;;;;
003153;Vaprio d'Agogna;952;475;477;86;591;275;;;;
003154;Varallo Pombia;5023;2456;2567;561;3212;1250;;;;
003158;Vespolate;2080;1033;1047;225;1295;560;;;;
003159;Vicolungo;851;409;442;85;543;223;;;;
003164;Vinzaglio;564;302;262;59;364;141;;;;
003166;Gattico-Veruno;5311;2580;2731;583;3389;1339;;;;
004001;Acceglio;171;84;87;19;100;52;;;;
004002;Aisone;206;105;101;16;108;82;;;;
004003;Alba;30985;14843;16142;3489;19266;8230;;;;
004004;Albaretto della Torre;205;99;106;15;122;68;;;;
004005;Alto;152;80;72;19;100;33;;;;
004006;Argentera;76;38;38;6;43;27;;;;
004007;Arguello;190;96;94;17;115;58;;;;
004008;Bagnasco;929;458;471;103;554;272;;;;
004009;Bagnolo Piemonte;5685;2812;2873;641;3525;1519;;;;
004010;Baldissero d'Alba;1043;531;512;106;657;280;;;;
004011;Barbaresco;600;300;300;82;375;143;;;;
004012;Barge;7510;3806;3704;906;4758;1846;;;;
004013;Barolo;613;292;321;60;379;174;;;;
004014;Bastia Mondovì;628;311;317;71;384;173;;;;
004015;Battifollo;256;162;94;12;150;94;;;;
004016;Beinette;3540;1780;1760;555;2242;743;;;;
004017;Bellino;99;52;47;6;58;35;;;;
004018;Belvedere Langhe;333;160;173;37;204;92;;;;
004019;Bene Vagienna;3645;1842;1803;507;2273;865;;;;
004020;Benevello;457;221;236;50;286;121;;;;
004021;Bergolo;51;26;25;3;28;20;;;;
004022;Bernezzo;4276;2138;2138;678;2785;813;;;;
004023;Bonvicino;102;49;53;16;56;30;;;;
004024;Borgomale;372;173;199;44;239;89;;;;
004025;Borgo San Dalmazzo;12618;6230;6388;1602;7974;3042;;;;
004026;Bosia;168;81;87;13;95;60;;;;
004027;Bossolasco;664;316;348;64;390;210;;;;
004028;Boves;9612;4771;4841;1110;6093;2409;;;;
004029;Bra;29830;14538;15292;3730;18607;7493;;;;
004030;Briaglia;311;165;146;30;186;95;;;;
004031;Briga Alta;41;25;16;4;29;8;;;;
004032;Brondello;260;144;116;20;173;67;;;;
004033;Brossasco;979;488;491;95;578;306;;;;
004034;Busca;10228;5164;5064;1367;6380;2481;;;;
004035;Camerana;551;277;274;39;324;188;;;;
004037;Canale;5404;2681;2723;639;3365;1400;;;;
004038;Canosio;76;39;37;9;44;23;;;;
004039;Caprauna;78;44;34;3;42;33;;;;
004040;Caraglio;6842;3447;3395;863;4340;1639;;;;
004041;Caramagna Piemonte;3013;1505;1508;445;1831;737;;;;
004042;Cardè;1174;579;595;148;746;280;;;;
004043;Carrù;4494;2284;2210;543;2826;1125;;;;
004044;Cartignano;161;79;82;16;100;45;;;;
004045;Casalgrasso;1458;748;710;182;917;359;;;;
004046;Castagnito;2294;1147;1147;291;1546;457;;;;
004047;Casteldelfino;143;70;73;12;75;56;;;;
004049;Castelletto Stura;1377;692;685;215;873;289;;;;
004050;Castelletto Uzzone;277;143;134;23;157;97;;;;
004051;Castellinaldo d'Alba;911;463;448;89;598;224;;;;
004052;Castellino Tanaro;273;137;136;25;164;84;;;;
004053;Castelmagno;51;34;17;3;35;13;;;;
004054;Castelnuovo di Ceva;102;50;52;6;60;36;;;;
004055;Castiglione Falletto;655;334;321;76;418;161;;;;
004056;Castiglione Tinella;746;393;353;71;462;213;;;;
004057;Castino;431;228;203;39;265;127;;;;
004058;Cavallerleone;664;340;324;101;416;147;;;;
004059;Cavallermaggiore;5329;2689;2640;670;3376;1283;;;;
004060;Celle di Macra;83;47;36;13;45;25;;;;
004061;Centallo;6985;3673;3312;968;4520;1497;;;;
004062;Ceresole Alba;1975;998;977;216;1221;538;;;;
004063;Cerretto Langhe;387;197;190;21;227;139;;;;
004064;Cervasca;5190;2627;2563;710;3261;1219;;;;
004065;Cervere;2280;1145;1135;313;1461;506;;;;
004066;Ceva;5895;3013;2882;785;3601;1509;;;;
004067;Cherasco;9713;4874;4839;1365;6168;2180;;;;
004068;Chiusa di Pesio;3716;1872;1844;416;2325;975;;;;
004069;Cigliè;196;101;95;20;126;50;;;;
004070;Cissone;76;46;30;7;42;27;;;;
004071;Clavesana;775;375;400;75;464;236;;;;
004072;Corneliano d'Alba;2167;1067;1100;274;1381;512;;;;
004073;Cortemilia;2104;1034;1070;193;1250;661;;;;
004074;Cossano Belbo;858;438;420;78;508;272;;;;
004075;Costigliole Saluzzo;3307;1735;1572;403;2109;795;;;;
004076;Cravanzana;344;166;178;33;203;108;;;;
004077;Crissolo;132;76;56;6;77;49;;;;
004078;Cuneo;55747;27258;28489;6353;34299;15095;;;;
004079;Demonte;1848;978;870;190;1066;592;;;;
004080;Diano d'Alba;3547;1796;1751;424;2284;839;;;;
004081;Dogliani;4605;2340;2265;521;2878;1206;;;;
004082;Dronero;7007;3537;3470;921;4305;1781;;;;
004083;Elva;80;39;41;7;56;17;;;;
004084;Entracque;741;363;378;68;419;254;;;;
004085;Envie;1952;996;956;207;1232;513;;;;
004086;Farigliano;1698;850;848;174;1052;472;;;;
004087;Faule;474;235;239;58;299;117;;;;
004088;Feisoglio;288;139;149;28;152;108;;;;
004089;Fossano;24157;12121;12036;3089;14934;6134;;;;
004090;Frabosa Soprana;740;432;308;48;469;223;;;;
004091;Frabosa Sottana;1644;889;755;187;1055;402;;;;
004092;Frassino;250;137;113;25;148;77;;;;
004093;Gaiola;574;301;273;63;364;147;;;;
004094;Gambasca;376;201;175;48;230;98;;;;
004095;Garessio;2833;1388;1445;223;1661;949;;;;
004096;Genola;2564;1307;1257;370;1612;582;;;;
004097;Gorzegno;239;118;121;22;126;91;;;;
004098;Gottasecca;116;59;57;6;73;37;;;;
004099;Govone;2233;1102;1131;276;1402;555;;;;
004100;Grinzane Cavour;1938;954;984;264;1214;460;;;;
004101;Guarene;3548;1758;1790;427;2316;805;;;;
004102;Igliano;63;33;30;3;32;28;;;;
004103;Isasca;63;37;26;10;39;14;;;;
004104;Lagnasco;1384;729;655;153;900;331;;;;
004105;La Morra;2626;1336;1290;312;1678;636;;;;
004106;Lequio Berria;425;234;191;51;235;139;;;;
004107;Lequio Tanaro;730;392;338;80;490;160;;;;
004108;Lesegno;867;462;405;100;549;218;;;;
004109;Levice;174;90;84;18;89;67;;;;
004110;Limone Piemonte;1329;665;664;106;829;394;;;;
004111;Lisio;181;86;95;13;109;59;;;;
004112;Macra;42;21;21;3;22;17;;;;
004113;Magliano Alfieri;2169;1054;1115;305;1384;480;;;;
004114;Magliano Alpi;2166;1089;1077;254;1374;538;;;;
004115;Mango;1233;627;606;128;770;335;;;;
004116;Manta;3870;1904;1966;515;2426;929;;;;
004117;Marene;3367;1735;1632;504;2164;699;;;;
004118;Margarita;1413;715;698;164;885;364;;;;
004119;Marmora;56;27;29;2;38;16;;;;
004120;Marsaglia;222;117;105;16;120;86;;;;
004121;Martiniana Po;811;454;357;90;518;203;;;;
004122;Melle;293;163;130;36;161;96;;;;
004123;Moiola;212;116;96;17;122;73;;;;
004124;Mombarcaro;263;129;134;27;134;102;;;;
004125;Mombasiglio;562;272;290;59;331;172;;;;
004126;Monastero di Vasco;1257;619;638;151;770;336;;;;
004127;Monasterolo Casotto;82;43;39;3;47;32;;;;
004128;Monasterolo di Savigliano;1312;654;658;190;807;315;;;;
004129;Monchiero;581;299;282;61;402;118;;;;
004130;Mondovì;22371;11126;11245;2854;13695;5822;;;;
004131;Monesiglio;567;269;298;34;326;207;;;;
004132;Monforte d'Alba;1864;940;924;219;1159;486;;;;
004133;Montà;4649;2248;2401;596;2877;1176;;;;
004134;Montaldo di Mondovì;550;279;271;49;317;184;;;;
004135;Montaldo Roero;894;443;451;106;564;224;;;;
004136;Montanera;682;355;327;74;476;132;;;;
004137;Montelupo Albese;480;239;241;64;300;116;;;;
004138;Montemale di Cuneo;244;125;119;37;159;48;;;;
004139;Monterosso Grana;548;312;236;66;356;126;;;;
004140;Monteu Roero;1582;804;778;178;973;431;;;;
004141;Montezemolo;229;117;112;14;134;81;;;;
004142;Monticello d'Alba;2333;1156;1177;303;1528;502;;;;
004143;Moretta;4041;2020;2021;449;2488;1104;;;;
004144;Morozzo;2032;1035;997;289;1245;498;;;;
004145;Murazzano;841;419;422;100;508;233;;;;
004146;Murello;936;475;461;124;572;240;;;;
004147;Narzole;3528;1779;1749;468;2227;833;;;;
004148;Neive;3192;1565;1627;348;2046;798;;;;
004149;Neviglie;350;184;166;31;226;93;;;;
004150;Niella Belbo;312;158;154;15;183;114;;;;
004151;Niella Tanaro;939;499;440;113;533;293;;;;
004152;Novello;921;457;464;94;602;225;;;;
004153;Nucetto;387;198;189;33;239;115;;;;
004154;Oncino;82;45;37;3;53;26;;;;
004155;Ormea;1446;752;694;93;788;565;;;;
004156;Ostana;78;42;36;10;45;23;;;;
004157;Paesana;2663;1342;1321;251;1560;852;;;;
004158;Pagno;569;284;285;47;375;147;;;;
004159;Pamparato;263;149;114;12;131;120;;;;
004160;Paroldo;182;90;92;17;104;61;;;;
004161;Perletto;255;136;119;20;145;90;;;;
004162;Perlo;106;61;45;8;63;35;;;;
004163;Peveragno;5502;2736;2766;706;3441;1355;;;;
004164;Pezzolo Valle Uzzone;281;133;148;25;152;104;;;;
004165;Pianfei;2093;1049;1044;250;1343;500;;;;
004166;Piasco;2758;1383;1375;320;1686;752;;;;
004167;Pietraporzio;68;34;34;3;39;26;;;;
004168;Piobesi d'Alba;1469;739;730;230;919;320;;;;
004169;Piozzo;991;510;481;122;619;250;;;;
004170;Pocapaglia;3306;1626;1680;455;2069;782;;;;
004171;Polonghera;1119;550;569;120;667;332;;;;
004172;Pontechianale;187;95;92;17;95;75;;;;
004173;Pradleves;262;139;123;25;155;82;;;;
004174;Prazzo;166;85;81;9;93;64;;;;
004175;Priero;486;248;238;65;310;111;;;;
004176;Priocca;2016;1003;1013;264;1222;530;;;;
004177;Priola;609;296;313;48;352;209;;;;
004178;Prunetto;369;187;182;19;206;144;;;;
004179;Racconigi;9626;4801;4825;1188;5979;2459;;;;
004180;Revello;4184;2139;2045;548;2581;1055;;;;
004181;Rifreddo;1014;506;508;118;658;238;;;;
004182;Rittana;98;47;51;7;54;37;;;;
004183;Roaschia;87;40;47;1;48;38;;;;
004184;Roascio;83;44;39;11;55;17;;;;
004185;Robilante;2103;1053;1050;250;1277;576;;;;
004186;Roburent;487;255;232;35;257;195;;;;
004187;Roccabruna;1519;759;760;162;940;417;;;;
004188;Rocca Cigliè;124;61;63;7;72;45;;;;
004189;Rocca de' Baldi;1615;813;802;201;1000;414;;;;
004190;Roccaforte Mondovì;2132;1098;1034;234;1305;593;;;;
004191;Roccasparvera;744;383;361;125;461;158;;;;
004192;Roccavione;2610;1299;1311;297;1600;713;;;;
004193;Rocchetta Belbo;150;75;75;9;95;46;;;;
004194;Roddi;1591;832;759;144;1057;390;;;;
004195;Roddino;394;210;184;53;240;101;;;;
004196;Rodello;959;465;494;96;613;250;;;;
004197;Rossana;836;431;405;104;512;220;;;;
004198;Ruffia;357;191;166;55;214;88;;;;
004199;Sale delle Langhe;473;244;229;36;302;135;;;;
004200;Sale San Giovanni;151;77;74;9;91;51;;;;
004201;Saliceto;1144;556;588;105;648;391;;;;
004202;Salmour;719;393;326;85;457;177;;;;
004203;Saluzzo;17575;8685;8890;2083;11028;4464;;;;
004204;Sambuco;81;41;40;8;46;27;;;;
004205;Sampeyre;967;486;481;101;556;310;;;;
004206;San Benedetto Belbo;141;73;68;8;82;51;;;;
004207;San Damiano Macra;402;210;192;35;228;139;;;;
004208;Sanfrè;3051;1505;1546;431;1877;743;;;;
004209;Sanfront;2253;1111;1142;195;1410;648;;;;
004210;San Michele Mondovì;1896;955;941;262;1076;558;;;;
004211;Sant'Albano Stura;2420;1266;1154;352;1502;566;;;;
004212;Santa Vittoria d'Alba;2928;1473;1455;387;1885;656;;;;
004213;Santo Stefano Belbo;3686;1842;1844;367;2203;1116;;;;
004214;Santo Stefano Roero;1346;695;651;135;860;351;;;;
004215;Savigliano;21761;10675;11086;2713;13561;5487;;;;
004216;Scagnello;166;74;92;17;92;57;;;;
004217;Scarnafigi;2087;1078;1009;264;1300;523;;;;
004218;Serralunga d'Alba;484;248;236;52;322;110;;;;
004219;Serravalle Langhe;324;172;152;29;181;114;;;;
004220;Sinio;471;235;236;51;297;123;;;;
004221;Somano;322;162;160;25;205;92;;;;
004222;Sommariva del Bosco;6272;3123;3149;758;3970;1544;;;;
004223;Sommariva Perno;2675;1310;1365;287;1680;708;;;;
004224;Stroppo;102;54;48;5;64;33;;;;
004225;Tarantasca;2219;1142;1077;369;1401;449;;;;
004226;Torre Bormida;190;94;96;20;96;74;;;;
004227;Torre Mondovì;509;274;235;53;313;143;;;;
004228;Torre San Giorgio;698;352;346;79;445;174;;;;
004229;Torresina;48;21;27;5;20;23;;;;
004230;Treiso;734;379;355;75;450;209;;;;
004231;Trezzo Tinella;289;156;133;19;184;86;;;;
004232;Trinità;2322;1143;1179;337;1471;514;;;;
004233;Valdieri;911;456;455;99;538;274;;;;
004234;Valgrana;790;410;380;90;501;199;;;;
004235;Valloriate;92;51;41;2;51;39;;;;
004237;Venasca;1335;656;679;146;826;363;;;;
004238;Verduno;553;271;282;75;320;158;;;;
004239;Vernante;1079;524;555;115;633;331;;;;
004240;Verzuolo;6519;3285;3234;801;4149;1569;;;;
004241;Vezza d'Alba;2377;1207;1170;290;1519;568;;;;
004242;Vicoforte;3187;1574;1613;339;1932;916;;;;
004243;Vignolo;2690;1332;1358;376;1709;605;;;;
004244;Villafalletto;2918;1469;1449;383;1831;704;;;;
004245;Villanova Mondovì;6038;2986;3052;802;3777;1459;;;;
004246;Villanova Solaro;725;382;343;86;456;183;;;;
004247;Villar San Costanzo;1548;784;764;203;991;354;;;;
004248;Vinadio;566;288;278;42;327;197;;;;
004249;Viola;383;207;176;23;217;143;;;;
004250;Vottignasco;507;257;250;42;316;149;;;;
005001;Agliano Terme;1545;785;760;152;899;494;;;;
005002;Albugnano;525;258;267;45;311;169;;;;
005003;Antignano;957;479;478;86;529;342;;;;
005004;Aramengo;574;304;270;50;353;171;;;;
005005;Asti;73604;35386;38218;8486;44977;20141;;;;
005006;Azzano d'Asti;383;184;199;29;229;125;;;;
005007;Baldichieri d'Asti;1104;551;553;154;687;263;;;;
005008;Belveglio;292;144;148;21;174;97;;;;
005009;Berzano di San Pietro;404;224;180;38;249;117;;;;
005010;Bruno;305;146;159;28;171;106;;;;
005011;Bubbio;793;387;406;79;436;278;;;;
005012;Buttigliera d'Asti;2505;1272;1233;269;1597;639;;;;
005013;Calamandrana;1643;813;830;181;1021;441;;;;
005014;Calliano Monferrato;1235;629;606;136;729;370;;;;
005015;Calosso;1102;574;528;106;661;335;;;;
005016;Camerano Casasco;421;213;208;49;252;120;;;;
005017;Canelli;10014;4924;5090;1083;6246;2685;;;;
005018;Cantarana;974;493;481;105;627;242;;;;
005019;Capriglio;295;162;133;34;187;74;;;;
005020;Casorzo Monferrato;581;282;299;42;321;218;;;;
005021;Cassinasco;559;302;257;49;364;146;;;;
005022;Castagnole delle Lanze;3660;1793;1867;407;2252;1001;;;;
005023;Castagnole Monferrato;1129;557;572;110;685;334;;;;
005024;Castel Boglione;591;313;278;59;358;174;;;;
005025;Castell'Alfero;2588;1276;1312;261;1617;710;;;;
005026;Castellero;281;134;147;39;152;90;;;;
005027;Castelletto Molina;137;61;76;9;94;34;;;;
005028;Castello di Annone;1827;961;866;193;1161;473;;;;
005029;Castelnuovo Belbo;815;394;421;84;488;243;;;;
005030;Castelnuovo Calcea;680;348;332;56;401;223;;;;
005031;Castelnuovo Don Bosco;3095;1520;1575;312;1961;822;;;;
005032;Castel Rocchero;356;189;167;38;211;107;;;;
005033;Cellarengo;731;368;363;87;443;201;;;;
005034;Celle Enomondo;430;208;222;45;259;126;;;;
005035;Cerreto d'Asti;217;108;109;24;125;68;;;;
005036;Cerro Tanaro;594;302;292;61;367;166;;;;
005037;Cessole;327;161;166;25;191;111;;;;
005038;Chiusano d'Asti;242;123;119;36;142;64;;;;
005039;Cinaglio;404;206;198;35;245;124;;;;
005040;Cisterna d'Asti;1221;638;583;134;762;325;;;;
005041;Coazzolo;285;149;136;42;174;69;;;;
005042;Cocconato;1415;703;712;144;840;431;;;;
005044;Corsione;191;99;92;23;122;46;;;;
005045;Cortandone;307;151;156;24;196;87;;;;
005046;Cortanze;262;132;130;29;167;66;;;;
005047;Cortazzone;596;303;293;51;373;172;;;;
005048;Cortiglione;507;254;253;48;313;146;;;;
005049;Cossombrato;506;254;252;62;284;160;;;;
005050;Costigliole d'Asti;5664;2855;2809;596;3433;1635;;;;
005051;Cunico;427;220;207;35;253;139;;;;
005052;Dusino San Michele;1081;573;508;104;710;267;;;;
005053;Ferrere;1511;757;754;155;920;436;;;;
005054;Fontanile;473;245;228;31;297;145;;;;
005055;Frinco;722;357;365;71;454;197;;;;
005056;Grana Monferrato;507;244;263;42;303;162;;;;
005057;Grazzano Badoglio;511;260;251;53;292;166;;;;
005058;Incisa Scapaccino;2006;1016;990;240;1239;527;;;;
005059;Isola d'Asti;1897;937;960;205;1145;547;;;;
005060;Loazzolo;296;159;137;25;180;91;;;;
005061;Maranzana;204;110;94;10;113;81;;;;
005062;Maretto;370;198;172;30;242;98;;;;
005063;Moasca;522;280;242;70;301;151;;;;
005064;Mombaldone;190;103;87;11;110;69;;;;
005065;Mombaruzzo;892;471;421;60;494;338;;;;
005066;Mombercelli;2038;1006;1032;184;1216;638;;;;
005067;Monale;990;486;504;130;620;240;;;;
005068;Monastero Bormida;820;386;434;80;467;273;;;;
005069;Moncalvo;2762;1314;1448;221;1664;877;;;;
005070;Moncucco Torinese;869;441;428;92;541;236;;;;
005071;Mongardino;834;412;422;84;472;278;;;;
005072;Montabone;301;162;139;19;171;111;;;;
005073;Montafia;932;474;458;90;566;276;;;;
005074;Montaldo Scarampi;708;360;348;56;448;204;;;;
005075;Montechiaro d'Asti;1221;613;608;100;757;364;;;;
005076;Montegrosso d'Asti;2320;1194;1126;251;1514;555;;;;
005077;Montemagno Monferrato;1030;502;528;80;598;352;;;;
005080;Nizza Monferrato;10168;4965;5203;1159;6308;2701;;;;
005081;Olmo Gentile;67;35;32;4;30;33;;;;
005082;Passerano Marmorito;446;253;193;42;269;135;;;;
005083;Penango;417;212;205;33;250;134;;;;
005084;Piea;489;236;253;26;298;165;;;;
005085;Pino d'Asti;217;126;91;10;153;54;;;;
005086;Piovà Massaia;557;266;291;45;329;183;;;;
005087;Portacomaro;1891;922;969;196;1122;573;;;;
005088;Quaranti;144;75;69;11;78;55;;;;
005089;Refrancore;1535;742;793;144;957;434;;;;
005090;Revigliasco d'Asti;752;380;372;81;420;251;;;;
005091;Roatto;350;179;171;32;211;107;;;;
005092;Robella;440;244;196;25;272;143;;;;
005093;Rocca d'Arazzo;935;467;468;96;548;291;;;;
005094;Roccaverano;360;192;168;32;197;131;;;;
005095;Rocchetta Palafea;320;167;153;26;175;119;;;;
005096;Rocchetta Tanaro;1357;681;676;165;778;414;;;;
005097;San Damiano d'Asti;8040;3942;4098;1015;5064;1961;;;;
005098;San Giorgio Scarampi;98;47;51;8;54;36;;;;
005099;San Martino Alfieri;661;339;322;73;388;200;;;;
005100;San Marzano Oliveto;930;476;454;84;584;262;;;;
005101;San Paolo Solbrito;1163;576;587;118;753;292;;;;
005103;Scurzolengo;522;268;254;58;314;150;;;;
005104;Serole;96;48;48;4;54;38;;;;
005105;Sessame;222;110;112;19;122;81;;;;
005106;Settime;531;267;264;69;342;120;;;;
005107;Soglio;128;61;67;7;83;38;;;;
005108;Tigliole;1739;890;849;203;1045;491;;;;
005109;Tonco;762;394;368;71;452;239;;;;
005111;Vaglio Serra;260;131;129;27;166;67;;;;
005112;Valfenera;2445;1228;1217;324;1484;637;;;;
005113;Vesime;582;310;272;42;348;192;;;;
005114;Viale;227;117;110;19;145;63;;;;
005115;Viarigi;807;401;406;61;492;254;;;;
005116;Vigliano d'Asti;792;403;389;77;472;243;;;;
005117;Villafranca d'Asti;2959;1497;1462;287;1854;818;;;;
005118;Villanova d'Asti;5507;2721;2786;673;3501;1333;;;;
005119;Villa San Secondo;388;192;196;39;226;123;;;;
005120;Vinchio;531;278;253;42;312;177;;;;
005121;Montiglio Monferrato;1497;746;751;138;887;472;;;;
005122;Moransengo-Tonengo;420;206;214;29;249;142;;;;
006001;Acqui Terme;19017;8998;10019;1809;11259;5949;;;;
006002;Albera Ligure;292;153;139;22;177;93;;;;
006003;Alessandria;93409;45877;47532;10418;58378;24613;;;;
006004;Alfiano Natta;655;321;334;42;405;208;;;;
006005;Alice Bel Colle;632;346;286;51;378;203;;;;
006007;Altavilla Monferrato;386;198;188;26;236;124;;;;
006008;Alzano Scrivia;354;189;165;32;225;97;;;;
006009;Arquata Scrivia;6335;3068;3267;764;3780;1791;;;;
006010;Avolasca;241;123;118;18;135;88;;;;
006011;Balzola;1252;637;615;103;734;415;;;;
006012;Basaluzzo;2009;997;1012;227;1223;559;;;;
006013;Bassignana;1574;790;784;128;987;459;;;;
006014;Belforte Monferrato;486;250;236;51;302;133;;;;
006015;Bergamasco;662;326;336;43;365;254;;;;
006016;Berzano di Tortona;163;81;82;18;105;40;;;;
006017;Bistagno;1692;825;867;144;1027;521;;;;
006018;Borghetto di Borbera;1889;967;922;184;1133;572;;;;
006019;Borgoratto Alessandrino;534;257;277;47;321;166;;;;
006020;Borgo San Martino;1333;687;646;155;841;337;;;;
006021;Bosco Marengo;2140;1097;1043;205;1314;621;;;;
006022;Bosio;1037;543;494;82;611;344;;;;
006023;Bozzole;343;189;154;28;227;88;;;;
006024;Brignano-Frascata;420;220;200;30;237;153;;;;
006025;Cabella Ligure;437;217;220;32;237;168;;;;
006026;Camagna Monferrato;464;221;243;28;287;149;;;;
006027;Camino;730;372;358;57;434;239;;;;
006028;Cantalupo Ligure;431;209;222;35;222;174;;;;
006029;Capriata d'Orba;1776;896;880;176;1053;547;;;;
006030;Carbonara Scrivia;1114;554;560;130;697;287;;;;
006031;Carentino;311;159;152;31;195;85;;;;
006032;Carezzano;437;215;222;45;258;134;;;;
006033;Carpeneto;848;425;423;64;498;286;;;;
006034;Carrega Ligure;76;46;30;6;33;37;;;;
006035;Carrosio;519;275;244;67;322;130;;;;
006036;Cartosio;711;347;364;55;412;244;;;;
006037;Casal Cermelli;1189;587;602;107;712;370;;;;
006038;Casaleggio Boiro;335;174;161;12;213;110;;;;
006039;Casale Monferrato;32461;15475;16986;3124;20125;9212;;;;
006040;Casalnoceto;945;472;473;97;601;247;;;;
006041;Casasco;134;69;65;12;76;46;;;;
006043;Cassine;2811;1446;1365;299;1607;905;;;;
006044;Cassinelle;845;449;396;74;473;298;;;;
006045;Castellania Coppi;85;43;42;10;43;32;;;;
006046;Castellar Guidobono;429;223;206;34;274;121;;;;
006047;Castellazzo Bormida;4519;2292;2227;535;2817;1167;;;;
006048;Castelletto d'Erro;115;55;60;5;62;48;;;;
006049;Castelletto d'Orba;1811;916;895;159;1091;561;;;;
006050;Castelletto Merli;445;225;220;46;265;134;;;;
006051;Castelletto Monferrato;1439;719;720;137;884;418;;;;
006052;Castelnuovo Bormida;636;304;332;52;366;218;;;;
006053;Castelnuovo Scrivia;4807;2363;2444;489;2933;1385;;;;
006054;Castelspina;391;193;198;28;239;124;;;;
006055;Cavatore;248;114;134;15;141;92;;;;
006056;Cella Monte;446;230;216;31;260;155;;;;
006057;Cereseto;355;187;168;33;207;115;;;;
006058;Cerreto Grue;293;140;153;27;175;91;;;;
006059;Cerrina Monferrato;1264;625;639;114;713;437;;;;
006060;Coniolo;420;217;203;35;260;125;;;;
006061;Conzano;892;461;431;84;544;264;;;;
006062;Costa Vescovato;310;164;146;26;175;109;;;;
006063;Cremolino;1002;527;475;102;583;317;;;;
006065;Denice;161;79;82;11;81;69;;;;
006066;Dernice;174;85;89;9;95;70;;;;
006067;Fabbrica Curone;530;250;280;25;270;235;;;;
006068;Felizzano;2066;1024;1042;185;1230;651;;;;
006069;Fraconalto;307;170;137;22;185;100;;;;
006070;Francavilla Bisio;491;240;251;52;301;138;;;;
006071;Frascaro;425;200;225;37;258;130;;;;
006072;Frassinello Monferrato;449;220;229;45;264;140;;;;
006073;Frassineto Po;1349;658;691;132;851;366;;;;
006074;Fresonara;651;338;313;69;406;176;;;;
006075;Frugarolo;1882;925;957;211;1130;541;;;;
006076;Fubine Monferrato;1604;783;821;170;962;472;;;;
006077;Gabiano;1033;517;516;84;593;356;;;;
006078;Gamalero;783;364;419;74;496;213;;;;
006079;Garbagna;638;319;319;49;375;214;;;;
006081;Gavi;4344;2151;2193;419;2648;1277;;;;
006082;Giarole;682;328;354;82;413;187;;;;
006083;Gremiasco;277;140;137;14;139;124;;;;
006084;Grognardo;225;127;98;7;128;90;;;;
006085;Grondona;477;231;246;29;293;155;;;;
006086;Guazzora;288;142;146;33;176;79;;;;
006087;Isola Sant'Antonio;654;368;286;74;389;191;;;;
006088;Lerma;797;381;416;52;471;274;;;;
006090;Malvicino;79;34;45;3;44;32;;;;
006091;Masio;1276;646;630;131;728;417;;;;
006092;Melazzo;1236;598;638;116;760;360;;;;
006093;Merana;172;86;86;15;100;57;;;;
006094;Mirabello Monferrato;1204;598;606;105;693;406;;;;
006095;Molare;1984;971;1013;180;1198;606;;;;
006096;Molino dei Torti;567;317;250;50;344;173;;;;
006097;Mombello Monferrato;890;431;459;71;551;268;;;;
006098;Momperone;200;103;97;13;122;65;;;;
006099;Moncestino;194;92;102;3;134;57;;;;
006100;Mongiardino Ligure;145;80;65;3;79;63;;;;
006101;Monleale;552;285;267;50;346;156;;;;
006102;Montacuto;227;118;109;11;115;101;;;;
006103;Montaldeo;206;97;109;12;115;79;;;;
006104;Montaldo Bormida;576;283;293;42;339;195;;;;
006105;Montecastello;272;134;138;16;172;84;;;;
006106;Montechiaro d'Acqui;509;277;232;51;301;157;;;;
006107;Montegioco;271;144;127;24;159;88;;;;
006108;Montemarzino;312;160;152;18;178;116;;;;
006109;Morano sul Po;1270;618;652;95;770;405;;;;
006110;Morbello;388;213;175;17;234;137;;;;
006111;Mornese;666;330;336;56;406;204;;;;
006112;Morsasco;593;281;312;48;336;209;;;;
006113;Murisengo Monferrato;1210;613;597;94;690;426;;;;
006114;Novi Ligure;27427;13311;14116;2942;16772;7713;;;;
006115;Occimiano;1195;577;618;135;751;309;;;;
006116;Odalengo Grande;397;205;192;28;216;153;;;;
006117;Odalengo Piccolo;207;109;98;20;109;78;;;;
006118;Olivola;105;51;54;4;64;37;;;;
006119;Orsara Bormida;377;192;185;32;217;128;;;;
006120;Ottiglio;532;273;259;40;319;173;;;;
006121;Ovada;10941;5296;5645;1084;6384;3473;;;;
006122;Oviglio;1224;622;602;116;711;397;;;;
006123;Ozzano Monferrato;1322;670;652;107;792;423;;;;
006124;Paderna;206;102;104;18;129;59;;;;
006125;Pareto;509;268;241;29;289;191;;;;
006126;Parodi Ligure;593;309;284;36;340;217;;;;
006127;Pasturana;1263;603;660;133;768;362;;;;
006128;Pecetto di Valenza;1156;570;586;116;663;377;;;;
006129;Pietra Marazzi;850;410;440;61;520;269;;;;
006131;Pomaro Monferrato;329;185;144;20;212;97;;;;
006132;Pontecurone;3570;1787;1783;393;2162;1015;;;;
006133;Pontestura;1317;649;668;137;758;422;;;;
006134;Ponti;491;250;241;30;286;175;;;;
006135;Ponzano Monferrato;328;161;167;46;173;109;;;;
006136;Ponzone;1013;526;487;58;523;432;;;;
006137;Pozzol Groppo;311;161;150;21;176;114;;;;
006138;Pozzolo Formigaro;4558;2293;2265;508;2856;1194;;;;
006139;Prasco;501;257;244;43;306;152;;;;
006140;Predosa;1860;901;959;165;1108;587;;;;
006141;Quargnento;1362;643;719;173;807;382;;;;
006142;Quattordio;1435;702;733;137;780;518;;;;
006143;Ricaldone;604;311;293;68;369;167;;;;
006144;Rivalta Bormida;1332;658;674;129;784;419;;;;
006145;Rivarone;400;230;170;22;266;112;;;;
006146;Roccaforte Ligure;113;67;46;4;58;51;;;;
006147;Rocca Grimalda;1396;716;680;119;876;401;;;;
006148;Rocchetta Ligure;222;126;96;17;138;67;;;;
006149;Rosignano Monferrato;1387;689;698;101;874;412;;;;
006150;Sala Monferrato;326;156;170;22;189;115;;;;
006151;Sale;3853;1901;1952;384;2354;1115;;;;
006152;San Cristoforo;519;258;261;52;307;160;;;;
006153;San Giorgio Monferrato;1204;590;614;129;729;346;;;;
006154;San Salvatore Monferrato;4053;2047;2006;372;2488;1193;;;;
006155;San Sebastiano Curone;530;247;283;52;322;156;;;;
006156;Sant'Agata Fossili;337;171;166;16;199;122;;;;
006157;Sardigliano;375;178;197;30;233;112;;;;
006158;Sarezzano;1096;552;544;115;674;307;;;;
006159;Serralunga di Crea;510;261;249;39;318;153;;;;
006160;Serravalle Scrivia;6004;3052;2952;769;3738;1497;;;;
006161;Sezzadio;1185;590;595;105;711;369;;;;
006162;Silvano d'Orba;1839;916;923;171;1145;523;;;;
006163;Solero;1581;794;787;146;953;482;;;;
006164;Solonghello;196;100;96;10;116;70;;;;
006165;Spigno Monferrato;887;446;441;65;483;339;;;;
006166;Spineto Scrivia;356;184;172;42;213;101;;;;
006167;Stazzano;2259;1096;1163;234;1409;616;;;;
006168;Strevi;1940;978;962;223;1211;506;;;;
006169;Tagliolo Monferrato;1460;721;739;136;859;465;;;;
006170;Tassarolo;594;304;290;50;359;185;;;;
006171;Terruggia;860;406;454;91;507;262;;;;
006172;Terzo;817;406;411;65;510;242;;;;
006173;Ticineto;1297;624;673;121;798;378;;;;
006174;Tortona;26643;12923;13720;2997;16445;7201;;;;
006175;Treville;263;131;132;16;167;80;;;;
006176;Trisobbio;621;311;310;40;368;213;;;;
006177;Valenza;18313;8786;9527;1684;11334;5295;;;;
006178;Valmacca;973;482;491;107;583;283;;;;
006179;Vignale Monferrato;926;448;478;89;523;314;;;;
006180;Vignole Borbera;2066;1025;1041;211;1276;579;;;;
006181;Viguzzolo;3094;1563;1531;334;1911;849;;;;
006182;Villadeati;454;232;222;33;277;144;;;;
006183;Villalvernia;846;444;402;90;496;260;;;;
006184;Villamiroglio;283;149;134;13;162;108;;;;
006185;Villanova Monferrato;1701;813;888;189;1084;428;;;;
006186;Villaromagnano;650;318;332;48;371;231;;;;
006187;Visone;1169;593;576;124;694;351;;;;
006188;Volpedo;1135;570;565;93;703;339;;;;
006189;Volpeglino;129;63;66;7;76;46;;;;
006190;Voltaggio;649;311;338;56;363;230;;;;
006191;Cassano Spinola;1796;872;924;178;1083;535;;;;
006192;Alluvioni Piovera;1564;781;783;149;938;477;;;;
006193;Lu e Cuccaro Monferrato;1255;630;625;112;731;412;;;;
007001;Allein;197;99;98;14;121;62;;;;
007002;Antey-Saint-André;552;276;276;63;341;148;;;;
007003;Aosta;33127;15694;17433;3487;20034;9606;;;;
007004;Arnad;1215;584;631;153;746;316;;;;
007005;Arvier;819;406;413;101;510;208;;;;
007006;Avise;294;143;151;32;181;81;;;;
007007;Ayas;1370;701;669;205;856;309;;;;
007008;Aymavilles;2093;1026;1067;257;1304;532;;;;
007009;Bard;99;40;59;9;65;25;;;;
007010;Bionaz;212;113;99;17;141;54;;;;
007011;Brissogne;979;500;479;106;653;220;;;;
007012;Brusson;823;410;413;82;527;214;;;;
007013;Challand-Saint-Anselme;755;390;365;99;462;194;;;;
007014;Challand-Saint-Victor;577;295;282;73;368;136;;;;
007015;Chambave;880;428;452;100;524;256;;;;
007016;Chamois;113;64;49;9;67;37;;;;
007017;Champdepraz;702;338;364;67;455;180;;;;
007018;Champorcher;360;183;177;28;219;113;;;;
007019;Charvensod;2411;1180;1231;275;1568;568;;;;
007020;Châtillon;4299;2107;2192;415;2724;1160;;;;
007021;Cogne;1329;663;666;104;839;386;;;;
007022;Courmayeur;2494;1266;1228;212;1620;662;;;;
007023;Donnas;2394;1162;1232;241;1497;656;;;;
007024;Doues;509;247;262;56;316;137;;;;
007025;Emarèse;232;115;117;36;138;58;;;;
007026;Etroubles;484;258;226;51;314;119;;;;
007027;Fénis;1779;862;917;244;1097;438;;;;
007028;Fontainemore;437;228;209;43;272;122;;;;
007029;Gaby;404;203;201;40;249;115;;;;
007030;Gignod;1679;841;838;217;1125;337;;;;
007031;Gressan;3323;1616;1707;389;2131;803;;;;
007032;Gressoney-La-Trinité;321;154;167;48;211;62;;;;
007033;Gressoney-Saint-Jean;769;388;381;89;469;211;;;;
007034;Hône;1164;561;603;142;710;312;;;;
007035;Introd;642;327;315;75;411;156;;;;
007036;Issime;372;187;185;41;242;89;;;;
007037;Issogne;1283;646;637;127;793;363;;;;
007038;Jovençan;701;362;339;80;467;154;;;;
007039;La Magdeleine;107;60;47;6;70;31;;;;
007040;La Salle;2035;1030;1005;246;1313;476;;;;
007041;La Thuile;746;391;355;76;463;207;;;;
007042;Lillianes;410;194;216;51;265;94;;;;
007043;Montjovet;1762;893;869;167;1164;431;;;;
007044;Morgex;2066;1004;1062;250;1307;509;;;;
007045;Nus;2916;1453;1463;355;1879;682;;;;
007046;Ollomont;169;86;83;21;104;44;;;;
007047;Oyace;207;105;102;20;131;56;;;;
007048;Perloz;439;211;228;44;269;126;;;;
007049;Pollein;1446;735;711;175;921;350;;;;
007050;Pontboset;177;96;81;13;111;53;;;;
007051;Pontey;771;391;380;92;495;184;;;;
007052;Pont-Saint-Martin;3517;1705;1812;401;2149;967;;;;
007053;Pré-Saint-Didier;955;513;442;109;620;226;;;;
007054;Quart;4151;2064;2087;561;2640;950;;;;
007055;Rhêmes-Notre-Dame;74;40;34;1;50;23;;;;
007056;Rhêmes-Saint-Georges;165;89;76;12;107;46;;;;
007057;Roisan;984;498;486;120;633;231;;;;
007058;Saint-Christophe;3436;1732;1704;389;2164;883;;;;
007059;Saint-Denis;372;195;177;44;245;83;;;;
007060;Saint-Marcel;1283;626;657;131;845;307;;;;
007061;Saint-Nicolas;336;181;155;53;205;78;;;;
007062;Saint-Oyen;188;81;107;25;101;62;;;;
007063;Saint-Pierre;3242;1601;1641;406;2081;755;;;;
007064;Saint-Rhémy-en-Bosses;353;199;154;28;238;87;;;;
007065;Saint-Vincent;4432;2173;2259;442;2727;1263;;;;
007066;Sarre;4826;2359;2467;543;3096;1187;;;;
007067;Torgnon;577;317;260;66;361;150;;;;
007068;Valgrisenche;193;108;85;19;119;55;;;;
007069;Valpelline;577;306;271;54;377;146;;;;
007070;Valsavarenche;154;78;76;10;90;54;;;;
007071;Valtournenche;2225;1182;1043;239;1510;476;;;;
007072;Verrayes;1263;640;623;142;774;347;;;;
007073;Verrès;2535;1249;1286;276;1555;704;;;;
007074;Villeneuve;1272;688;584;146;850;276;;;;
008001;Airole;371;195;176;38;208;125;;;;
008002;Apricale;585;306;279;61;348;176;;;;
008003;Aquila d'Arroscia;144;78;66;8;83;53;;;;
008004;Armo;121;61;60;11;60;50;;;;
008005;Aurigo;336;172;164;33;191;112;;;;
008006;Badalucco;1065;525;540;117;614;334;;;;
008007;Bajardo;352;205;147;14;208;130;;;;
008008;Bordighera;10366;4850;5516;1035;6070;3261;;;;
008009;Borghetto d'Arroscia;389;210;179;28;232;129;;;;
008010;Borgomaro;823;431;392;80;496;247;;;;
008011;Camporosso;5788;2847;2941;764;3689;1335;;;;
008012;Caravonica;257;143;114;20;171;66;;;;
008014;Castellaro;1209;574;635;144;739;326;;;;
008015;Castel Vittorio;237;125;112;14;130;93;;;;
008016;Ceriana;1098;593;505;102;632;364;;;;
008017;Cervo;1079;520;559;92;605;382;;;;
008018;Cesio;247;132;115;20;158;69;;;;
008019;Chiusanico;594;321;273;60;367;167;;;;
008020;Chiusavecchia;533;275;258;60;360;113;;;;
008021;Cipressa;1192;589;603;130;697;365;;;;
008022;Civezza;630;310;320;72;389;169;;;;
008023;Cosio d'Arroscia;168;78;90;11;80;77;;;;
008024;Costarainera;767;377;390;76;461;230;;;;
008025;Diano Arentino;669;334;335;70;395;204;;;;
008026;Diano Castello;2270;1094;1176;246;1461;563;;;;
008027;Diano Marina;5475;2565;2910;528;3045;1902;;;;
008028;Diano San Pietro;1105;538;567;115;669;321;;;;
008029;Dolceacqua;2216;1110;1106;266;1391;559;;;;
008030;Dolcedo;1264;633;631;110;797;357;;;;
008031;Imperia;42594;20921;21673;4562;26295;11737;;;;
008032;Isolabona;689;346;343;82;433;174;;;;
008033;Lucinasco;294;154;140;39;193;62;;;;
008034;Mendatica;161;97;64;12;86;63;;;;
008035;Molini di Triora;583;305;278;48;323;212;;;;
008037;Montegrosso Pian Latte;109;50;59;6;51;52;;;;
008038;Olivetta San Michele;190;97;93;21;99;70;;;;
008039;Ospedaletti;3204;1548;1656;289;1871;1044;;;;
008040;Perinaldo;775;397;378;76;454;245;;;;
008041;Pietrabruna;403;211;192;41;224;138;;;;
008042;Pieve di Teco;1329;653;676;162;788;379;;;;
008043;Pigna;742;372;370;62;414;266;;;;
008044;Pompeiana;849;426;423;91;548;210;;;;
008045;Pontedassio;2383;1207;1176;280;1533;570;;;;
008046;Pornassio;682;396;286;90;405;187;;;;
008047;Prelà;497;267;230;35;301;161;;;;
008048;Ranzo;576;283;293;74;335;167;;;;
008049;Rezzo;311;156;155;29;180;102;;;;
008050;Riva Ligure;2711;1356;1355;271;1645;795;;;;
008051;Rocchetta Nervina;267;146;121;30;169;68;;;;
008052;San Bartolomeo al Mare;2967;1437;1530;283;1781;903;;;;
008053;San Biagio della Cima;1283;621;662;139;827;317;;;;
008054;San Lorenzo al Mare;1224;580;644;113;718;393;;;;
008055;Sanremo;53157;25633;27524;5187;31990;15980;;;;
008056;Santo Stefano al Mare;1984;999;985;171;1210;603;;;;
008057;Seborga;286;143;143;28;160;98;;;;
008058;Soldano;967;493;474;123;619;225;;;;
008059;Taggia;13958;6672;7286;1632;8501;3825;;;;
008060;Terzorio;214;109;105;14;135;65;;;;
008061;Triora;419;224;195;36;257;126;;;;
008062;Vallebona;1240;621;619;129;776;335;;;;
008063;Vallecrosia;6816;3290;3526;710;4120;1986;;;;
008064;Vasia;355;173;182;23;203;129;;;;
008065;Ventimiglia;23083;11305;11778;2573;14159;6351;;;;
008066;Vessalico;279;154;125;31;190;58;;;;
008067;Villa Faraldi;439;217;222;52;256;131;;;;
008068;Montalto Carpasio;478;251;227;39;253;186;;;;
009001;Alassio;9905;4639;5266;838;5878;3189;;;;
009002;Albenga;23670;11738;11932;2581;14533;6556;;;;
009003;Albissola Marina;5125;2469;2656;439;2901;1785;;;;
009004;Albisola Superiore;9471;4475;4996;843;5401;3227;;;;
009005;Altare;1922;981;941;186;1167;569;;;;
009006;Andora;7255;3526;3729;651;4381;2223;;;;
009007;Arnasco;529;271;258;44;313;172;;;;
009008;Balestrino;522;258;264;42;327;153;;;;
009009;Bardineto;764;379;385;70;438;256;;;;
009010;Bergeggi;1033;506;527;60;621;352;;;;
009011;Boissano;2584;1324;1260;256;1707;621;;;;
009012;Borghetto Santo Spirito;4549;2174;2375;424;2587;1538;;;;
009013;Borgio Verezzi;2081;1023;1058;164;1167;750;;;;
009014;Bormida;306;160;146;9;165;132;;;;
009015;Cairo Montenotte;12960;6517;6443;1328;7974;3658;;;;
009016;Calice Ligure;1674;816;858;134;1051;489;;;;
009017;Calizzano;1457;719;738;120;840;497;;;;
009018;Carcare;5209;2454;2755;486;3127;1596;;;;
009019;Casanova Lerrone;738;354;384;70;428;240;;;;
009020;Castelbianco;319;154;165;33;208;78;;;;
009021;Castelvecchio di Rocca Barbena;133;77;56;7;70;56;;;;
009022;Celle Ligure;4825;2320;2505;441;2776;1608;;;;
009023;Cengio;3505;1758;1747;413;2062;1030;;;;
009024;Ceriale;5401;2675;2726;563;3241;1597;;;;
009025;Cisano sul Neva;2132;1053;1079;247;1324;561;;;;
009026;Cosseria;1029;518;511;105;628;296;;;;
009027;Dego;1826;905;921;174;1064;588;;;;
009028;Erli;245;126;119;20;142;83;;;;
009029;Finale Ligure;10903;5293;5610;956;6424;3523;;;;
009030;Garlenda;1397;695;702;144;901;352;;;;
009031;Giustenice;992;484;508;96;587;309;;;;
009032;Giusvalla;389;196;193;21;224;144;;;;
009033;Laigueglia;1681;787;894;163;983;535;;;;
009034;Loano;10710;5070;5640;998;6266;3446;;;;
009035;Magliolo;992;496;496;99;628;265;;;;
009036;Mallare;1017;501;516;93;580;344;;;;
009037;Massimino;102;51;51;9;55;38;;;;
009038;Millesimo;3334;1625;1709;413;2004;917;;;;
009039;Mioglia;502;245;257;46;271;185;;;;
009040;Murialdo;715;368;347;64;436;215;;;;
009041;Nasino;145;77;68;13;75;57;;;;
009042;Noli;2373;1152;1221;181;1376;816;;;;
009043;Onzo;209;101;108;18;116;75;;;;
009044;Orco Feglino;901;460;441;74;566;261;;;;
009045;Ortovero;1689;827;862;242;1104;343;;;;
009046;Osiglia;401;201;200;32;210;159;;;;
009047;Pallare;867;426;441;80;545;242;;;;
009048;Piana Crixia;749;378;371;54;439;256;;;;
009049;Pietra Ligure;8224;3920;4304;730;4803;2691;;;;
009050;Plodio;616;307;309;58;376;182;;;;
009051;Pontinvrea;807;411;396;57;465;285;;;;
009052;Quiliano;6818;3338;3480;635;4108;2075;;;;
009053;Rialto;526;267;259;53;315;158;;;;
009054;Roccavignale;755;392;363;67;462;226;;;;
009055;Sassello;1700;862;838;120;1000;580;;;;
009056;Savona;58421;27815;30606;5853;35288;17280;;;;
009057;Spotorno;3314;1589;1725;259;1917;1138;;;;
009058;Stella;2945;1500;1445;267;1839;839;;;;
009059;Stellanello;806;416;390;65;498;243;;;;
009060;Testico;173;86;87;6;104;63;;;;
009061;Toirano;2724;1329;1395;316;1772;636;;;;
009062;Tovo San Giacomo;2507;1233;1274;259;1559;689;;;;
009063;Urbe;651;345;306;32;374;245;;;;
009064;Vado Ligure;7967;3867;4100;748;4824;2395;;;;
009065;Varazze;12409;6041;6368;1140;7277;3992;;;;
009066;Vendone;343;170;173;20;208;115;;;;
009067;Vezzi Portio;795;390;405;61;509;225;;;;
009068;Villanova d'Albenga;2888;1435;1453;348;1883;657;;;;
009069;Zuccarello;284;133;151;32;182;70;;;;
010001;Arenzano;11134;5316;5818;1093;6372;3669;;;;
010002;Avegno;2533;1265;1268;274;1568;691;;;;
010003;Bargagli;2478;1256;1222;247;1580;651;;;;
010004;Bogliasco;4249;2049;2200;454;2412;1383;;;;
010005;Borzonasca;1831;934;897;157;1063;611;;;;
010006;Busalla;5110;2502;2608;463;3051;1596;;;;
010007;Camogli;4798;2374;2424;389;2732;1677;;;;
010008;Campo Ligure;2821;1416;1405;304;1609;908;;;;
010009;Campomorone;6432;3147;3285;567;3886;1979;;;;
010010;Carasco;3707;1824;1883;394;2424;889;;;;
010011;Casarza Ligure;6729;3314;3415;741;4242;1746;;;;
010012;Casella;3049;1562;1487;311;1858;880;;;;
010013;Castiglione Chiavarese;1531;745;786;138;888;505;;;;
010014;Ceranesi;3584;1826;1758;335;2220;1029;;;;
010015;Chiavari;27435;12753;14682;2858;16184;8393;;;;
010016;Cicagna;2339;1193;1146;268;1439;632;;;;
010017;Cogoleto;8249;3959;4290;755;4791;2703;;;;
010018;Cogorno;5692;2810;2882;661;3425;1606;;;;
010019;Coreglia Ligure;241;130;111;20;158;63;;;;
010020;Crocefieschi;546;301;245;40;323;183;;;;
010021;Davagna;1772;955;817;148;1053;571;;;;
010022;Fascia;65;35;30;1;32;32;;;;
010023;Favale di Malvaro;421;209;212;45;250;126;;;;
010024;Fontanigorda;226;126;100;17;111;98;;;;
010025;Genova;566247;272950;293297;58389;344318;163540;;;;
010026;Gorreto;84;42;42;4;34;46;;;;
010027;Isola del Cantone;1425;719;706;124;871;430;;;;
010028;Lavagna;12411;5801;6610;1248;7294;3869;;;;
010029;Leivi;2447;1210;1237;239;1504;704;;;;
010030;Lorsica;377;187;190;16;215;146;;;;
010031;Lumarzo;1437;718;719;123;882;432;;;;
010032;Masone;3314;1637;1677;298;1985;1031;;;;
010033;Mele;2511;1271;1240;286;1531;694;;;;
010034;Mezzanego;1563;803;760;189;970;404;;;;
010035;Mignanego;3542;1759;1783;345;2211;986;;;;
010036;Moconesi;2423;1267;1156;251;1479;693;;;;
010037;Moneglia;2490;1217;1273;217;1418;855;;;;
010038;Montebruno;199;99;100;16;105;78;;;;
010039;Montoggio;2020;1034;986;156;1264;600;;;;
010040;Ne;2126;1106;1020;244;1253;629;;;;
010041;Neirone;890;473;417;49;524;317;;;;
010042;Orero;504;255;249;48;290;166;;;;
010043;Pieve Ligure;2352;1161;1191;219;1359;774;;;;
010044;Portofino;359;172;187;27;206;126;;;;
010045;Propata;119;73;46;4;73;42;;;;
010046;Rapallo;29595;14199;15396;3060;17905;8630;;;;
010047;Recco;9273;4367;4906;861;5265;3147;;;;
010048;Rezzoaglio;859;432;427;52;452;355;;;;
010049;Ronco Scrivia;4213;2126;2087;461;2543;1209;;;;
010050;Rondanina;57;34;23;5;35;17;;;;
010051;Rossiglione;2523;1217;1306;228;1478;817;;;;
010052;Rovegno;469;262;207;36;268;165;;;;
010053;San Colombano Certenoli;2697;1359;1338;315;1669;713;;;;
010054;Santa Margherita Ligure;8259;3892;4367;723;4679;2857;;;;
010055;Sant'Olcese;5563;2759;2804;552;3335;1676;;;;
010056;Santo Stefano d'Aveto;964;500;464;59;546;359;;;;
010057;Savignone;3000;1484;1516;294;1837;869;;;;
010058;Serra Riccò;7573;3757;3816;832;4560;2181;;;;
010059;Sestri Levante;17088;8156;8932;1666;9975;5447;;;;
010060;Sori;3893;1905;1988;368;2277;1248;;;;
010061;Tiglieto;476;251;225;23;271;182;;;;
010062;Torriglia;2236;1098;1138;161;1330;745;;;;
010063;Tribogna;599;307;292;58;378;163;;;;
010064;Uscio;2118;1029;1089;216;1265;637;;;;
010065;Valbrevenna;754;417;337;48;455;251;;;;
010066;Vobbia;365;192;173;13;229;123;;;;
010067;Zoagli;2305;1142;1163;180;1326;799;;;;
011001;Ameglia;4270;2100;2170;355;2594;1321;;;;
011002;Arcola;10229;5021;5208;1059;6318;2852;;;;
011003;Beverino;2284;1141;1143;230;1375;679;;;;
011004;Bolano;7456;3685;3771;794;4577;2085;;;;
011005;Bonassola;761;364;397;48;414;299;;;;
011006;Borghetto di Vara;928;460;468;75;548;305;;;;
011007;Brugnato;1291;628;663;138;774;379;;;;
011008;Calice al Cornoviglio;1023;523;500;71;644;308;;;;
011009;Carro;489;229;260;34;261;194;;;;
011010;Carrodano;459;227;232;28;250;181;;;;
011011;Castelnuovo Magra;8236;4011;4225;821;5035;2380;;;;
011012;Deiva Marina;1276;608;668;117;710;449;;;;
011013;Follo;6239;3120;3119;657;4098;1484;;;;
011014;Framura;567;285;282;34;313;220;;;;
011015;La Spezia;92610;45351;47259;10409;57433;24768;;;;
011016;Lerici;9143;4379;4764;712;5106;3325;;;;
011017;Levanto;5018;2389;2629;490;2892;1636;;;;
011018;Maissana;567;309;258;38;314;215;;;;
011019;Monterosso al Mare;1289;598;691;131;747;411;;;;
011020;Luni;8099;4012;4087;787;4987;2325;;;;
011021;Pignone;529;265;264;42;315;172;;;;
011022;Portovenere;3155;1580;1575;224;1772;1159;;;;
011023;Riccò del Golfo di Spezia;3643;1803;1840;393;2306;944;;;;
011024;Riomaggiore;1260;630;630;92;667;501;;;;
011025;Rocchetta di Vara;661;348;313;56;383;222;;;;
011026;Santo Stefano di Magra;10004;5067;4937;1228;6372;2404;;;;
011027;Sarzana;21726;10532;11194;2158;13567;6001;;;;
011028;Sesta Godano;1263;656;607;85;711;467;;;;
011029;Varese Ligure;1717;869;848;139;946;632;;;;
011030;Vernazza;675;332;343;38;344;293;;;;
011031;Vezzano Ligure;7214;3538;3676;685;4488;2041;;;;
011032;Zignago;458;232;226;39;252;167;;;;
012001;Agra;380;189;191;57;220;103;;;;
012002;Albizzate;5200;2556;2644;652;3176;1372;;;;
012003;Angera;5326;2541;2785;500;3174;1652;;;;
012004;Arcisate;9859;4844;5015;1220;6157;2482;;;;
012005;Arsago Seprio;4727;2326;2401;518;3003;1206;;;;
012006;Azzate;4652;2262;2390;527;2991;1134;;;;
012007;Azzio;758;377;381;76;481;201;;;;
012008;Barasso;1681;812;869;184;1004;493;;;;
012010;Bedero Valcuvia;664;344;320;75;420;169;;;;
012011;Besano;2513;1228;1285;297;1601;615;;;;
012012;Besnate;5438;2677;2761;626;3425;1387;;;;
012013;Besozzo;8717;4180;4537;955;5455;2307;;;;
012014;Biandronno;3190;1557;1633;323;1998;869;;;;
012015;Bisuschio;4253;2062;2191;535;2591;1127;;;;
012016;Bodio Lomnago;2255;1088;1167;277;1368;610;;;;
012017;Brebbia;3137;1541;1596;336;1920;881;;;;
012019;Brenta;1682;832;850;205;1038;439;;;;
012020;Brezzo di Bedero;1214;627;587;156;781;277;;;;
012021;Brinzio;765;403;362;76;459;230;;;;
012022;Brissago-Valtravaglia;1316;647;669;183;831;302;;;;
012023;Brunello;918;444;474;93;598;227;;;;
012024;Brusimpiano;1174;589;585;151;759;264;;;;
012025;Buguggiate;3115;1521;1594;331;1875;909;;;;
012026;Busto Arsizio;84595;40942;43653;10063;53159;21373;;;;
012027;Cadegliano-Viconago;2120;1015;1105;299;1344;477;;;;
012029;Cairate;7886;3906;3980;953;4999;1934;;;;
012030;Cantello;4866;2367;2499;546;3145;1175;;;;
012031;Caravate;2532;1246;1286;283;1591;658;;;;
012032;Cardano al Campo;14771;7268;7503;1746;9666;3359;;;;
012033;Carnago;6610;3290;3320;784;4236;1590;;;;
012034;Caronno Pertusella;18556;9126;9430;2606;12156;3794;;;;
012035;Caronno Varesino;4800;2396;2404;521;3037;1242;;;;
012036;Casale Litta;2775;1390;1385;330;1783;662;;;;
012037;Casalzuigno;1409;704;705;168;887;354;;;;
012038;Casciago;3549;1715;1834;351;2110;1088;;;;
012039;Casorate Sempione;5631;2730;2901;596;3631;1404;;;;
012040;Cassano Magnago;21431;10588;10843;2623;13397;5411;;;;
012041;Cassano Valcuvia;647;327;320;94;398;155;;;;
012042;Castellanza;13890;6728;7162;1499;8362;4029;;;;
012043;Castello Cabiaglio;550;282;268;68;339;143;;;;
012044;Castelseprio;1330;654;676;150;828;352;;;;
012045;Castelveccana;1855;920;935;182;1122;551;;;;
012046;Castiglione Olona;7454;3715;3739;864;4618;1972;;;;
012047;Castronno;5035;2553;2482;541;3164;1330;;;;
012048;Cavaria con Premezzo;5769;2903;2866;748;3698;1323;;;;
012049;Cazzago Brabbia;779;384;395;90;489;200;;;;
012050;Cislago;10572;5289;5283;1394;6677;2501;;;;
012051;Cittiglio;3805;1875;1930;434;2336;1035;;;;
012052;Clivio;1982;967;1015;212;1270;500;;;;
012053;Cocquio-Trevisago;4651;2256;2395;533;2870;1248;;;;
012054;Comabbio;1177;588;589;106;786;285;;;;
012055;Comerio;2784;1323;1461;319;1757;708;;;;
012056;Cremenaga;782;372;410;99;499;184;;;;
012057;Crosio della Valle;624;326;298;66;397;161;;;;
012058;Cuasso al Monte;3545;1752;1793;432;2306;807;;;;
012059;Cugliate-Fabiasco;3119;1560;1559;400;2037;682;;;;
012060;Cunardo;2880;1430;1450;356;1905;619;;;;
012061;Curiglia con Monteviasco;141;82;59;8;85;48;;;;
012062;Cuveglio;3378;1639;1739;408;2158;812;;;;
012063;Cuvio;1754;858;896;181;1144;429;;;;
012064;Daverio;3030;1495;1535;340;1915;775;;;;
012065;Dumenza;1461;725;736;183;907;371;;;;
012066;Duno;163;95;68;17;113;33;;;;
012067;Fagnano Olona;12411;6135;6276;1606;7917;2888;;;;
012068;Ferno;6715;3350;3365;813;4272;1630;;;;
012069;Ferrera di Varese;694;347;347;100;461;133;;;;
012070;Gallarate;53023;26060;26963;6700;33540;12783;;;;
012071;Galliate Lombardo;1035;507;528;112;673;250;;;;
012072;Gavirate;9145;4420;4725;989;5550;2606;;;;
012073;Gazzada Schianno;4635;2266;2369;552;2841;1242;;;;
012074;Gemonio;2871;1404;1467;329;1868;674;;;;
012075;Gerenzano;11065;5449;5616;1460;7173;2432;;;;
012076;Germignaga;3781;1863;1918;449;2378;954;;;;
012077;Golasecca;2630;1331;1299;284;1636;710;;;;
012078;Gorla Maggiore;4781;2359;2422;495;2953;1333;;;;
012079;Gorla Minore;8236;4106;4130;905;5315;2016;;;;
012080;Gornate Olona;2212;1129;1083;251;1452;509;;;;
012081;Grantola;1225;602;623;151;810;264;;;;
012082;Inarzo;1073;529;544;129;716;228;;;;
012083;Induno Olona;10446;5119;5327;1209;6497;2740;;;;
012084;Ispra;5358;2568;2790;650;3359;1349;;;;
012085;Jerago con Orago;5177;2583;2594;597;3293;1287;;;;
012086;Lavena Ponte Tresa;5649;2712;2937;698;3581;1370;;;;
012087;Laveno-Mombello;8370;3940;4430;694;4911;2765;;;;
012088;Leggiuno;3621;1728;1893;388;2313;920;;;;
012089;Lonate Ceppino;5177;2537;2640;648;3428;1101;;;;
012090;Lonate Pozzolo;11338;5618;5720;1348;7218;2772;;;;
012091;Lozza;1211;598;613;169;784;258;;;;
012092;Luino;14003;6703;7300;1596;8570;3837;;;;
012093;Luvinate;1349;675;674;147;811;391;;;;
012096;Malnate;16650;8142;8508;2061;10508;4081;;;;
012097;Marchirolo;3571;1759;1812;502;2314;755;;;;
012098;Marnate;8136;4042;4094;1094;5232;1810;;;;
012099;Marzio;311;166;145;37;183;91;;;;
012100;Masciago Primo;275;134;141;30;172;73;;;;
012101;Mercallo;1782;886;896;186;1098;498;;;;
012102;Mesenzana;1825;902;923;291;1237;297;;;;
012103;Montegrino Valtravaglia;1522;744;778;198;1007;317;;;;
012104;Monvalle;1889;942;947;215;1209;465;;;;
012105;Morazzone;4320;2151;2169;466;2740;1114;;;;
012106;Mornago;4847;2404;2443;501;3166;1180;;;;
012107;Oggiona con Santo Stefano;4365;2186;2179;518;2724;1123;;;;
012108;Olgiate Olona;12953;6327;6626;1668;8172;3113;;;;
012109;Origgio;8068;4043;4025;1034;5182;1852;;;;
012110;Orino;848;437;411;97;545;206;;;;
012113;Porto Ceresio;2785;1382;1403;271;1697;817;;;;
012114;Porto Valtravaglia;2297;1075;1222;238;1423;636;;;;
012115;Rancio Valcuvia;911;460;451;97;569;245;;;;
012116;Ranco;1208;610;598;106;783;319;;;;
012117;Saltrio;3001;1454;1547;362;1848;791;;;;
012118;Samarate;16232;8078;8154;1847;10130;4255;;;;
012119;Saronno;38812;18591;20221;4454;23981;10377;;;;
012120;Sesto Calende;10998;5280;5718;1276;6769;2953;;;;
012121;Solbiate Arno;4047;1980;2067;478;2541;1028;;;;
012122;Solbiate Olona;5377;2664;2713;590;3404;1383;;;;
012123;Somma Lombardo;17931;8892;9039;2199;11416;4316;;;;
012124;Sumirago;5978;2942;3036;678;3745;1555;;;;
012125;Taino;3554;1771;1783;381;2249;924;;;;
012126;Ternate;2556;1260;1296;255;1656;645;;;;
012127;Tradate;19101;9505;9596;2272;12150;4679;;;;
012128;Travedona-Monate;3868;1867;2001;456;2448;964;;;;
012129;Tronzano Lago Maggiore;221;107;114;21;135;65;;;;
012130;Uboldo;11139;5671;5468;1385;7207;2547;;;;
012131;Valganna;1591;801;790;175;1034;382;;;;
012132;Varano Borghi;2492;1219;1273;289;1533;670;;;;
012133;Varese;79100;37905;41195;8813;48498;21789;;;;
012134;Vedano Olona;7452;3593;3859;896;4629;1927;;;;
012136;Venegono Inferiore;5922;2903;3019;677;3666;1579;;;;
012137;Venegono Superiore;7522;3802;3720;930;4781;1811;;;;
012138;Vergiate;8646;4279;4367;943;5319;2384;;;;
012139;Viggiù;5150;2463;2687;589;3318;1243;;;;
012140;Vizzola Ticino;594;313;281;64;402;128;;;;
012141;Sangiano;1437;735;702;170;915;352;;;;
012142;Maccagno con Pino e Veddasca;2293;1131;1162;219;1368;706;;;;
012143;Cadrezzate con Osmate;2742;1358;1384;371;1760;611;;;;
012144;Bardello con Malgesso e Bregano;3629;1788;1841;392;2320;917;;;;
013003;Albavilla;6348;3112;3236;701;3933;1714;;;;
013004;Albese con Cassano;4277;2081;2196;463;2602;1212;;;;
013005;Albiolo;2800;1430;1370;336;1847;617;;;;
013006;Alserio;1417;714;703;192;947;278;;;;
013007;Alzate Brianza;4834;2395;2439;496;3093;1245;;;;
013009;Anzano del Parco;1675;821;854;179;1061;435;;;;
013010;Appiano Gentile;7749;3769;3980;826;4856;2067;;;;
013011;Argegno;676;337;339;63;437;176;;;;
013012;Arosio;5227;2592;2635;670;3306;1251;;;;
013013;Asso;3555;1776;1779;418;2235;902;;;;
013015;Barni;611;304;307;72;376;163;;;;
013021;Bene Lario;349;175;174;35;232;82;;;;
013022;Beregazzo con Figliaro;2825;1385;1440;396;1740;689;;;;
013023;Binago;4814;2393;2421;565;3177;1072;;;;
013024;Bizzarone;1789;906;883;208;1187;394;;;;
013025;Blessagno;313;160;153;41;196;76;;;;
013026;Blevio;1002;474;528;81;648;273;;;;
013028;Bregnano;6402;3240;3162;776;4222;1404;;;;
013029;Brenna;2194;1115;1079;275;1356;563;;;;
013030;Brienno;311;152;159;14;204;93;;;;
013032;Brunate;1572;778;794;142;986;444;;;;
013034;Bulgarograsso;3957;2000;1957;488;2659;810;;;;
013035;Cabiate;7404;3668;3736;837;4730;1837;;;;
013036;Cadorago;8051;4037;4014;977;5289;1785;;;;
013037;Caglio;476;247;229;39;287;150;;;;
013040;Campione d'Italia;1848;925;923;174;1201;473;;;;
013041;Cantù;40451;19917;20534;4889;25746;9816;;;;
013042;Canzo;5223;2555;2668;566;3194;1463;;;;
013043;Capiago Intimiano;5433;2658;2775;608;3461;1364;;;;
013044;Carate Urio;1090;534;556;96;671;323;;;;
013045;Carbonate;2977;1485;1492;339;1882;756;;;;
013046;Carimate;4374;2173;2201;510;2802;1062;;;;
013047;Carlazzo;3146;1512;1634;409;2031;706;;;;
013048;Carugo;6658;3328;3330;816;4382;1460;;;;
013052;Caslino d'Erba;1670;823;847;200;1044;426;;;;
013053;Casnate con Bernate;5033;2460;2573;597;3180;1256;;;;
013055;Cassina Rizzardi;3263;1616;1647;400;2114;749;;;;
013058;Castelmarte;1267;669;598;145;812;310;;;;
013059;Castelnuovo Bozzente;916;457;459;120;578;218;;;;
013062;Cavargna;171;92;79;21;100;50;;;;
013063;Cerano d'Intelvi;593;275;318;61;382;150;;;;
013064;Cermenate;9457;4676;4781;1137;6052;2268;;;;
013065;Cernobbio;6152;2940;3212;546;3784;1822;;;;
013068;Cirimido;2198;1118;1080;259;1410;529;;;;
013071;Claino con Osteno;543;286;257;61;330;152;;;;
013074;Colonno;432;217;215;26;268;138;;;;
013075;Como;83035;40433;42602;9045;52287;21703;;;;
013077;Corrido;845;426;419;109;574;162;;;;
013083;Cremia;674;333;341;74;391;209;;;;
013084;Cucciago;3365;1686;1679;364;2089;912;;;;
013085;Cusino;250;131;119;22;161;67;;;;
013087;Dizzasco;642;308;334;60;408;174;;;;
013089;Domaso;1392;685;707;136;830;426;;;;
013090;Dongo;3158;1555;1603;337;1913;908;;;;
013092;Dosso del Liro;235;114;121;25;145;65;;;;
013095;Erba;16266;7931;8335;1796;9929;4541;;;;
013097;Eupilio;2526;1274;1252;261;1559;706;;;;
013098;Faggeto Lario;1063;542;521;97;656;310;;;;
013099;Faloppio;4882;2395;2487;672;3195;1015;;;;
013100;Fenegrò;3326;1703;1623;406;2221;699;;;;
013101;Figino Serenza;4972;2453;2519;583;3130;1259;;;;
013102;Fino Mornasco;10139;5111;5028;1284;6650;2205;;;;
013106;Garzeno;656;323;333;45;357;254;;;;
013107;Gera Lario;1065;549;516;138;658;269;;;;
013110;Grandate;2803;1342;1461;310;1715;778;;;;
013111;Grandola ed Uniti;1289;650;639;132;835;322;;;;
013113;Griante;553;273;280;41;345;167;;;;
013114;Guanzate;5810;2885;2925;728;3778;1304;;;;
013118;Inverigo;9149;4550;4599;1065;5834;2250;;;;
013119;Laglio;813;375;438;80;521;212;;;;
013120;Laino;566;288;278;66;360;140;;;;
013121;Lambrugo;2544;1270;1274;326;1593;625;;;;
013123;Lasnigo;444;220;224;51;277;116;;;;
013126;Lezzeno;1856;900;956;185;1093;578;;;;
013128;Limido Comasco;3925;1965;1960;564;2672;689;;;;
013129;Lipomo;5869;2855;3014;648;3594;1627;;;;
013130;Livo;158;90;68;13;95;50;;;;
013131;Locate Varesino;4303;2158;2145;539;2728;1036;;;;
013133;Lomazzo;10046;4915;5131;1337;6458;2251;;;;
013134;Longone al Segrino;1984;960;1024;257;1281;446;;;;
013135;Luisago;2834;1407;1427;366;1838;630;;;;
013136;Lurago d'Erba;5587;2753;2834;723;3543;1321;;;;
013137;Lurago Marinone;2598;1304;1294;323;1695;580;;;;
013138;Lurate Caccivio;9692;4763;4929;1104;6164;2424;;;;
013139;Magreglio;673;344;329;84;418;171;;;;
013143;Mariano Comense;25531;12668;12863;3143;16567;5821;;;;
013144;Maslianico;3162;1573;1589;314;2007;841;;;;
013145;Menaggio;2946;1456;1490;295;1777;874;;;;
013147;Merone;4003;2004;1999;448;2667;888;;;;
013152;Moltrasio;1485;698;787;137;870;478;;;;
013153;Monguzzo;2381;1192;1189;312;1565;504;;;;
013154;Montano Lucino;5479;2712;2767;740;3481;1258;;;;
013155;Montemezzo;203;106;97;17;129;57;;;;
013157;Montorfano;2494;1195;1299;249;1534;711;;;;
013159;Mozzate;8684;4291;4393;1081;5613;1990;;;;
013160;Musso;935;479;456;111;544;280;;;;
013161;Nesso;1074;540;534;92;629;353;;;;
013163;Novedrate;2871;1453;1418;353;1767;751;;;;
013165;Olgiate Comasco;12184;6038;6146;1581;7645;2958;;;;
013169;Oltrona di San Mamette;2356;1152;1204;274;1529;553;;;;
013170;Orsenigo;2638;1317;1321;273;1707;658;;;;
013178;Peglio;193;92;101;25;129;39;;;;
013183;Pianello del Lario;1074;532;542;116;617;341;;;;
013184;Pigra;229;120;109;12;135;82;;;;
013185;Plesio;807;418;389;85;497;225;;;;
013186;Pognana Lario;657;329;328;53;412;192;;;;
013187;Ponna;223;114;109;16;125;82;;;;
013188;Ponte Lambro;4266;2111;2155;523;2677;1066;;;;
013189;Porlezza;4901;2398;2503;620;3157;1124;;;;
013192;Proserpio;951;469;482;133;570;248;;;;
013193;Pusiano;1301;633;668;131;849;321;;;;
013195;Rezzago;311;174;137;35;180;96;;;;
013197;Rodero;1282;655;627;177;831;274;;;;
013201;Rovellasca;8028;3955;4073;972;5124;1932;;;;
013202;Rovello Porro;6387;3151;3236;850;4079;1458;;;;
013203;Sala Comacina;456;219;237;39;251;166;;;;
013204;San Bartolomeo Val Cavargna;926;446;480;79;591;256;;;;
013206;San Fermo della Battaglia;7770;3750;4020;874;4921;1975;;;;
013207;San Nazzaro Val Cavargna;256;136;120;20;140;96;;;;
013211;Schignano;868;457;411;90;521;257;;;;
013212;Senna Comasco;3174;1570;1604;361;2116;697;;;;
013216;Sorico;1243;634;609;150;768;325;;;;
013217;Sormano;692;395;297;53;436;203;;;;
013218;Stazzona;593;304;289;65;360;168;;;;
013222;Tavernerio;5586;2746;2840;586;3486;1514;;;;
013223;Torno;1030;503;527;85;629;316;;;;
013226;Trezzone;231;119;112;34;130;67;;;;
013227;Turate;9911;4982;4929;1302;6383;2226;;;;
013229;Valbrona;2622;1312;1310;280;1724;618;;;;
013232;Valmorea;2595;1278;1317;281;1665;649;;;;
013233;Val Rezzo;172;85;87;31;99;42;;;;
013234;Valsolda;1434;710;724;142;864;428;;;;
013236;Veleso;195;100;95;11;119;65;;;;
013238;Veniano;3157;1544;1613;402;2060;695;;;;
013239;Vercana;732;373;359;77;462;193;;;;
013242;Vertemate con Minoprio;4189;2073;2116;493;2708;988;;;;
013245;Villa Guardia;7867;3851;4016;903;5003;1961;;;;
013246;Zelbio;182;105;77;15;125;42;;;;
013248;San Siro;1672;833;839;161;1037;474;;;;
013249;Gravedona ed Uniti;4032;1969;2063;412;2437;1183;;;;
013250;Bellagio;3509;1698;1811;328;2135;1046;;;;
013251;Colverde;5553;2729;2824;657;3616;1280;;;;
013252;Tremezzina;4942;2430;2512;522;2996;1424;;;;
013253;Alta Valle Intelvi;3186;1614;1572;350;2031;805;;;;
013254;Centro Valle Intelvi;3778;1878;1900;435;2495;848;;;;
013255;Solbiate con Cagno;4638;2276;2362;564;2959;1115;;;;
013256;Uggiate con Ronago;6825;3375;3450;848;4415;1562;;;;
014001;Albaredo per San Marco;278;145;133;16;164;98;;;;
014002;Albosaggia;3006;1486;1520;298;1771;937;;;;
014003;Andalo Valtellino;601;322;279;84;354;163;;;;
014004;Aprica;1433;698;735;148;905;380;;;;
014005;Ardenno;3228;1638;1590;356;1969;903;;;;
014006;Bema;117;59;58;10;59;48;;;;
014007;Berbenno di Valtellina;4066;2064;2002;434;2526;1106;;;;
014008;Bianzone;1263;637;626;165;736;362;;;;
014009;Bormio;3908;1924;1984;441;2358;1109;;;;
014010;Buglio in Monte;2057;1025;1032;238;1264;555;;;;
014011;Caiolo;1034;540;494;110;654;270;;;;
014012;Campodolcino;914;458;456;108;575;231;;;;
014013;Caspoggio;1316;664;652;128;799;389;;;;
014014;Castello dell'Acqua;607;304;303;49;379;179;;;;
014015;Castione Andevenno;1572;792;780;164;979;429;;;;
014016;Cedrasco;423;200;223;31;260;132;;;;
014017;Cercino;806;411;395;98;508;200;;;;
014018;Chiavenna;7294;3470;3824;842;4455;1997;;;;
014019;Chiesa in Valmalenco;2219;1109;1110;195;1311;713;;;;
014020;Chiuro;2434;1191;1243;260;1495;679;;;;
014021;Cino;338;171;167;36;206;96;;;;
014022;Civo;1139;588;551;114;728;297;;;;
014023;Colorina;1357;717;640;127;910;320;;;;
014024;Cosio Valtellino;5586;2832;2754;661;3508;1417;;;;
014025;Dazio;521;255;266;69;315;137;;;;
014026;Delebio;3353;1697;1656;471;2085;797;;;;
014027;Dubino;3847;1944;1903;490;2455;902;;;;
014028;Faedo Valtellino;508;263;245;50;302;156;;;;
014029;Forcola;753;387;366;88;470;195;;;;
014030;Fusine;545;275;270;53;335;157;;;;
014031;Gerola Alta;158;91;67;11;91;56;;;;
014032;Gordona;1956;980;976;292;1217;447;;;;
014033;Grosio;4230;2030;2200;473;2527;1230;;;;
014034;Grosotto;1641;810;831;179;1029;433;;;;
014035;Madesimo;505;269;236;41;311;153;;;;
014036;Lanzada;1227;639;588;114;733;380;;;;
014037;Livigno;6663;3451;3212;1102;4766;795;;;;
014038;Lovero;608;309;299;69;377;162;;;;
014039;Mantello;747;365;382;83;482;182;;;;
014040;Mazzo di Valtellina;1009;496;513;135;633;241;;;;
014041;Mello;950;482;468;111;609;230;;;;
014043;Mese;1889;926;963;270;1200;419;;;;
014044;Montagna in Valtellina;2945;1394;1551;309;1714;922;;;;
014045;Morbegno;12421;6044;6377;1427;7682;3312;;;;
014046;Novate Mezzola;1923;942;981;242;1193;488;;;;
014047;Pedesina;40;21;19;5;19;16;;;;
014048;Piantedo;1425;719;706;208;904;313;;;;
014049;Piateda;2059;1014;1045;207;1205;647;;;;
014050;Piuro;1917;947;970;238;1215;464;;;;
014051;Poggiridenti;1825;898;927;222;1092;511;;;;
014052;Ponte in Valtellina;2217;1111;1106;230;1354;633;;;;
014053;Postalesio;647;328;319;68;428;151;;;;
014054;Prata Camportaccio;2942;1484;1458;367;1892;683;;;;
014055;Rasura;277;146;131;16;163;98;;;;
014056;Rogolo;575;283;292;80;379;116;;;;
014057;Samolaco;2871;1415;1456;366;1854;651;;;;
014058;San Giacomo Filippo;371;193;178;42;208;121;;;;
014059;Sernio;500;253;247;67;306;127;;;;
014060;Sondalo;3859;1922;1937;386;2409;1064;;;;
014061;Sondrio;21495;10222;11273;2361;12936;6198;;;;
014062;Spriana;85;41;44;9;50;26;;;;
014063;Talamona;4582;2291;2291;522;2950;1110;;;;
014064;Tartano;198;109;89;15;106;77;;;;
014065;Teglio;4683;2331;2352;483;2876;1324;;;;
014066;Tirano;8849;4267;4582;1004;5428;2417;;;;
014067;Torre di Santa Maria;712;360;352;62;415;235;;;;
014068;Tovo di Sant'Agata;611;313;298;76;391;144;;;;
014069;Traona;2903;1512;1391;427;1911;565;;;;
014070;Tresivio;2038;1020;1018;221;1260;557;;;;
014071;Valdidentro;4107;2095;2012;597;2570;940;;;;
014072;Valdisotto;3529;1774;1755;428;2323;778;;;;
014073;Valfurva;2431;1215;1216;256;1479;696;;;;
014074;Val Masino;825;429;396;59;513;253;;;;
014075;Verceia;1091;536;555;123;699;269;;;;
014076;Vervio;204;111;93;26;127;51;;;;
014077;Villa di Chiavenna;992;516;476;128;623;241;;;;
014078;Villa di Tirano;3013;1508;1505;387;1859;767;;;;
015002;Abbiategrasso;32793;16074;16719;4010;20965;7818;;;;
015005;Albairate;4719;2334;2385;509;3058;1152;;;;
015007;Arconate;6871;3341;3530;858;4482;1531;;;;
015009;Arese;19545;9407;10138;2254;11676;5615;;;;
015010;Arluno;12615;6216;6399;1646;8128;2841;;;;
015011;Assago;9348;4569;4779;1330;5950;2068;;;;
015012;Bareggio;17271;8450;8821;1967;10982;4322;;;;
015014;Basiano;3645;1841;1804;423;2373;849;;;;
015015;Basiglio;8027;3859;4168;983;5089;1955;;;;
015016;Bellinzago Lombardo;3728;1849;1879;421;2334;973;;;;
015019;Bernate Ticino;2919;1439;1480;329;1797;793;;;;
015022;Besate;2050;1014;1036;235;1315;500;;;;
015024;Binasco;7068;3329;3739;723;4400;1945;;;;
015026;Boffalora sopra Ticino;4104;2025;2079;453;2509;1142;;;;
015027;Bollate;36754;17808;18946;4133;23119;9502;;;;
015032;Bresso;26672;13201;13471;2943;16597;7132;;;;
015035;Bubbiano;2446;1238;1208;317;1672;457;;;;
015036;Buccinasco;26345;12692;13653;3080;16560;6705;;;;
015038;Buscate;4696;2349;2347;549;2951;1196;;;;
015040;Bussero;8386;4017;4369;849;5123;2414;;;;
015041;Busto Garolfo;14131;7056;7075;1618;9012;3501;;;;
015042;Calvignasco;1201;609;592;141;782;278;;;;
015044;Cambiago;7331;3689;3642;974;4877;1480;;;;
015046;Canegrate;12889;6298;6591;1448;8313;3128;;;;
015050;Carpiano;4119;2128;1991;617;2746;756;;;;
015051;Carugate;15763;7792;7971;1898;10403;3462;;;;
015055;Casarile;3929;1940;1989;457;2657;815;;;;
015058;Casorezzo;5721;2805;2916;658;3731;1332;;;;
015059;Cassano d'Adda;19980;9811;10169;2402;12810;4768;;;;
015060;Cassina de' Pecchi;13955;6751;7204;1789;8608;3558;;;;
015061;Cassinetta di Lugagnano;1967;951;1016;227;1297;443;;;;
015062;Castano Primo;10931;5385;5546;1311;6900;2720;;;;
015070;Cernusco sul Naviglio;34840;16784;18056;4711;21884;8245;;;;
015071;Cerro al Lambro;5211;2560;2651;646;3259;1306;;;;
015072;Cerro Maggiore;15192;7466;7726;1794;9455;3943;;;;
015074;Cesano Boscone;23285;11340;11945;2678;14403;6204;;;;
015076;Cesate;14364;7065;7299;1752;9314;3298;;;;
015077;Cinisello Balsamo;75154;37185;37969;9349;47343;18462;;;;
015078;Cisliano;5200;2545;2655;762;3296;1142;;;;
015081;Cologno Monzese;47179;23013;24166;5713;29743;11723;;;;
015082;Colturano;2056;1029;1027;279;1399;378;;;;
015085;Corbetta;19156;9422;9734;2555;12253;4348;;;;
015086;Cormano;21036;10188;10848;2621;13502;4913;;;;
015087;Cornaredo;20746;10165;10581;2436;13168;5142;;;;
015093;Corsico;34811;16807;18004;4183;22021;8607;;;;
015096;Cuggiono;8198;4047;4151;907;5264;2027;;;;
015097;Cusago;4869;2414;2455;690;3237;942;;;;
015098;Cusano Milanino;18994;9110;9884;2105;11321;5568;;;;
015099;Dairago;6346;3105;3241;835;4097;1414;;;;
015101;Dresano;3054;1512;1542;374;1979;701;;;;
015103;Gaggiano;9543;4652;4891;1217;6002;2324;;;;
015105;Garbagnate Milanese;27064;13188;13876;3159;16828;7077;;;;
015106;Gessate;9137;4574;4563;1120;6296;1721;;;;
015108;Gorgonzola;21448;10389;11059;2772;13824;4852;;;;
015110;Grezzago;3176;1645;1531;435;2132;609;;;;
015112;Gudo Visconti;1608;775;833;189;1057;362;;;;
015113;Inveruno;8568;4212;4356;960;5193;2415;;;;
015114;Inzago;11465;5671;5794;1412;7303;2750;;;;
015115;Lacchiarella;9131;4498;4633;1118;5891;2122;;;;
015116;Lainate;26457;13000;13457;3095;16976;6386;;;;
015118;Legnano;60980;29550;31430;7302;38911;14767;;;;
015122;Liscate;3931;2000;1931;466;2629;836;;;;
015125;Locate di Triulzi;10360;5137;5223;1381;6814;2165;;;;
015130;Magenta;25066;12243;12823;3006;15601;6459;;;;
015131;Magnago;9547;4761;4786;1197;6213;2137;;;;
015134;Marcallo con Casone;6403;3199;3204;797;4066;1540;;;;
015136;Masate;3917;1966;1951;504;2640;773;;;;
015139;Mediglia;12373;6204;6169;1624;8181;2568;;;;
015140;Melegnano;18169;8748;9421;2386;11411;4372;;;;
015142;Melzo;18540;9027;9513;2196;11540;4804;;;;
015144;Mesero;4134;2072;2062;501;2620;1013;;;;
015146;Milano;1362863;663800;699063;156243;897425;309195;;;;
015150;Morimondo;1005;505;500;97;620;288;;;;
015151;Motta Visconti;8253;4088;4165;1024;5287;1942;;;;
015154;Nerviano;17071;8376;8695;1925;10622;4524;;;;
015155;Nosate;638;310;328;52;411;175;;;;
015157;Novate Milanese;20415;9846;10569;2382;12341;5692;;;;
015158;Noviglio;4534;2288;2246;590;3017;927;;;;
015159;Opera;14463;6927;7536;1717;8840;3906;;;;
015164;Ossona;4440;2248;2192;533;2885;1022;;;;
015165;Ozzero;1349;663;686;153;861;335;;;;
015166;Paderno Dugnano;47938;23464;24474;5773;30133;12032;;;;
015167;Pantigliate;5886;2862;3024;685;3815;1386;;;;
015168;Parabiago;28398;13993;14405;3535;18073;6790;;;;
015169;Paullo;11136;5519;5617;1332;7050;2754;;;;
015170;Pero;11866;5969;5897;1469;7851;2546;;;;
015171;Peschiera Borromeo;24363;11973;12390;3048;15507;5808;;;;
015172;Pessano con Bornago;9034;4473;4561;1014;5902;2118;;;;
015173;Pieve Emanuele;15846;7947;7899;1910;10271;3665;;;;
015175;Pioltello;37709;19389;18320;5219;25004;7486;;;;
015176;Pogliano Milanese;8483;4215;4268;953;5464;2066;;;;
015177;Pozzo d'Adda;6871;3496;3375;971;4678;1222;;;;
015178;Pozzuolo Martesana;8828;4351;4477;1032;5822;1974;;;;
015179;Pregnana Milanese;7331;3661;3670;943;4690;1698;;;;
015181;Rescaldina;14406;7116;7290;1709;9288;3409;;;;
015182;Rho;51000;24675;26325;6033;31934;13033;;;;
015183;Robecchetto con Induno;4797;2370;2427;509;3023;1265;;;;
015184;Robecco sul Naviglio;6794;3347;3447;759;4347;1688;;;;
015185;Rodano;4709;2336;2373;607;2972;1130;;;;
015188;Rosate;5641;2782;2859;668;3610;1363;;;;
015189;Rozzano;41724;20311;21413;5229;27265;9230;;;;
015191;San Colombano al Lambro;7591;3758;3833;846;4747;1998;;;;
015192;San Donato Milanese;32210;15592;16618;3798;20413;7999;;;;
015194;San Giorgio su Legnano;6868;3371;3497;791;4307;1770;;;;
015195;San Giuliano Milanese;40227;20127;20100;5683;26324;8220;;;;
015200;Santo Stefano Ticino;4983;2449;2534;669;3114;1200;;;;
015201;San Vittore Olona;8450;4138;4312;985;5436;2029;;;;
015202;San Zenone al Lambro;4508;2324;2184;567;2990;951;;;;
015204;Sedriano;13088;6530;6558;1749;8536;2803;;;;
015205;Segrate;37194;17861;19333;4770;23181;9243;;;;
015206;Senago;21754;10715;11039;2556;14122;5076;;;;
015209;Sesto San Giovanni;78850;38252;40598;8825;49943;20082;;;;
015210;Settala;7447;3781;3666;858;5050;1539;;;;
015211;Settimo Milanese;20002;9713;10289;2347;12835;4820;;;;
015213;Solaro;14260;7116;7144;1807;9318;3135;;;;
015219;Trezzano Rosa;5444;2736;2708;663;3682;1099;;;;
015220;Trezzano sul Naviglio;21875;10705;11170;2957;13841;5077;;;;
015221;Trezzo sull'Adda;12442;6145;6297;1402;7877;3163;;;;
015222;Tribiano;3931;1977;1954;530;2736;665;;;;
015224;Truccazzano;5810;2982;2828;648;3902;1260;;;;
015226;Turbigo;7276;3603;3673;879;4524;1873;;;;
015229;Vanzago;9372;4571;4801;1171;6186;2015;;;;
015230;Vaprio d'Adda;9723;4931;4792;1393;6359;1971;;;;
015236;Vernate;3436;1749;1687;413;2292;731;;;;
015237;Vignate;9369;4624;4745;1239;5979;2151;;;;
015242;Vimodrone;16933;8135;8798;2058;10804;4071;;;;
015243;Vittuone;9312;4624;4688;1114;6028;2170;;;;
015244;Vizzolo Predabissi;3852;1905;1947;452;2304;1096;;;;
015247;Zibido San Giacomo;6643;3342;3301;783;4542;1318;;;;
015248;Villa Cortese;6333;3096;3237;734;3945;1654;;;;
015249;Vanzaghello;5394;2666;2728;649;3379;1366;;;;
015250;Baranzate;12129;6402;5727;1717;8012;2400;;;;
015251;Vermezzo con Zelo;5987;2952;3035;838;3954;1195;;;;
016001;Adrara San Martino;2213;1172;1041;273;1503;437;;;;
016002;Adrara San Rocco;816;425;391;93;521;202;;;;
016003;Albano Sant'Alessandro;8342;4188;4154;1076;5567;1699;;;;
016004;Albino;17588;8669;8919;1965;11175;4448;;;;
016005;Almè;5483;2654;2829;595;3367;1521;;;;
016006;Almenno San Bartolomeo;6630;3325;3305;878;4388;1364;;;;
016007;Almenno San Salvatore;5502;2688;2814;559;3469;1474;;;;
016008;Alzano Lombardo;13379;6615;6764;1519;8614;3246;;;;
016009;Ambivere;2334;1206;1128;286;1516;532;;;;
016010;Antegnate;3456;1797;1659;515;2295;646;;;;
016011;Arcene;5112;2620;2492;700;3293;1119;;;;
016012;Ardesio;3239;1637;1602;355;1971;913;;;;
016013;Arzago d'Adda;2767;1392;1375;338;1789;640;;;;
016014;Averara;179;101;78;17;106;56;;;;
016015;Aviatico;593;320;273;60;346;187;;;;
016016;Azzano San Paolo;7725;3789;3936;936;5005;1784;;;;
016017;Azzone;351;178;173;28;196;127;;;;
016018;Bagnatica;4448;2237;2211;620;2863;965;;;;
016019;Barbata;695;354;341;93;451;151;;;;
016020;Bariano;4332;2230;2102;552;2784;996;;;;
016021;Barzana;2039;1067;972;282;1392;365;;;;
016022;Bedulita;712;353;359;92;416;204;;;;
016023;Berbenno;2526;1251;1275;284;1621;621;;;;
016024;Bergamo;120629;57636;62993;13335;76356;30938;;;;
016025;Berzo San Fermo;1456;757;699;256;884;316;;;;
016026;Bianzano;642;324;318;63;390;189;;;;
016027;Blello;71;35;36;5;38;28;;;;
016028;Bolgare;6731;3394;3337;1063;4522;1146;;;;
016029;Boltiere;6185;3165;3020;822;4216;1147;;;;
016030;Bonate Sopra;10652;5358;5294;1656;7135;1861;;;;
016031;Bonate Sotto;6645;3318;3327;870;4244;1531;;;;
016032;Borgo di Terzo;1225;629;596;186;803;236;;;;
016033;Bossico;965;492;473;127;586;252;;;;
016034;Bottanuco;5085;2587;2498;604;3249;1232;;;;
016035;Bracca;705;359;346;74;431;200;;;;
016036;Branzi;612;308;304;52;363;197;;;;
016037;Brembate;8745;4450;4295;1124;5764;1857;;;;
016038;Brembate di Sopra;8068;4013;4055;967;5176;1925;;;;
016040;Brignano Gera d'Adda;6267;3122;3145;879;4130;1258;;;;
016041;Brumano;135;75;60;18;76;41;;;;
016042;Brusaporto;5704;2827;2877;707;3881;1116;;;;
016043;Calcinate;6254;3235;3019;940;4151;1163;;;;
016044;Calcio;5551;2891;2660;739;3608;1204;;;;
016046;Calusco d'Adda;8432;4239;4193;1090;5266;2076;;;;
016047;Calvenzano;4535;2250;2285;595;2940;1000;;;;
016048;Camerata Cornello;545;268;277;51;353;141;;;;
016049;Canonica d'Adda;4293;2210;2083;551;2714;1028;;;;
016050;Capizzone;1235;616;619;146;773;316;;;;
016051;Capriate San Gervasio;8316;4220;4096;1054;5317;1945;;;;
016052;Caprino Bergamasco;3087;1594;1493;367;1984;736;;;;
016053;Caravaggio;16513;8211;8302;2144;10550;3819;;;;
016055;Carobbio degli Angeli;4912;2485;2427;747;3346;819;;;;
016056;Carona;282;133;149;19;156;107;;;;
016057;Carvico;4700;2330;2370;619;2958;1123;;;;
016058;Casazza;3843;1905;1938;505;2483;855;;;;
016059;Casirate d'Adda;4139;2127;2012;518;2699;922;;;;
016060;Casnigo;3005;1517;1488;311;1816;878;;;;
016061;Cassiglio;105;48;57;7;66;32;;;;
016062;Castelli Calepio;10484;5316;5168;1394;6782;2308;;;;
016063;Castel Rozzone;2855;1409;1446;378;1786;691;;;;
016064;Castione della Presolana;3381;1745;1636;319;2160;902;;;;
016065;Castro;1191;596;595;99;708;384;;;;
016066;Cavernago;2974;1506;1468;433;2058;483;;;;
016067;Cazzano Sant'Andrea;1694;873;821;234;1106;354;;;;
016068;Cenate Sopra;2551;1277;1274;285;1757;509;;;;
016069;Cenate Sotto;4001;2013;1988;592;2657;752;;;;
016070;Cene;4044;2014;2030;447;2555;1042;;;;
016071;Cerete;1643;819;824;180;1038;425;;;;
016072;Chignolo d'Isola;3383;1765;1618;489;2213;681;;;;
016073;Chiuduno;6260;3184;3076;842;4047;1371;;;;
016074;Cisano Bergamasco;6232;3118;3114;750;4029;1453;;;;
016075;Ciserano;5843;3037;2806;864;3897;1082;;;;
016076;Cividate al Piano;5099;2611;2488;587;3291;1221;;;;
016077;Clusone;8596;4183;4413;966;5322;2308;;;;
016078;Colere;1077;549;528;121;650;306;;;;
016079;Cologno al Serio;11287;5702;5585;1506;7262;2519;;;;
016080;Colzate;1641;817;824;188;1024;429;;;;
016081;Comun Nuovo;4471;2261;2210;592;3022;857;;;;
016082;Corna Imagna;918;472;446;108;608;202;;;;
016083;Cortenuova;1981;994;987;245;1345;391;;;;
016084;Costa di Mezzate;3428;1743;1685;453;2321;654;;;;
016085;Costa Valle Imagna;547;282;265;40;333;174;;;;
016086;Costa Volpino;8792;4354;4438;1050;5466;2276;;;;
016087;Covo;4368;2253;2115;676;2869;823;;;;
016088;Credaro;3561;1796;1765;501;2427;633;;;;
016089;Curno;7574;3734;3840;854;4849;1871;;;;
016090;Cusio;197;108;89;7;118;72;;;;
016091;Dalmine;23818;11899;11919;2706;15682;5430;;;;
016092;Dossena;878;452;426;93;533;252;;;;
016093;Endine Gaiano;3462;1758;1704;381;2278;803;;;;
016094;Entratico;2025;1021;1004;265;1360;400;;;;
016096;Fara Gera d'Adda;8080;4028;4052;1002;5210;1868;;;;
016097;Fara Olivana con Sola;1345;718;627;185;867;293;;;;
016098;Filago;3130;1562;1568;409;2041;680;;;;
016099;Fino del Monte;1135;606;529;123;710;302;;;;
016100;Fiorano al Serio;2938;1427;1511;366;1820;752;;;;
016101;Fontanella;4914;2489;2425;774;3155;985;;;;
016102;Fonteno;550;291;259;47;339;164;;;;
016103;Foppolo;152;88;64;5;94;53;;;;
016104;Foresto Sparso;3133;1593;1540;393;2036;704;;;;
016105;Fornovo San Giovanni;3424;1698;1726;464;2276;684;;;;
016106;Fuipiano Valle Imagna;203;103;100;16;121;66;;;;
016107;Gandellino;936;495;441;96;547;293;;;;
016108;Gandino;5182;2566;2616;540;3141;1501;;;;
016109;Gandosso;1446;749;697;150;949;347;;;;
016110;Gaverina Terme;899;469;430;98;585;216;;;;
016111;Gazzaniga;4976;2419;2557;535;3076;1365;;;;
016113;Ghisalba;6256;3140;3116;886;4199;1171;;;;
016114;Gorlago;5182;2620;2562;662;3281;1239;;;;
016115;Gorle;6572;3202;3370;799;4260;1513;;;;
016116;Gorno;1429;730;699;142;846;441;;;;
016117;Grassobbio;6547;3294;3253;827;4316;1404;;;;
016118;Gromo;1142;607;535;117;668;357;;;;
016119;Grone;938;481;457;120;599;219;;;;
016120;Grumello del Monte;7675;3828;3847;1041;4937;1697;;;;
016121;Isola di Fondra;172;86;86;9;102;61;;;;
016122;Isso;635;329;306;75;410;150;;;;
016123;Lallio;4254;2090;2164;496;2841;917;;;;
016124;Leffe;4313;2145;2168;467;2465;1381;;;;
016125;Lenna;549;258;291;55;313;181;;;;
016126;Levate;3740;1878;1862;469;2433;838;;;;
016127;Locatello;812;422;390;107;505;200;;;;
016128;Lovere;4943;2333;2610;497;2872;1574;;;;
016129;Lurano;2893;1457;1436;419;1911;563;;;;
016130;Luzzana;912;463;449;92;599;221;;;;
016131;Madone;4211;2138;2073;585;2804;822;;;;
016132;Mapello;7039;3607;3432;910;4667;1462;;;;
016133;Martinengo;11172;5725;5447;1618;7303;2251;;;;
016134;Mezzoldo;170;84;86;7;93;70;;;;
016135;Misano di Gera d'Adda;3058;1501;1557;389;1971;698;;;;
016136;Moio de' Calvi;199;95;104;9;124;66;;;;
016137;Monasterolo del Castello;1153;591;562;122;760;271;;;;
016139;Montello;3267;1645;1622;429;2249;589;;;;
016140;Morengo;2486;1239;1247;301;1608;577;;;;
016141;Mornico al Serio;3052;1531;1521;434;1972;646;;;;
016142;Mozzanica;4434;2211;2223;548;2880;1006;;;;
016143;Mozzo;7233;3560;3673;775;4505;1953;;;;
016144;Nembro;11284;5608;5676;1270;7104;2910;;;;
016145;Olmo al Brembo;453;232;221;31;278;144;;;;
016146;Oltre il Colle;920;477;443;97;511;312;;;;
016147;Oltressenda Alta;135;73;62;7;74;54;;;;
016148;Oneta;583;287;296;56;338;189;;;;
016149;Onore;977;475;502;102;627;248;;;;
016150;Orio al Serio;1588;808;780;180;1042;366;;;;
016151;Ornica;126;69;57;2;71;53;;;;
016152;Osio Sopra;5195;2619;2576;648;3519;1028;;;;
016153;Osio Sotto;12892;6490;6402;1731;8329;2832;;;;
016154;Pagazzano;2238;1159;1079;329;1415;494;;;;
016155;Paladina;3946;1960;1986;461;2563;922;;;;
016156;Palazzago;4597;2331;2266;617;3008;972;;;;
016157;Palosco;5730;2874;2856;711;3785;1234;;;;
016158;Parre;2650;1323;1327;315;1705;630;;;;
016159;Parzanica;333;177;156;23;198;112;;;;
016160;Pedrengo;5911;2936;2975;721;3965;1225;;;;
016161;Peia;1663;806;857;172;1034;457;;;;
016162;Pianico;1456;739;717;188;910;358;;;;
016163;Piario;1000;507;493;79;671;250;;;;
016164;Piazza Brembana;1195;580;615;128;727;340;;;;
016165;Piazzatorre;396;199;197;22;234;140;;;;
016166;Piazzolo;92;45;47;11;51;30;;;;
016167;Pognano;1606;814;792;228;1038;340;;;;
016168;Ponte Nossa;1798;896;902;182;1065;551;;;;
016169;Ponteranica;6731;3362;3369;726;4110;1895;;;;
016170;Ponte San Pietro;12007;6003;6004;1606;7687;2714;;;;
016171;Pontida;3299;1715;1584;422;2131;746;;;;
016172;Pontirolo Nuovo;5046;2564;2482;594;3337;1115;;;;
016173;Pradalunga;4494;2263;2231;539;2845;1110;;;;
016174;Predore;1847;906;941;181;1194;472;;;;
016175;Premolo;1064;554;510;87;649;328;;;;
016176;Presezzo;4790;2342;2448;562;3027;1201;;;;
016177;Pumenengo;1731;883;848;230;1105;396;;;;
016178;Ranica;5828;2822;3006;638;3512;1678;;;;
016179;Ranzanico;1217;611;606;109;763;345;;;;
016180;Riva di Solto;843;419;424;78;485;280;;;;
016182;Rogno;3854;1937;1917;467;2489;898;;;;
016183;Romano di Lombardia;21049;10783;10266;2887;13864;4298;;;;
016184;Roncobello;421;222;199;39;229;153;;;;
016185;Roncola;901;474;427;103;585;213;;;;
016186;Rota d'Imagna;940;470;470;104;561;275;;;;
016187;Rovetta;4150;2055;2095;520;2673;957;;;;
016188;San Giovanni Bianco;4569;2328;2241;428;2835;1306;;;;
016189;San Paolo d'Argon;5938;2994;2944;843;4049;1046;;;;
016190;San Pellegrino Terme;4597;2212;2385;468;2723;1406;;;;
016191;Santa Brigida;517;252;265;57;317;143;;;;
016193;Sarnico;6858;3347;3511;780;4342;1736;;;;
016194;Scanzorosciate;10168;4979;5189;1234;6514;2420;;;;
016195;Schilpario;1136;573;563;93;662;381;;;;
016196;Sedrina;2361;1187;1174;271;1519;571;;;;
016197;Selvino;1961;993;968;181;1233;547;;;;
016198;Seriate;25857;12857;13000;3146;16976;5735;;;;
016199;Serina;2107;1096;1011;217;1264;626;;;;
016200;Solto Collina;1836;943;893;225;1139;472;;;;
016201;Songavazzo;732;380;352;62;474;196;;;;
016202;Sorisole;8757;4343;4414;971;5588;2198;;;;
016203;Sotto il Monte Giovanni XXIII;4431;2255;2176;550;2978;903;;;;
016204;Sovere;5310;2621;2689;630;3378;1302;;;;
016205;Spinone al Lago;1006;499;507;111;640;255;;;;
016206;Spirano;5737;2923;2814;768;3823;1146;;;;
016207;Stezzano;13904;6847;7057;1871;9325;2708;;;;
016208;Strozza;1093;559;534;117;728;248;;;;
016209;Suisio;3785;1946;1839;467;2480;838;;;;
016210;Taleggio;537;291;246;37;317;183;;;;
016211;Tavernola Bergamasca;1918;963;955;181;1131;606;;;;
016212;Telgate;5025;2644;2381;710;3324;991;;;;
016213;Terno d'Isola;7976;4026;3950;1046;5584;1346;;;;
016214;Torre Boldone;8721;4181;4540;1027;5401;2293;;;;
016215;Torre de' Busi;2321;1175;1146;348;1506;467;;;;
016216;Torre de' Roveri;2614;1288;1326;349;1711;554;;;;
016217;Torre Pallavicina;1154;576;578;156;749;249;;;;
016218;Trescore Balneario;9922;5020;4902;1290;6530;2102;;;;
016219;Treviglio;31604;15655;15949;4020;20227;7357;;;;
016220;Treviolo;10923;5321;5602;1325;7172;2426;;;;
016221;Ubiale Clanezzo;1316;666;650;144;861;311;;;;
016222;Urgnano;10140;5173;4967;1362;6626;2152;;;;
016223;Valbondione;941;472;469;81;555;305;;;;
016224;Valbrembo;4299;2114;2185;561;2742;996;;;;
016225;Valgoglio;554;278;276;67;328;159;;;;
016226;Valleve;129;70;59;15;76;38;;;;
016227;Valnegra;198;106;92;17;107;74;;;;
016229;Valtorta;228;126;102;15;136;77;;;;
016230;Vedeseta;196;99;97;18;86;92;;;;
016232;Verdellino;7843;4125;3718;1101;5182;1560;;;;
016233;Verdello;8212;4251;3961;1073;5399;1740;;;;
016234;Vertova;4457;2182;2275;486;2734;1237;;;;
016235;Viadanica;1121;565;556;141;755;225;;;;
016236;Vigano San Martino;1400;716;684;181;929;290;;;;
016237;Vigolo;571;292;279;73;357;141;;;;
016238;Villa d'Adda;4580;2254;2326;539;2905;1136;;;;
016239;Villa d'Almè;6428;3171;3257;698;4026;1704;;;;
016240;Villa di Serio;6490;3212;3278;754;4165;1571;;;;
016241;Villa d'Ogna;1784;871;913;181;1144;459;;;;
016242;Villongo;8169;4195;3974;1042;5498;1629;;;;
016243;Vilminore di Scalve;1423;719;704;177;852;394;;;;
016244;Zandobbio;2737;1406;1331;344;1792;601;;;;
016245;Zanica;8839;4433;4406;1157;5849;1833;;;;
016246;Zogno;8590;4259;4331;932;5306;2352;;;;
016247;Costa Serina;910;479;431;83;514;313;;;;
016248;Algua;698;366;332;77;413;208;;;;
016249;Cornalba;305;163;142;34;167;104;;;;
016250;Medolago;2381;1191;1190;273;1592;516;;;;
016251;Solza;2009;1031;978;274;1326;409;;;;
016252;Sant'Omobono Terme;3953;2003;1950;488;2561;904;;;;
016253;Val Brembilla;4114;2089;2025;482;2521;1111;;;;
017001;Acquafredda;1549;779;770;183;1024;342;;;;
017002;Adro;7196;3627;3569;815;4638;1743;;;;
017003;Agnosine;1646;842;804;158;1043;445;;;;
017004;Alfianello;2307;1166;1141;268;1440;599;;;;
017005;Anfo;439;228;211;39;252;148;;;;
017006;Angolo Terme;2324;1199;1125;240;1397;687;;;;
017007;Artogne;3714;1862;1852;457;2461;796;;;;
017008;Azzano Mella;3519;1824;1695;482;2455;582;;;;
017009;Bagnolo Mella;12536;6304;6232;1647;7948;2941;;;;
017010;Bagolino;3738;1878;1860;343;2241;1154;;;;
017011;Barbariga;2307;1173;1134;265;1497;545;;;;
017012;Barghe;1138;608;530;133;699;306;;;;
017013;Bassano Bresciano;2363;1211;1152;288;1599;476;;;;
017014;Bedizzole;12266;6082;6184;1537;8119;2610;;;;
017015;Berlingo;2751;1407;1344;346;1868;537;;;;
017016;Berzo Demo;1444;739;705;106;899;439;;;;
017017;Berzo Inferiore;2522;1275;1247;332;1656;534;;;;
017018;Bienno;3756;1862;1894;426;2266;1064;;;;
017019;Bione;1319;656;663;160;806;353;;;;
017020;Borgo San Giacomo;5590;2859;2731;779;3644;1167;;;;
017021;Borgosatollo;9099;4590;4509;1074;5786;2239;;;;
017022;Borno;2403;1183;1220;199;1450;754;;;;
017023;Botticino;10849;5314;5535;1187;6802;2860;;;;
017024;Bovegno;2012;986;1026;197;1218;597;;;;
017025;Bovezzo;7386;3608;3778;763;4476;2147;;;;
017026;Brandico;1767;902;865;253;1214;300;;;;
017027;Braone;681;347;334;74;452;155;;;;
017028;Breno;4674;2322;2352;499;2837;1338;;;;
017029;Brescia;201342;97804;103538;23750;127474;50118;;;;
017030;Brione;759;408;351;90;493;176;;;;
017031;Caino;2180;1125;1055;249;1501;430;;;;
017032;Calcinato;13147;6678;6469;1802;8681;2664;;;;
017033;Calvagese della Riviera;3679;1850;1829;448;2489;742;;;;
017034;Calvisano;8461;4339;4122;1061;5598;1802;;;;
017035;Capo di Ponte;2293;1131;1162;255;1394;644;;;;
017036;Capovalle;332;163;169;31;184;117;;;;
017037;Capriano del Colle;4917;2542;2375;643;3181;1093;;;;
017038;Capriolo;9405;4765;4640;1190;6100;2115;;;;
017039;Carpenedolo;13050;6596;6454;1831;8471;2748;;;;
017040;Castegnato;8457;4242;4215;1126;5630;1701;;;;
017041;Castelcovati;7087;3607;3480;1125;4640;1322;;;;
017042;Castel Mella;10961;5507;5454;1346;7392;2223;;;;
017043;Castenedolo;11643;5808;5835;1478;7661;2504;;;;
017044;Casto;1613;862;751;182;1030;401;;;;
017045;Castrezzato;7984;4027;3957;1319;5200;1465;;;;
017046;Cazzago San Martino;10784;5359;5425;1299;6926;2559;;;;
017047;Cedegolo;1129;567;562;124;699;306;;;;
017048;Cellatica;4815;2338;2477;513;2963;1339;;;;
017049;Cerveno;707;365;342;82;443;182;;;;
017050;Ceto;1775;886;889;186;1124;465;;;;
017051;Cevo;771;404;367;56;415;300;;;;
017052;Chiari;19717;9860;9857;2645;12686;4386;;;;
017053;Cigole;1503;756;747;160;949;394;;;;
017054;Cimbergo;526;272;254;53;296;177;;;;
017055;Cividate Camuno;2687;1379;1308;300;1702;685;;;;
017056;Coccaglio;8937;4514;4423;1173;5894;1870;;;;
017057;Collebeato;4469;2154;2315;437;2704;1328;;;;
017058;Collio;1955;1008;947;174;1222;559;;;;
017059;Cologne;7608;3796;3812;1035;4975;1598;;;;
017060;Comezzano-Cizzago;4202;2154;2048;657;2871;674;;;;
017061;Concesio;15735;7813;7922;1889;9949;3897;;;;
017062;Corte Franca;7150;3570;3580;820;4630;1700;;;;
017063;Corteno Golgi;1909;973;936;198;1204;507;;;;
017064;Corzano;1540;783;757;211;1030;299;;;;
017065;Darfo Boario Terme;15974;7940;8034;1930;10233;3811;;;;
017066;Dello;5686;2868;2818;730;3815;1141;;;;
017067;Desenzano del Garda;29353;14003;15350;3211;18751;7391;;;;
017068;Edolo;4447;2157;2290;499;2744;1204;;;;
017069;Erbusco;8852;4524;4328;1203;5830;1819;;;;
017070;Esine;5055;2505;2550;566;3291;1198;;;;
017071;Fiesse;2095;1076;1019;243;1360;492;;;;
017072;Flero;8812;4424;4388;994;5610;2208;;;;
017073;Gambara;4760;2492;2268;549;3000;1211;;;;
017074;Gardone Riviera;2568;1280;1288;220;1573;775;;;;
017075;Gardone Val Trompia;11599;5840;5759;1483;7270;2846;;;;
017076;Gargnano;2615;1263;1352;240;1503;872;;;;
017077;Gavardo;12438;6353;6085;1551;8132;2755;;;;
017078;Ghedi;18546;9422;9124;2390;12273;3883;;;;
017079;Gianico;2078;1032;1046;246;1310;522;;;;
017080;Gottolengo;5051;2502;2549;687;3127;1237;;;;
017081;Gussago;16663;8222;8441;1915;10595;4153;;;;
017082;Idro;1873;929;944;214;1184;475;;;;
017083;Incudine;345;168;177;40;199;106;;;;
017084;Irma;135;73;62;12;80;43;;;;
017085;Iseo;8969;4316;4653;952;5493;2524;;;;
017086;Isorella;4123;2134;1989;520;2711;892;;;;
017087;Lavenone;508;253;255;50;298;160;;;;
017088;Leno;14474;7300;7174;1906;9321;3247;;;;
017089;Limone sul Garda;1096;544;552;133;700;263;;;;
017090;Lodrino;1627;846;781;169;1044;414;;;;
017091;Lograto;3845;1939;1906;514;2539;792;;;;
017092;Lonato del Garda;17168;8592;8576;2116;11510;3542;;;;
017093;Longhena;565;303;262;55;314;196;;;;
017094;Losine;647;326;321;80;415;152;;;;
017095;Lozio;365;191;174;22;204;139;;;;
017096;Lumezzane;21742;10943;10799;2489;13597;5656;;;;
017097;Maclodio;1478;737;741;204;1009;265;;;;
017098;Magasa;104;61;43;1;53;50;;;;
017099;Mairano;3498;1779;1719;512;2322;664;;;;
017100;Malegno;1925;961;964;210;1149;566;;;;
017101;Malonno;2997;1476;1521;308;1760;929;;;;
017102;Manerba del Garda;5415;2730;2685;579;3640;1196;;;;
017103;Manerbio;13630;6773;6857;1722;8628;3280;;;;
017104;Marcheno;4152;2089;2063;503;2630;1019;;;;
017105;Marmentino;648;337;311;67;398;183;;;;
017106;Marone;3096;1501;1595;379;1892;825;;;;
017107;Mazzano;12715;6408;6307;1591;8386;2738;;;;
017108;Milzano;1704;860;844;197;1126;381;;;;
017109;Moniga del Garda;2682;1325;1357;308;1738;636;;;;
017110;Monno;515;247;268;59;298;158;;;;
017111;Monte Isola;1576;793;783;128;978;470;;;;
017112;Monticelli Brusati;4556;2298;2258;546;2957;1053;;;;
017113;Montichiari;26506;13459;13047;3575;17814;5117;;;;
017114;Montirone;5161;2609;2552;708;3478;975;;;;
017115;Mura;765;383;382;76;494;195;;;;
017116;Muscoline;2730;1394;1336;321;1813;596;;;;
017117;Nave;10627;5238;5389;1063;6721;2843;;;;
017118;Niardo;1949;955;994;255;1222;472;;;;
017119;Nuvolento;3962;1955;2007;509;2514;939;;;;
017120;Nuvolera;4777;2368;2409;639;3174;964;;;;
017121;Odolo;1948;981;967;275;1252;421;;;;
017122;Offlaga;4167;2128;2039;517;2721;929;;;;
017123;Ome;3103;1534;1569;351;1986;766;;;;
017124;Ono San Pietro;973;479;494;104;656;213;;;;
017125;Orzinuovi;12496;6274;6222;1623;7967;2906;;;;
017126;Orzivecchi;2517;1286;1231;304;1635;578;;;;
017127;Ospitaletto;14969;7623;7346;2188;9925;2856;;;;
017128;Ossimo;1439;731;708;144;918;377;;;;
017129;Padenghe sul Garda;4912;2359;2553;583;3194;1135;;;;
017130;Paderno Franciacorta;3667;1843;1824;417;2405;845;;;;
017131;Paisco Loveno;164;86;78;14;90;60;;;;
017132;Paitone;2248;1164;1084;259;1519;470;;;;
017133;Palazzolo sull'Oglio;20603;10445;10158;2665;13498;4440;;;;
017134;Paratico;5023;2525;2498;664;3335;1024;;;;
017135;Paspardo;576;301;275;62;316;198;;;;
017136;Passirano;6842;3367;3475;743;4399;1700;;;;
017137;Pavone del Mella;2717;1352;1365;339;1716;662;;;;
017138;San Paolo;4490;2247;2243;585;2912;993;;;;
017139;Pertica Alta;549;291;258;54;325;170;;;;
017140;Pertica Bassa;543;274;269;54;324;165;;;;
017141;Pezzaze;1419;730;689;127;891;401;;;;
017142;Pian Camuno;4826;2447;2379;683;3195;948;;;;
017143;Pisogne;7901;3873;4028;873;4889;2139;;;;
017144;Polaveno;2531;1289;1242;292;1602;637;;;;
017145;Polpenazze del Garda;2735;1365;1370;278;1774;683;;;;
017146;Pompiano;3755;1882;1873;496;2339;920;;;;
017147;Poncarale;5192;2576;2616;606;3455;1131;;;;
017148;Ponte di Legno;1756;857;899;187;1056;513;;;;
017149;Pontevico;7131;3408;3723;818;4481;1832;;;;
017150;Pontoglio;7004;3503;3501;929;4465;1610;;;;
017151;Pozzolengo;3577;1783;1794;403;2354;820;;;;
017152;Pralboino;2850;1507;1343;373;1766;711;;;;
017153;Preseglie;1470;767;703;171;914;385;;;;
017155;Prevalle;6902;3461;3441;985;4566;1351;;;;
017156;Provaglio d'Iseo;7068;3469;3599;797;4677;1594;;;;
017157;Provaglio Val Sabbia;844;436;408;70;543;231;;;;
017158;Puegnago del Garda;3478;1697;1781;374;2246;858;;;;
017159;Quinzano d'Oglio;6392;3224;3168;758;4127;1507;;;;
017160;Remedello;3446;1744;1702;494;2223;729;;;;
017161;Rezzato;13592;6717;6875;1663;8540;3389;;;;
017162;Roccafranca;4989;2549;2440;785;3245;959;;;;
017163;Rodengo Saiano;9868;4803;5065;1249;6632;1987;;;;
017164;Roè Volciano;4323;2101;2222;423;2850;1050;;;;
017165;Roncadelle;9315;4625;4690;1093;6047;2175;;;;
017166;Rovato;19746;10125;9621;2925;13087;3734;;;;
017167;Rudiano;5910;3004;2906;842;3868;1200;;;;
017168;Sabbio Chiese;4093;2083;2010;614;2625;854;;;;
017169;Sale Marasino;3238;1572;1666;326;1986;926;;;;
017170;Salò;10292;4843;5449;1006;6220;3066;;;;
017171;San Felice del Benaco;3468;1712;1756;373;2218;877;;;;
017172;San Gervasio Bresciano;2679;1337;1342;424;1791;464;;;;
017173;San Zeno Naviglio;4733;2318;2415;555;3101;1077;;;;
017174;Sarezzo;13309;6650;6659;1611;8705;2993;;;;
017175;Saviore dell'Adamello;787;393;394;41;446;300;;;;
017176;Sellero;1380;690;690;132;851;397;;;;
017177;Seniga;1447;745;702;124;917;406;;;;
017178;Serle;3126;1551;1575;356;1967;803;;;;
017179;Sirmione;8454;4039;4415;977;5426;2051;;;;
017180;Soiano del Lago;1953;979;974;199;1264;490;;;;
017181;Sonico;1186;597;589;136;713;337;;;;
017182;Sulzano;1941;978;963;233;1253;455;;;;
017183;Tavernole sul Mella;1200;614;586;128;711;361;;;;
017184;Temù;1154;590;564;140;699;315;;;;
017185;Tignale;1158;562;596;107;693;358;;;;
017186;Torbole Casaglia;6488;3258;3230;811;4347;1330;;;;
017187;Toscolano-Maderno;7655;3661;3994;726;4656;2273;;;;
017188;Travagliato;14007;6950;7057;1754;9288;2965;;;;
017189;Tremosine sul Garda;2141;1078;1063;262;1362;517;;;;
017190;Trenzano;5556;2811;2745;769;3631;1156;;;;
017191;Treviso Bresciano;522;253;269;49;328;145;;;;
017192;Urago d'Oglio;3829;1992;1837;521;2502;806;;;;
017193;Vallio Terme;1438;698;740;181;932;325;;;;
017194;Valvestino;169;83;86;7;98;64;;;;
017195;Verolanuova;8168;4104;4064;946;5159;2063;;;;
017196;Verolavecchia;3893;2018;1875;470;2403;1020;;;;
017197;Vestone;4143;2075;2068;498;2626;1019;;;;
017198;Vezza d'Oglio;1461;724;737;182;909;370;;;;
017199;Villa Carcina;10721;5345;5376;1387;6623;2711;;;;
017200;Villachiara;1355;691;664;148;860;347;;;;
017201;Villanuova sul Clisi;5929;2905;3024;678;3757;1494;;;;
017202;Vione;621;305;316;61;333;227;;;;
017203;Visano;2020;1060;960;282;1274;464;;;;
017204;Vobarno;8485;4359;4126;1181;5330;1974;;;;
017205;Zone;1041;521;520;74;645;322;;;;
017206;Piancogno;4787;2420;2367;587;3095;1105;;;;
018001;Alagna;810;394;416;77;550;183;;;;
018003;Albonese;561;271;290;58;336;167;;;;
018004;Albuzzano;3667;1814;1853;450;2460;757;;;;
018005;Arena Po;1530;755;775;160;921;449;;;;
018006;Badia Pavese;408;220;188;45;253;110;;;;
018007;Bagnaria;622;301;321;35;384;203;;;;
018008;Barbianello;888;444;444;109;552;227;;;;
018009;Bascapè;1825;966;859;247;1194;384;;;;
018011;Bastida Pancarana;921;471;450;95;566;260;;;;
018012;Battuda;635;328;307;78;425;132;;;;
018013;Belgioioso;6439;3137;3302;817;4054;1568;;;;
018014;Bereguardo;2856;1442;1414;369;1831;656;;;;
018015;Borgarello;2829;1377;1452;323;1955;551;;;;
018016;Borgo Priolo;1213;625;588;102;737;374;;;;
018017;Borgoratto Mormorolo;387;192;195;33;249;105;;;;
018018;Borgo San Siro;961;485;476;93;607;261;;;;
018019;Bornasco;2656;1333;1323;346;1842;468;;;;
018020;Bosnasco;624;317;307;61;372;191;;;;
018021;Brallo di Pregola;473;255;218;19;219;235;;;;
018022;Breme;725;372;353;63;424;238;;;;
018023;Bressana Bottarone;3482;1722;1760;401;2189;892;;;;
018024;Broni;10164;4988;5176;1298;6426;2440;;;;
018025;Calvignano;112;54;58;11;60;41;;;;
018026;Campospinoso Albaredo;1333;659;674;176;810;347;;;;
018027;Candia Lomellina;1562;837;725;143;990;429;;;;
018029;Canneto Pavese;1285;646;639;134;767;384;;;;
018030;Carbonara al Ticino;1418;695;723;150;912;356;;;;
018031;Casanova Lonati;452;232;220;43;276;133;;;;
018032;Casatisma;855;419;436;115;509;231;;;;
018033;Casei Gerola;2307;1162;1145;243;1357;707;;;;
018034;Casorate Primo;9190;4607;4583;1205;5863;2122;;;;
018035;Cassolnovo;6747;3380;3367;759;4324;1664;;;;
018036;Castana;707;343;364;58;403;246;;;;
018037;Casteggio;6363;3061;3302;620;3846;1897;;;;
018038;Castelletto di Branduzzo;1056;549;507;114;656;286;;;;
018039;Castello d'Agogna;1079;563;516;131;684;264;;;;
018040;Castelnovetto;546;275;271;45;339;162;;;;
018041;Cava Manara;6684;3231;3453;698;4237;1749;;;;
018042;Cecima;254;128;126;26;142;86;;;;
018043;Ceranova;2363;1201;1162;342;1646;375;;;;
018044;Ceretto Lomellina;188;95;93;17;111;60;;;;
018045;Cergnago;648;332;316;50;391;207;;;;
018046;Certosa di Pavia;5623;2866;2757;693;3815;1115;;;;
018047;Cervesina;1103;515;588;96;667;340;;;;
018048;Chignolo Po;4048;2041;2007;480;2674;894;;;;
018049;Cigognola;1308;639;669;157;749;402;;;;
018050;Cilavegna;5438;2658;2780;587;3411;1440;;;;
018051;Codevilla;915;433;482;64;561;290;;;;
018052;Confienza;1546;774;772;147;963;436;;;;
018053;Copiano;1784;908;876;200;1139;445;;;;
018054;Corana;745;380;365;78;438;229;;;;
018057;Corvino San Quirico;960;464;496;67;572;321;;;;
018058;Costa de' Nobili;358;192;166;37;228;93;;;;
018059;Cozzo;358;201;157;20;227;111;;;;
018060;Cura Carpignano;5080;2476;2604;692;3543;845;;;;
018061;Dorno;4608;2283;2325;481;2939;1188;;;;
018062;Ferrera Erbognone;1112;581;531;134;703;275;;;;
018063;Filighera;812;411;401;86;490;236;;;;
018064;Fortunago;367;189;178;30;207;130;;;;
018065;Frascarolo;1075;532;543;94;621;360;;;;
018066;Galliavola;171;83;88;9;101;61;;;;
018067;Gambarana;174;88;86;12;95;67;;;;
018068;Gambolò;9813;4869;4944;1056;6362;2395;;;;
018069;Garlasco;9665;4697;4968;1053;5985;2627;;;;
018071;Gerenzago;1503;758;745;194;1029;280;;;;
018072;Giussago;5385;2736;2649;724;3589;1072;;;;
018073;Godiasco Salice Terme;3294;1586;1708;289;2044;961;;;;
018074;Golferenzo;162;89;73;12;94;56;;;;
018075;Gravellona Lomellina;2696;1342;1354;358;1721;617;;;;
018076;Gropello Cairoli;4362;2130;2232;484;2691;1187;;;;
018077;Inverno e Monteleone;1493;758;735;199;928;366;;;;
018078;Landriano;6551;3293;3258;931;4287;1333;;;;
018079;Langosco;365;181;184;36;216;113;;;;
018080;Lardirago;1163;613;550;119;737;307;;;;
018081;Linarolo;2797;1388;1409;338;1848;611;;;;
018082;Lirio;122;63;59;11;75;36;;;;
018083;Lomello;2010;969;1041;174;1211;625;;;;
018084;Lungavilla;2407;1155;1252;260;1501;646;;;;
018085;Magherno;1798;893;905;209;1143;446;;;;
018086;Marcignago;2455;1247;1208;262;1615;578;;;;
018087;Marzano;1804;949;855;232;1256;316;;;;
018088;Mede;6102;2958;3144;634;3698;1770;;;;
018089;Menconico;326;170;156;23;168;135;;;;
018090;Mezzana Bigli;1061;525;536;115;612;334;;;;
018091;Mezzana Rabattone;457;225;232;38;275;144;;;;
018092;Mezzanino;1405;708;697;110;891;404;;;;
018093;Miradolo Terme;3909;1992;1917;478;2537;894;;;;
018094;Montalto Pavese;804;419;385;70;498;236;;;;
018095;Montebello della Battaglia;1437;733;704;109;872;456;;;;
018096;Montecalvo Versiggia;478;241;237;41;295;142;;;;
018097;Montescano;439;209;230;56;269;114;;;;
018098;Montesegale;239;121;118;13;145;81;;;;
018099;Monticelli Pavese;662;327;335;58;414;190;;;;
018100;Montù Beccaria;1642;818;824;156;1054;432;;;;
018101;Mornico Losana;605;303;302;51;363;191;;;;
018102;Mortara;15934;7841;8093;1864;10173;3897;;;;
018103;Nicorvo;288;143;145;20;178;90;;;;
018104;Olevano di Lomellina;723;360;363;79;442;202;;;;
018105;Oliva Gessi;163;82;81;6;93;64;;;;
018106;Ottobiano;1083;532;551;106;705;272;;;;
018107;Palestro;1895;942;953;207;1133;555;;;;
018108;Pancarana;331;165;166;33;203;95;;;;
018109;Parona;1858;939;919;200;1191;467;;;;
018110;Pavia;71811;34577;37234;7530;45493;18788;;;;
018111;Pietra de' Giorgi;777;395;382;71;500;206;;;;
018112;Pieve Albignola;792;398;394;59;504;229;;;;
018113;Pieve del Cairo;1802;879;923;158;1044;600;;;;
018114;Pieve Porto Morone;2730;1403;1327;321;1682;727;;;;
018115;Pinarolo Po;1654;806;848;167;1036;451;;;;
018116;Pizzale;670;337;333;56;425;189;;;;
018117;Ponte Nizza;740;369;371;59;407;274;;;;
018118;Portalbera;1480;728;752;165;961;354;;;;
018119;Rea;395;183;212;36;242;117;;;;
018120;Redavalle;1050;548;502;113;636;301;;;;
018121;Retorbido;1511;709;802;181;949;381;;;;
018122;Rivanazzano Terme;5150;2495;2655;522;3249;1379;;;;
018123;Robbio;6016;2965;3051;648;3671;1697;;;;
018124;Robecco Pavese;510;257;253;42;304;164;;;;
018125;Rocca de' Giorgi;37;18;19;10;24;3;;;;
018126;Rocca Susella;239;121;118;21;135;83;;;;
018127;Rognano;708;348;360;91;515;102;;;;
018128;Romagnese;528;276;252;20;247;261;;;;
018129;Roncaro;1533;770;763;223;1029;281;;;;
018130;Rosasco;560;279;281;46;349;165;;;;
018131;Rovescala;810;404;406;89;473;248;;;;
018133;San Cipriano Po;455;235;220;54;308;93;;;;
018134;San Damiano al Colle;600;311;289;48;353;199;;;;
018135;San Genesio ed Uniti;4053;1958;2095;489;2508;1056;;;;
018136;San Giorgio di Lomellina;986;511;475;76;597;313;;;;
018137;San Martino Siccomario;6666;3316;3350;711;4342;1613;;;;
018138;Sannazzaro de' Burgondi;5230;2644;2586;542;3241;1447;;;;
018139;Santa Cristina e Bissone;1848;952;896;197;1177;474;;;;
018140;Santa Giuletta;1585;776;809;189;946;450;;;;
018141;Sant'Alessio con Vialone;1058;547;511;181;701;176;;;;
018142;Santa Margherita di Staffora;424;223;201;17;205;202;;;;
018143;Santa Maria della Versa;2275;1133;1142;239;1405;631;;;;
018144;Sant'Angelo Lomellina;803;413;390;82;520;201;;;;
018145;San Zenone al Po;576;298;278;53;371;152;;;;
018146;Sartirana Lomellina;1491;722;769;126;860;505;;;;
018147;Scaldasole;853;414;439;84;540;229;;;;
018148;Semiana;192;97;95;9;114;69;;;;
018149;Silvano Pietra;622;314;308;65;366;191;;;;
018150;Siziano;6921;3445;3476;961;4567;1393;;;;
018151;Sommo;1117;572;545;110;730;277;;;;
018152;Spessa;567;271;296;62;355;150;;;;
018153;Stradella;11729;5749;5980;1356;7411;2962;;;;
018154;Suardi;573;293;280;49;342;182;;;;
018155;Torrazza Coste;1602;802;800;143;1008;451;;;;
018156;Torre Beretti e Castellaro;489;253;236;50;316;123;;;;
018157;Torre d'Arese;942;501;441;123;670;149;;;;
018158;Torre de' Negri;332;156;176;25;206;101;;;;
018159;Torre d'Isola;2497;1242;1255;297;1661;539;;;;
018160;Torrevecchia Pia;3539;1822;1717;492;2383;664;;;;
018161;Torricella Verzate;796;387;409;68;486;242;;;;
018162;Travacò Siccomario;4427;2150;2277;489;2785;1153;;;;
018163;Trivolzio;2494;1266;1228;337;1681;476;;;;
018164;Tromello;3772;1864;1908;431;2419;922;;;;
018165;Trovo;1000;519;481;117;706;177;;;;
018166;Val di Nizza;571;296;275;50;309;212;;;;
018167;Valeggio;192;104;88;14;124;54;;;;
018168;Valle Lomellina;2229;1149;1080;251;1378;600;;;;
018169;Valle Salimbene;1425;713;712;126;899;400;;;;
018171;Varzi;3073;1520;1553;272;1757;1044;;;;
018172;Velezzo Lomellina;82;42;40;7;39;36;;;;
018173;Vellezzo Bellini;3528;1781;1747;500;2329;699;;;;
018174;Verretto;380;192;188;45;236;99;;;;
018175;Verrua Po;1213;598;615;100;744;369;;;;
018176;Vidigulfo;6821;3405;3416;944;4643;1234;;;;
018177;Vigevano;63480;31008;32472;7721;39901;15858;;;;
018178;Villa Biscossi;68;35;33;6;43;19;;;;
018179;Villanova d'Ardenghi;762;385;377;83;480;199;;;;
018180;Villanterio;3441;1750;1691;412;2246;783;;;;
018181;Vistarino;1595;818;777;189;1100;306;;;;
018182;Voghera;40220;19732;20488;4440;24933;10847;;;;
018183;Volpara;131;73;58;6;88;37;;;;
018184;Zavattarello;881;431;450;74;485;322;;;;
018185;Zeccone;1717;856;861;201;1155;361;;;;
018186;Zeme;983;523;460;80;612;291;;;;
018187;Zenevredo;481;236;245;51;302;128;;;;
018188;Zerbo;407;201;206;34;243;130;;;;
018189;Zerbolò;1714;866;848;218;1089;407;;;;
018190;Zinasco;3191;1587;1604;375;2035;781;;;;
018191;Cornale e Bastida;785;397;388;82;452;251;;;;
018192;Corteolona e Genzone;2572;1276;1296;328;1620;624;;;;
018193;Colli Verdi;968;503;465;66;507;395;;;;
019001;Acquanegra Cremonese;1167;583;584;128;730;309;;;;
019002;Agnadello;3963;1983;1980;508;2704;751;;;;
019003;Annicco;1980;999;981;223;1220;537;;;;
019004;Azzanello;631;317;314;65;382;184;;;;
019005;Bagnolo Cremasco;5115;2569;2546;639;3222;1254;;;;
019006;Bonemerse;1434;702;732;156;910;368;;;;
019007;Bordolano;602;322;280;76;356;170;;;;
019009;Calvatone;1130;594;536;131;695;304;;;;
019010;Camisano;1253;633;620;130;809;314;;;;
019011;Campagnola Cremasca;649;319;330;59;439;151;;;;
019012;Capergnanica;2150;1104;1046;220;1414;516;;;;
019013;Cappella Cantone;538;271;267;66;328;144;;;;
019014;Cappella de' Picenardi;422;232;190;66;260;96;;;;
019015;Capralba;2293;1162;1131;241;1436;616;;;;
019016;Casalbuttano ed Uniti;3796;1911;1885;386;2270;1140;;;;
019017;Casale Cremasco-Vidolasco;1815;948;867;226;1211;378;;;;
019018;Casaletto Ceredano;1171;594;577;128;743;300;;;;
019019;Casaletto di Sopra;527;278;249;77;326;124;;;;
019020;Casaletto Vaprio;1778;880;898;228;1216;334;;;;
019021;Casalmaggiore;15114;7676;7438;1853;9697;3564;;;;
019022;Casalmorano;1727;868;859;236;1049;442;;;;
019023;Casteldidone;542;280;262;62;314;166;;;;
019024;Castel Gabbiano;542;290;252;69;388;85;;;;
019025;Castelleone;9340;4598;4742;1101;5723;2516;;;;
019026;Castelverde;5699;2848;2851;675;3688;1336;;;;
019027;Castelvisconti;306;161;145;37;198;71;;;;
019028;Cella Dati;514;252;262;51;308;155;;;;
019029;Chieve;2270;1129;1141;292;1503;475;;;;
019030;Cicognolo;977;489;488;108;628;241;;;;
019031;Cingia de' Botti;1171;593;578;127;707;337;;;;
019032;Corte de' Cortesi con Cignone;1070;563;507;128;711;231;;;;
019033;Corte de' Frati;1318;674;644;156;790;372;;;;
019034;Credera Rubbiano;1476;729;747;137;866;473;;;;
019035;Crema;34147;16538;17609;3726;20943;9478;;;;
019036;Cremona;71093;34732;36361;7791;43994;19308;;;;
019037;Cremosano;1730;890;840;245;1121;364;;;;
019038;Crotta d'Adda;613;325;288;73;397;143;;;;
019039;Cumignano sul Naviglio;406;213;193;42;253;111;;;;
019040;Derovere;284;145;139;25;165;94;;;;
019041;Dovera;3734;1852;1882;431;2409;894;;;;
019043;Fiesco;1217;614;603;134;822;261;;;;
019044;Formigara;1038;512;526;118;613;307;;;;
019045;Gabbioneta-Binanuova;859;436;423;108;484;267;;;;
019046;Gadesco-Pieve Delmona;1882;966;916;219;1253;410;;;;
019047;Genivolta;1082;549;533;148;664;270;;;;
019048;Gerre de' Caprioli;1310;669;641;142;877;291;;;;
019049;Gombito;611;321;290;65;388;158;;;;
019050;Grontardo;1498;751;747;183;918;397;;;;
019051;Grumello Cremonese ed Uniti;1725;884;841;180;1085;460;;;;
019052;Gussola;2687;1348;1339;324;1645;718;;;;
019053;Isola Dovarese;1065;539;526;90;645;330;;;;
019054;Izano;1951;995;956;180;1313;458;;;;
019055;Madignano;2764;1397;1367;317;1783;664;;;;
019056;Malagnino;1703;824;879;260;1092;351;;;;
019057;Martignana di Po;2024;1021;1003;284;1354;386;;;;
019058;Monte Cremasco;2217;1110;1107;281;1407;529;;;;
019059;Montodine;2394;1197;1197;250;1503;641;;;;
019060;Moscazzano;697;358;339;72;422;203;;;;
019061;Motta Baluffi;769;401;368;80;473;216;;;;
019062;Offanengo;5945;2973;2972;734;3706;1505;;;;
019063;Olmeneta;934;444;490;94;604;236;;;;
019064;Ostiano;2825;1450;1375;347;1689;789;;;;
019065;Paderno Ponchielli;1292;666;626;131;769;392;;;;
019066;Palazzo Pignano;3793;1912;1881;432;2422;939;;;;
019067;Pandino;8988;4457;4531;1050;5678;2260;;;;
019068;Persico Dosimo;3250;1621;1629;375;2118;757;;;;
019069;Pescarolo ed Uniti;1547;778;769;177;960;410;;;;
019070;Pessina Cremonese;574;298;276;51;341;182;;;;
019072;Pianengo;2570;1309;1261;318;1655;597;;;;
019073;Pieranica;1107;562;545;130;711;266;;;;
019074;Pieve d'Olmi;1238;613;625;153;767;318;;;;
019075;Pieve San Giacomo;1571;790;781;217;968;386;;;;
019076;Pizzighettone;6242;3081;3161;638;3777;1827;;;;
019077;Pozzaglio ed Uniti;1416;715;701;187;912;317;;;;
019078;Quintano;932;470;462;112;626;194;;;;
019079;Ricengo;1724;893;831;205;1216;303;;;;
019080;Ripalta Arpina;1088;568;520;141;677;270;;;;
019081;Ripalta Cremasca;3454;1726;1728;419;2176;859;;;;
019082;Ripalta Guerina;538;285;253;60;363;115;;;;
019083;Rivarolo del Re ed Uniti;1848;955;893;202;1158;488;;;;
019084;Rivolta d'Adda;8358;4130;4228;961;5286;2111;;;;
019085;Robecco d'Oglio;2250;1107;1143;291;1322;637;;;;
019086;Romanengo;3257;1620;1637;405;2139;713;;;;
019087;Salvirola;1143;572;571;142;759;242;;;;
019088;San Bassano;2057;981;1076;241;1258;558;;;;
019089;San Daniele Po;1297;677;620;134;775;388;;;;
019090;San Giovanni in Croce;1915;983;932;252;1231;432;;;;
019091;San Martino del Lago;384;190;194;22;240;122;;;;
019092;Scandolara Ravara;1237;644;593;109;746;382;;;;
019093;Scandolara Ripa d'Oglio;505;266;239;44;286;175;;;;
019094;Sergnano;3460;1770;1690;366;2310;784;;;;
019095;Sesto ed Uniti;3286;1660;1626;441;2041;804;;;;
019096;Solarolo Rainerio;921;465;456;118;554;249;;;;
019097;Soncino;7554;3780;3774;825;4626;2103;;;;
019098;Soresina;9306;4689;4617;1304;5678;2324;;;;
019099;Sospiro;3041;1569;1472;318;1871;852;;;;
019100;Spinadesco;1485;741;744;143;978;364;;;;
019101;Spineda;608;295;313;72;359;177;;;;
019102;Spino d'Adda;7013;3497;3516;938;4501;1574;;;;
019103;Stagno Lombardo;1402;712;690;171;820;411;;;;
019104;Ticengo;455;228;227;56;305;94;;;;
019105;Torlino Vimercati;451;229;222;54;277;120;;;;
019106;Tornata;400;223;177;36;261;103;;;;
019107;Torre de' Picenardi;2183;1121;1062;249;1307;627;;;;
019108;Torricella del Pizzo;585;302;283;77;344;164;;;;
019109;Trescore Cremasco;2916;1435;1481;360;1923;633;;;;
019110;Trigolo;1648;780;868;170;1000;478;;;;
019111;Vaiano Cremasco;3592;1813;1779;371;2257;964;;;;
019112;Vailate;4723;2379;2344;554;3090;1079;;;;
019113;Vescovato;3994;2024;1970;492;2552;950;;;;
019114;Volongo;455;241;214;36;269;150;;;;
019115;Voltido;334;168;166;19;209;106;;;;
019116;Piadena Drizzona;4063;2055;2008;471;2496;1096;;;;
020001;Acquanegra sul Chiese;2722;1363;1359;285;1685;752;;;;
020002;Asola;9870;4863;5007;1102;6251;2517;;;;
020003;Bagnolo San Vito;5855;2929;2926;700;3678;1477;;;;
020007;Bozzolo;4081;2043;2038;483;2457;1141;;;;
020008;Canneto sull'Oglio;4445;2273;2172;564;2753;1128;;;;
020010;Casalmoro;2216;1128;1088;246;1503;467;;;;
020011;Casaloldo;2624;1312;1312;387;1656;581;;;;
020012;Casalromano;1498;759;739;174;962;362;;;;
020013;Castelbelforte;3381;1719;1662;448;2194;739;;;;
020014;Castel d'Ario;4663;2318;2345;553;2999;1111;;;;
020015;Castel Goffredo;12732;6432;6300;1793;8486;2453;;;;
020016;Castellucchio;5161;2600;2561;627;3236;1298;;;;
020017;Castiglione delle Stiviere;23950;11968;11982;3170;15901;4879;;;;
020018;Cavriana;3654;1806;1848;353;2298;1003;;;;
020019;Ceresara;2465;1259;1206;298;1556;611;;;;
020020;Commessaggio;1022;506;516;115;615;292;;;;
020021;Curtatone;14691;7203;7488;1701;9349;3641;;;;
020022;Dosolo;3155;1566;1589;364;1988;803;;;;
020024;Gazoldo degli Ippoliti;3046;1560;1486;404;1935;707;;;;
020025;Gazzuolo;2035;1016;1019;199;1196;640;;;;
020026;Goito;10135;5101;5034;1220;6419;2496;;;;
020027;Gonzaga;8574;4386;4188;1044;5525;2005;;;;
020028;Guidizzolo;6045;3042;3003;827;3866;1352;;;;
020029;Magnacavallo;1399;715;684;131;827;441;;;;
020030;Mantova;50215;24151;26064;5503;31501;13211;;;;
020031;Marcaria;6338;3150;3188;684;3815;1839;;;;
020032;Mariana Mantovana;794;385;409;128;504;162;;;;
020033;Marmirolo;7653;3790;3863;841;4830;1982;;;;
020034;Medole;4243;2159;2084;575;2821;847;;;;
020035;Moglia;5394;2709;2685;578;3340;1476;;;;
020036;Monzambano;4805;2380;2425;554;3006;1245;;;;
020037;Motteggiana;2408;1263;1145;280;1616;512;;;;
020038;Ostiglia;6849;3474;3375;790;4192;1867;;;;
020039;Pegognaga;6972;3466;3506;828;4344;1800;;;;
020041;Piubega;1747;891;856;213;1104;430;;;;
020042;Poggio Rusco;6255;3166;3089;718;3967;1570;;;;
020043;Pomponesco;1757;847;910;173;1151;433;;;;
020044;Ponti sul Mincio;2277;1112;1165;248;1463;566;;;;
020045;Porto Mantovano;16715;8264;8451;1947;10464;4304;;;;
020046;Quingentole;1016;501;515;105;625;286;;;;
020047;Quistello;5281;2629;2652;529;3180;1572;;;;
020048;Redondesco;1188;589;599;134;711;343;;;;
020050;Rivarolo Mantovano;2302;1142;1160;233;1373;696;;;;
020051;Rodigo;5174;2562;2612;587;3239;1348;;;;
020052;Roncoferraro;6935;3422;3513;758;4301;1876;;;;
020053;Roverbella;8714;4331;4383;1079;5617;2018;;;;
020054;Sabbioneta;4076;2033;2043;430;2511;1135;;;;
020055;San Benedetto Po;6792;3416;3376;694;4145;1953;;;;
020056;San Giacomo delle Segnate;1508;760;748;142;919;447;;;;
020057;San Giorgio Bigarello;11958;5937;6021;1347;7884;2727;;;;
020058;San Giovanni del Dosso;1244;632;612;151;774;319;;;;
020059;San Martino dall'Argine;1604;807;797;141;937;526;;;;
020060;Schivenoglia;1135;601;534;101;718;316;;;;
020061;Sermide e Felonica;7040;3578;3462;748;4052;2240;;;;
020062;Serravalle a Po;1474;745;729;153;891;430;;;;
020063;Solferino;2639;1307;1332;301;1685;653;;;;
020064;Sustinente;1986;996;990;223;1201;562;;;;
020065;Suzzara;21318;10730;10588;2802;13530;4986;;;;
020066;Viadana;19787;10000;9787;2439;12950;4398;;;;
020068;Villimpenta;2152;1090;1062;264;1333;555;;;;
020070;Volta Mantovana;7248;3557;3691;746;4727;1775;;;;
020071;Borgo Virgilio;15052;7473;7579;1894;9488;3670;;;;
020072;Borgo Mantovano;5379;2651;2728;616;3251;1512;;;;
020073;Borgocarbonara;1872;941;931;208;1090;574;;;;
021001;Aldino/Aldein;1609;831;778;246;1021;342;;;;
021002;Andriano/Andrian;1058;532;526;155;691;212;;;;
021003;Anterivo/Altrei;388;197;191;58;234;96;;;;
021004;Appiano sulla strada del vino/Eppan an der Weinstraße;15062;7500;7562;2178;9560;3324;;;;
021005;Avelengo/Hafling;823;425;398;121;549;153;;;;
021006;Badia/Abtei;3589;1779;1810;469;2387;733;;;;
021007;Barbiano/Barbian;1788;891;897;303;1139;346;;;;
021008;Bolzano/Bozen;106901;51726;55175;13960;66819;26122;;;;
021009;Braies/Prags;690;347;343;102;449;139;;;;
021010;Brennero/Brenner;2434;1266;1168;367;1584;483;;;;
021011;Bressanone/Brixen;23350;11427;11923;3572;15022;4756;;;;
021012;Bronzolo/Branzoll;2824;1402;1422;417;1760;647;;;;
021013;Brunico/Bruneck;17166;8538;8628;2464;10956;3746;;;;
021014;Caines/Kuens;386;185;201;38;275;73;;;;
021015;Caldaro sulla strada del vino/Kaltern an der Weinstraße;8301;4064;4237;1230;5255;1816;;;;
021016;Campo di Trens/Freienfeld;2811;1458;1353;421;1863;527;;;;
021017;Campo Tures/Sand in Taufers;5877;2942;2935;923;3871;1083;;;;
021018;Castelbello-Ciardes/Kastelbell-Tschars;2418;1227;1191;383;1493;542;;;;
021019;Castelrotto/Kastelruth;7062;3578;3484;1010;4586;1466;;;;
021020;Cermes/Tscherms;1653;818;835;274;1040;339;;;;
021021;Chienes/Kiens;3067;1561;1506;477;2004;586;;;;
021022;Chiusa/Klausen;5225;2645;2580;800;3347;1078;;;;
021023;Cornedo all'Isarco/Karneid;3447;1724;1723;514;2285;648;;;;
021024;Cortaccia sulla strada del vino/Kurtatsch an der Weinstraße;2238;1094;1144;307;1477;454;;;;
021025;Cortina sulla strada del vino/Kurtinig an der Weinstraße;676;340;336;96;428;152;;;;
021026;Corvara in Badia/Corvara;1438;707;731;194;944;300;;;;
021027;Curon Venosta/Graun im Vinschgau;2398;1223;1175;361;1548;489;;;;
021028;Dobbiaco/Toblach;3492;1738;1754;511;2263;718;;;;
021029;Egna/Neumarkt;5518;2713;2805;781;3522;1215;;;;
021030;Falzes/Pfalzen;3192;1622;1570;541;2110;541;;;;
021031;Fiè allo Sciliar/Völs am Schlern;3747;1869;1878;579;2484;684;;;;
021032;Fortezza/Franzensfeste;1139;598;541;191;761;187;;;;
021033;Funes/Villnöß;2550;1290;1260;404;1683;463;;;;
021034;Gais/Gais;3283;1676;1607;459;2166;658;;;;
021035;Gargazzone/Gargazon;1790;862;928;268;1159;363;;;;
021036;Glorenza/Glurns;937;464;473;152;545;240;;;;
021037;Laces/Latsch;5279;2616;2663;822;3389;1068;;;;
021038;Lagundo/Algund;5075;2447;2628;724;3223;1128;;;;
021039;Laion/Lajen;2833;1439;1394;450;1860;523;;;;
021040;Laives/Leifers;18681;9309;9372;2551;12023;4107;;;;
021041;Lana/Lana;12745;6291;6454;1985;8146;2614;;;;
021042;Lasa/Laas;4182;2093;2089;698;2670;814;;;;
021043;Lauregno/Laurein;316;178;138;34;230;52;;;;
021044;Luson/Lüsen;1579;801;778;261;1033;285;;;;
021045;Magrè sulla strada del vino/Margreid an der Weinstraße;1312;661;651;204;832;276;;;;
021046;Malles Venosta/Mals;5246;2672;2574;840;3408;998;;;;
021047;Marebbe/Enneberg;3221;1630;1591;552;2036;633;;;;
021048;Marlengo/Marling;2910;1489;1421;420;1902;588;;;;
021049;Martello/Martell;840;457;383;123;551;166;;;;
021050;Meltina/Mölten;1724;880;844;270;1156;298;;;;
021051;Merano/Meran;41658;20261;21397;5674;26216;9768;;;;
021052;Monguelfo-Tesido/Welsberg-Taisten;2904;1458;1446;424;1877;603;;;;
021053;Montagna sulla strada del vino/Montan an der Weinstraße;1766;886;880;271;1145;350;;;;
021054;Moso in Passiria/Moos in Passeier;2029;1082;947;360;1298;371;;;;
021055;Nalles/Nals;2111;1054;1057;327;1375;409;;;;
021056;Naturno/Naturns;6101;3057;3044;922;3949;1230;;;;
021057;Naz-Sciaves/Natz-Schabs;3522;1767;1755;643;2290;589;;;;
021058;Nova Levante/Welschnofen;2110;1108;1002;315;1340;455;;;;
021059;Nova Ponente/Deutschnofen;4148;2122;2026;666;2615;867;;;;
021060;Ora/Auer;3932;1930;2002;585;2526;821;;;;
021061;Ortisei/St. Ulrich;4710;2337;2373;649;2968;1093;;;;
021062;Parcines/Partschins;3973;1947;2026;600;2530;843;;;;
021063;Perca/Percha;1768;885;883;313;1149;306;;;;
021064;Plaus/Plaus;760;386;374;118;521;121;;;;
021065;Ponte Gardena/Waidbruck;271;145;126;43;194;34;;;;
021066;Postal/Burgstall;2057;1023;1034;304;1351;402;;;;
021067;Prato allo Stelvio/Prad am Stilfserjoch;3866;1932;1934;664;2423;779;;;;
021068;Predoi/Prettau;508;261;247;52;311;145;;;;
021069;Proves/Proveis;243;140;103;27;156;60;;;;
021070;Racines/Ratschings;4702;2432;2270;765;3107;830;;;;
021071;Rasun-Anterselva/Rasen-Antholz;2936;1487;1449;443;1893;600;;;;
021072;Renon/Ritten;8332;4208;4124;1320;5339;1673;;;;
021073;Rifiano/Riffian;1393;710;683;222;894;277;;;;
021074;Rio di Pusteria/Mühlbach;3330;1673;1657;534;2145;651;;;;
021075;Rodengo/Rodeneck;1304;673;631;232;862;210;;;;
021076;Salorno sulla strada del vino/Salurn an der Weinstraße;3835;1942;1893;623;2467;745;;;;
021077;San Candido/Innichen;3318;1611;1707;499;2015;804;;;;
021079;San Genesio Atesino/Jenesien;3026;1546;1480;472;1973;581;;;;
021080;San Leonardo in Passiria/St. Leonhard in Passeier;3680;1887;1793;631;2292;757;;;;
021081;San Lorenzo di Sebato/St. Lorenzen;3993;2040;1953;603;2653;737;;;;
021082;San Martino in Badia/St. Martin in Thurn;1794;937;857;285;1157;352;;;;
021083;San Martino in Passiria/St. Martin in Passeier;3323;1686;1637;558;2148;617;;;;
021084;San Pancrazio/St. Pankraz;1548;807;741;198;990;360;;;;
021085;Santa Cristina Valgardena/St. Christina in Gröden;2036;1011;1025;324;1288;424;;;;
021086;Sarentino/Sarntal;7282;3685;3597;1194;4592;1496;;;;
021087;Scena/Schenna;3069;1538;1531;460;1985;624;;;;
021088;Selva dei Molini/Mühlwald;1367;706;661;187;883;297;;;;
021089;Selva di Val Gardena/Wolkenstein in Gröden;2630;1288;1342;360;1736;534;;;;
021091;Senales/Schnals;1234;639;595;196;743;295;;;;
021092;Sesto/Sexten;1799;897;902;209;1177;413;;;;
021093;Silandro/Schlanders;6408;3217;3191;1044;4041;1323;;;;
021094;Sluderno/Schluderns;1894;952;942;291;1240;363;;;;
021095;Stelvio/Stilfs;1179;598;581;175;734;270;;;;
021096;Terento/Terenten;1837;954;883;323;1192;322;;;;
021097;Terlano/Terlan;5017;2539;2478;786;3273;958;;;;
021098;Termeno sulla strada del vino/Tramin an der Weinstraße;3393;1689;1704;530;2067;796;;;;
021099;Tesimo/Tisens;2083;1060;1023;323;1332;428;;;;
021100;Tires/Tiers;1036;492;544;167;652;217;;;;
021101;Tirolo/Tirol;2493;1241;1252;336;1603;554;;;;
021102;Trodena nel parco naturale/Truden im Naturpark;1068;532;536;174;663;231;;;;
021103;Tubre/Taufers im Münstertal;961;462;499;158;600;203;;;;
021104;Ultimo/Ulten;2921;1462;1459;522;1761;638;;;;
021105;Vadena/Pfatten;1097;593;504;195;696;206;;;;
021106;Valdaora/Olang;3276;1654;1622;494;2077;705;;;;
021107;Val di Vizze/Pfitsch;3107;1571;1536;505;1971;631;;;;
021108;Valle Aurina/Ahrntal;6016;3076;2940;911;3952;1153;;;;
021109;Valle di Casies/Gsies;2356;1205;1151;411;1463;482;;;;
021110;Vandoies/Vintl;3384;1697;1687;570;2171;643;;;;
021111;Varna/Vahrn;5104;2587;2517;838;3341;925;;;;
021112;Verano/Vöran;1013;534;479;192;640;181;;;;
021113;Villabassa/Niederdorf;1607;822;785;212;1080;315;;;;
021114;Villandro/Villanders;1872;959;913;263;1238;371;;;;
021115;Vipiteno/Sterzing;7040;3503;3537;1053;4465;1522;;;;
021116;Velturno/Feldthurns;3101;1582;1519;591;1997;513;;;;
021117;La Valle/Wengen;1419;726;693;255;915;249;;;;
021118;Senale-San Felice/Unsere Liebe Frau im Walde-St. Felix;814;422;392;150;517;147;;;;
022001;Ala;8898;4496;4402;1161;5704;2033;;;;
022002;Albiano;1549;788;761;222;978;349;;;;
022003;Aldeno;3360;1665;1695;473;2162;725;;;;
022005;Andalo;1237;593;644;148;795;294;;;;
022006;Arco;17747;8676;9071;2201;11258;4288;;;;
022007;Avio;4118;2052;2066;561;2581;976;;;;
022009;Baselga di Pinè;5326;2673;2653;723;3303;1300;;;;
022011;Bedollo;1500;756;744;174;894;432;;;;
022013;Besenello;2834;1428;1406;422;1875;537;;;;
022015;Bieno;481;235;246;49;295;137;;;;
022017;Bleggio Superiore;1545;788;757;199;941;405;;;;
022018;Bocenago;410;211;199;43;270;97;;;;
022021;Bondone;627;316;311;61;392;174;;;;
022022;Borgo Valsugana;7252;3628;3624;875;4577;1800;;;;
022025;Brentonico;4184;2102;2082;512;2619;1053;;;;
022026;Bresimo;240;120;120;27;135;78;;;;
022029;Caderzone Terme;692;357;335;72;455;165;;;;
022032;Calceranica al Lago;1397;696;701;200;877;320;;;;
022033;Caldes;1122;558;564;135;702;285;;;;
022034;Caldonazzo;4010;1946;2064;568;2562;880;;;;
022035;Calliano;2057;1048;1009;351;1362;344;;;;
022036;Campitello di Fassa;661;324;337;62;421;178;;;;
022037;Campodenno;1532;804;728;191;947;394;;;;
022038;Canal San Bovo;1484;718;766;205;862;417;;;;
022039;Canazei;1903;904;999;222;1240;441;;;;
022040;Capriana;598;308;290;79;377;142;;;;
022042;Carisolo;895;439;456;96;571;228;;;;
022043;Carzano;518;259;259;73;302;143;;;;
022045;Castel Condino;211;107;104;12;123;76;;;;
022047;Castello-Molina di Fiemme;2327;1165;1162;270;1470;587;;;;
022048;Castello Tesino;1157;596;561;97;665;395;;;;
022049;Castelnuovo;1088;546;542;140;701;247;;;;
022050;Cavalese;4026;1957;2069;481;2565;980;;;;
022051;Cavareno;1155;592;563;139;724;292;;;;
022052;Cavedago;609;317;292;98;379;132;;;;
022053;Cavedine;3103;1563;1540;340;1990;773;;;;
022054;Cavizzana;231;111;120;22;150;59;;;;
022058;Cimone;743;379;364;113;465;165;;;;
022059;Cinte Tesino;352;178;174;36;202;114;;;;
022060;Cis;294;140;154;26;186;82;;;;
022061;Civezzano;4177;2090;2087;562;2693;922;;;;
022062;Cles;7480;3636;3844;1008;4603;1869;;;;
022064;Commezzadura;1005;499;506;122;641;242;;;;
022068;Croviana;677;343;334;71;440;166;;;;
022071;Dambel;391;206;185;43;243;105;;;;
022074;Denno;1246;647;599;134;777;335;;;;
022078;Drena;609;312;297;66;381;162;;;;
022079;Dro;5088;2530;2558;731;3309;1048;;;;
022081;Fai della Paganella;941;469;472;93;575;273;;;;
022083;Fiavè;1103;542;561;143;670;290;;;;
022085;Fierozzo;454;246;208;60;283;111;;;;
022087;Folgaria;3169;1571;1598;327;1935;907;;;;
022089;Fornace;1363;706;657;184;890;289;;;;
022090;Frassilongo;336;174;162;37;207;92;;;;
022091;Garniga Terme;427;226;201;56;263;108;;;;
022092;Giovo;2518;1294;1224;349;1540;629;;;;
022093;Giustino;752;373;379;98;448;206;;;;
022095;Grigno;2030;1009;1021;214;1217;599;;;;
022097;Imer;1152;593;559;151;706;295;;;;
022098;Isera;2816;1399;1417;418;1692;706;;;;
022102;Lavarone;1205;610;595;117;765;323;;;;
022103;Lavis;9208;4583;4625;1297;5837;2074;;;;
022104;Levico Terme;8334;4085;4249;1042;5265;2027;;;;
022106;Livo;774;395;379;88;480;206;;;;
022108;Lona-Lases;882;452;430;128;571;183;;;;
022109;Luserna;263;130;133;40;142;81;;;;
022110;Malé;2296;1120;1176;265;1389;642;;;;
022112;Massimeno;134;71;63;17;89;28;;;;
022113;Mazzin;616;297;319;77;413;126;;;;
022114;Mezzana;883;429;454;101;564;218;;;;
022115;Mezzano;1584;803;781;198;989;397;;;;
022116;Mezzocorona;5462;2679;2783;757;3356;1349;;;;
022117;Mezzolombardo;7799;3882;3917;1080;5003;1716;;;;
022118;Moena;2551;1233;1318;261;1588;702;;;;
022120;Molveno;1100;525;575;110;723;267;;;;
022123;Mori;10328;5172;5156;1351;6555;2422;;;;
022124;Nago-Torbole;2732;1372;1360;279;1845;608;;;;
022127;Nogaredo;2104;1068;1036;276;1309;519;;;;
022128;Nomi;1360;665;695;165;854;341;;;;
022129;Novaledo;1151;563;588;158;766;227;;;;
022130;Ospedaletto;792;407;385;104;488;200;;;;
022131;Ossana;826;403;423;81;518;227;;;;
022133;Palù del Fersina;173;85;88;8;111;54;;;;
022134;Panchià;819;403;416;100;524;195;;;;
022135;Ronzo-Chienis;1004;534;470;133;584;287;;;;
022136;Peio;1795;934;861;197;1066;532;;;;
022137;Pellizzano;740;364;376;97;399;244;;;;
022138;Pelugo;388;184;204;42;266;80;;;;
022139;Pergine Valsugana;21635;10556;11079;2773;13930;4932;;;;
022142;Pieve Tesino;666;338;328;63;387;216;;;;
022143;Pinzolo;3076;1496;1580;320;1930;826;;;;
022144;Pomarolo;2416;1234;1182;319;1535;562;;;;
022147;Predazzo;4510;2220;2290;436;2921;1153;;;;
022150;Rabbi;1374;706;668;157;840;377;;;;
022153;Riva del Garda;17758;8550;9208;2207;11277;4274;;;;
022155;Romeno;1529;786;743;213;909;407;;;;
022156;Roncegno Terme;3020;1498;1522;409;1894;717;;;;
022157;Ronchi Valsugana;450;237;213;61;281;108;;;;
022159;Ronzone;515;263;252;68;322;125;;;;
022160;Roverè della Luna;1658;857;801;219;1063;376;;;;
022161;Rovereto;40513;19516;20997;5136;25106;10271;;;;
022162;Ruffrè-Mendola;399;217;182;37;234;128;;;;
022163;Rumo;783;399;384;78;469;236;;;;
022164;Sagron Mis;171;88;83;19;102;50;;;;
022165;Samone;540;268;272;58;326;156;;;;
022167;San Michele all'Adige;4098;2066;2032;594;2705;799;;;;
022168;Sant'Orsola Terme;1141;576;565;149;733;259;;;;
022169;Sanzeno;900;458;442;124;518;258;;;;
022170;Sarnonico;783;388;395;100;481;202;;;;
022171;Scurelle;1381;688;693;191;896;294;;;;
022172;Segonzano;1408;703;705;140;923;345;;;;
022173;Sfruz;383;189;194;54;228;101;;;;
022176;Soraga di Fassa;714;364;350;97;457;160;;;;
022177;Sover;807;415;392;89;478;240;;;;
022179;Spiazzo;1275;633;642;142;785;348;;;;
022180;Spormaggiore;1293;694;599;155;807;331;;;;
022181;Sporminore;722;365;357;80;457;185;;;;
022182;Stenico;1186;626;560;154;726;306;;;;
022183;Storo;4495;2200;2295;534;2836;1125;;;;
022184;Strembo;571;294;277;71;362;138;;;;
022188;Telve;1938;952;986;235;1178;525;;;;
022189;Telve di Sopra;618;324;294;71;378;169;;;;
022190;Tenna;1063;536;527;115;667;281;;;;
022191;Tenno;2054;1004;1050;273;1272;509;;;;
022193;Terragnolo;703;375;328;55;454;194;;;;
022195;Terzolas;644;314;330;89;380;175;;;;
022196;Tesero;2996;1515;1481;364;1918;714;;;;
022199;Tione di Trento;3772;1876;1896;518;2301;953;;;;
022200;Ton;1306;682;624;155;854;297;;;;
022202;Torcegno;704;347;357;67;446;191;;;;
022203;Trambileno;1519;768;751;196;957;366;;;;
022205;Trento;119359;58481;60878;14527;75153;29679;;;;
022209;Valfloriana;477;235;242;47;294;136;;;;
022210;Vallarsa;1400;715;685;155;839;406;;;;
022213;Vermiglio;1767;882;885;201;1140;426;;;;
022216;Vignola-Falesina;217;119;98;39;139;39;;;;
022222;Villa Lagarina;3865;1957;1908;504;2465;896;;;;
022224;Volano;3182;1583;1599;375;2038;769;;;;
022226;Ziano di Fiemme;1752;845;907;228;1115;409;;;;
022228;Comano Terme;3059;1525;1534;463;1910;686;;;;
022229;Ledro;5478;2693;2785;656;3531;1291;;;;
022230;Predaia;7054;3560;3494;1022;4405;1627;;;;
022231;San Lorenzo Dorsino;1565;780;785;200;915;450;;;;
022232;Valdaone;1165;606;559;127;637;401;;;;
022233;Dimaro Folgarida;2130;1044;1086;251;1360;519;;;;
022234;Pieve di Bono-Prezzo;1461;738;723;169;859;433;;;;
022235;Altavalle;1645;837;808;205;1001;439;;;;
022236;Altopiano della Vigolana;5201;2600;2601;688;3344;1169;;;;
022237;Amblar-Don;554;281;273;94;320;140;;;;
022238;Borgo Chiese;1926;971;955;232;1176;518;;;;
022239;Borgo Lares;734;378;356;108;420;206;;;;
022240;Castel Ivano;3309;1652;1657;405;2113;791;;;;
022241;Cembra Lisignago;2374;1216;1158;325;1480;569;;;;
022242;Contà;1423;699;724;159;878;386;;;;
022243;Madruzzo;3006;1522;1484;397;1901;708;;;;
022244;Porte di Rendena;1814;911;903;254;1169;391;;;;
022245;Primiero San Martino di Castrozza;4964;2433;2531;556;3061;1347;;;;
022246;Sella Giudicarie;2985;1510;1475;417;1825;743;;;;
022247;Tre Ville;1359;671;688;170;830;359;;;;
022248;Vallelaghi;5227;2646;2581;660;3366;1201;;;;
022249;Ville d'Anaunia;4659;2347;2312;522;2815;1322;;;;
022250;San Giovanni di Fassa-Sèn Jan;3633;1810;1823;463;2500;670;;;;
022251;Terre d'Adige;3128;1602;1526;433;2012;683;;;;
022252;Borgo d'Anaunia;2601;1333;1268;346;1553;702;;;;
022253;Novella;3581;1829;1752;470;2130;981;;;;
022254;Ville di Fiemme;2633;1321;1312;313;1661;659;;;;
023001;Affi;2504;1253;1251;307;1628;569;;;;
023002;Albaredo d'Adige;5298;2689;2609;681;3380;1237;;;;
023003;Angiari;2544;1261;1283;347;1629;568;;;;
023004;Arcole;6419;3229;3190;871;4204;1344;;;;
023005;Badia Calavena;2707;1362;1345;374;1699;634;;;;
023006;Bardolino;6816;3320;3496;735;4211;1870;;;;
023007;Belfiore;3408;1775;1633;457;2223;728;;;;
023008;Bevilacqua;1817;944;873;221;1175;421;;;;
023009;Bonavigo;1990;1074;916;250;1289;451;;;;
023010;Boschi Sant'Anna;1385;689;696;160;884;341;;;;
023011;Bosco Chiesanuova;3593;1924;1669;434;2270;889;;;;
023012;Bovolone;16392;8227;8165;2089;10719;3584;;;;
023013;Brentino Belluno;1368;702;666;157;864;347;;;;
023014;Brenzone sul Garda;2436;1136;1300;250;1511;675;;;;
023015;Bussolengo;21037;10353;10684;2645;13821;4571;;;;
023016;Buttapietra;7031;3538;3493;889;4649;1493;;;;
023017;Caldiero;8160;4120;4040;1127;5471;1562;;;;
023018;Caprino Veronese;8775;4349;4426;1024;5579;2172;;;;
023019;Casaleone;5672;2881;2791;639;3514;1519;;;;
023020;Castagnaro;3497;1741;1756;363;2107;1027;;;;
023021;Castel d'Azzano;12333;6100;6233;1588;8007;2738;;;;
023022;Castelnuovo del Garda;13306;6572;6734;1678;8841;2787;;;;
023023;Cavaion Veronese;5995;2938;3057;757;3958;1280;;;;
023024;Cazzano di Tramigna;1466;722;744;180;949;337;;;;
023025;Cerea;17304;8607;8697;2138;10986;4180;;;;
023026;Cerro Veronese;2698;1370;1328;342;1785;571;;;;
023027;Cologna Veneta;8543;4286;4257;1034;5496;2013;;;;
023028;Colognola ai Colli;8801;4416;4385;1248;5667;1886;;;;
023029;Concamarise;1060;547;513;139;664;257;;;;
023030;Costermano sul Garda;3996;1994;2002;447;2670;879;;;;
023031;Dolcè;2536;1278;1258;305;1633;598;;;;
023032;Erbè;1922;961;961;289;1218;415;;;;
023033;Erbezzo;850;481;369;99;540;211;;;;
023034;Ferrara di Monte Baldo;302;162;140;11;201;90;;;;
023035;Fumane;4193;2171;2022;492;2708;993;;;;
023036;Garda;4044;1989;2055;478;2534;1032;;;;
023037;Gazzo Veronese;5226;2634;2592;596;3275;1355;;;;
023038;Grezzana;10775;5439;5336;1300;6937;2538;;;;
023039;Illasi;5149;2602;2547;642;3199;1308;;;;
023040;Isola della Scala;11825;5977;5848;1447;7541;2837;;;;
023041;Isola Rizza;3317;1671;1646;447;2141;729;;;;
023042;Lavagno;8730;4321;4409;1100;5920;1710;;;;
023043;Lazise;6771;3329;3442;714;4399;1658;;;;
023044;Legnago;26084;12750;13334;2947;16090;7047;;;;
023045;Malcesine;3472;1693;1779;386;2125;961;;;;
023046;Marano di Valpolicella;3085;1527;1558;331;1968;786;;;;
023047;Mezzane di Sotto;2502;1232;1270;310;1521;671;;;;
023048;Minerbe;4644;2335;2309;579;2924;1141;;;;
023049;Montecchia di Crosara;4323;2248;2075;551;2775;997;;;;
023050;Monteforte d'Alpone;8953;4564;4389;1310;5763;1880;;;;
023051;Mozzecane;8200;4234;3966;1232;5516;1452;;;;
023052;Negrar di Valpolicella;16378;8086;8292;1771;10112;4495;;;;
023053;Nogara;8488;4252;4236;1063;5408;2017;;;;
023054;Nogarole Rocca;3888;2068;1820;543;2634;711;;;;
023055;Oppeano;10383;5269;5114;1523;6871;1989;;;;
023056;Palù;1196;603;593;142;778;276;;;;
023057;Pastrengo;3089;1551;1538;385;2034;670;;;;
023058;Pescantina;17630;8794;8836;2255;11860;3515;;;;
023059;Peschiera del Garda;10905;5252;5653;1267;7005;2633;;;;
023060;Povegliano Veronese;7401;3666;3735;920;4778;1703;;;;
023061;Pressana;2511;1332;1179;335;1571;605;;;;
023062;Rivoli Veronese;2368;1215;1153;267;1574;527;;;;
023063;Roncà;3755;1927;1828;539;2365;851;;;;
023064;Ronco all'Adige;6195;3151;3044;775;3999;1421;;;;
023065;Roverchiara;2596;1368;1228;332;1673;591;;;;
023066;Roveredo di Guà;1657;827;830;251;1079;327;;;;
023067;Roverè Veronese;2169;1099;1070;270;1380;519;;;;
023068;Salizzole;3758;1932;1826;497;2317;944;;;;
023069;San Bonifacio;21399;10788;10611;2864;13928;4607;;;;
023070;San Giovanni Ilarione;4848;2446;2402;598;3062;1188;;;;
023071;San Giovanni Lupatoto;25427;12503;12924;3134;16307;5986;;;;
023072;Sanguinetto;4318;2212;2106;581;2723;1014;;;;
023073;San Martino Buon Albergo;16797;8354;8443;2441;10774;3582;;;;
023074;San Mauro di Saline;606;319;287;77;387;142;;;;
023075;San Pietro di Morubio;3145;1647;1498;432;1964;749;;;;
023076;San Pietro in Cariano;12996;6254;6742;1407;8179;3410;;;;
023077;Sant'Ambrogio di Valpolicella;11870;5855;6015;1471;7732;2667;;;;
023078;Sant'Anna d'Alfaedo;2660;1446;1214;309;1751;600;;;;
023079;San Zeno di Montagna;1544;797;747;166;970;408;;;;
023080;Selva di Progno;921;488;433;99;559;263;;;;
023081;Soave;7126;3549;3577;909;4463;1754;;;;
023082;Sommacampagna;14480;7222;7258;1658;9491;3331;;;;
023083;Sona;17761;8834;8927;2181;11624;3956;;;;
023084;Sorgà;2979;1564;1415;348;1852;779;;;;
023085;Terrazzo;2143;1064;1079;263;1293;587;;;;
023086;Torri del Benaco;2856;1383;1473;287;1743;826;;;;
023087;Tregnago;5065;2525;2540;700;3054;1311;;;;
023088;Trevenzuolo;2801;1494;1307;389;1778;634;;;;
023089;Valeggio sul Mincio;16040;7911;8129;2256;10577;3207;;;;
023090;Velo Veronese;772;411;361;90;494;188;;;;
023091;Verona;255139;122454;132685;28416;159132;67591;;;;
023092;Veronella;5189;2643;2546;810;3417;962;;;;
023093;Vestenanova;2499;1303;1196;332;1576;591;;;;
023094;Vigasio;10342;5234;5108;1481;6817;2044;;;;
023095;Villa Bartolomea;5895;2933;2962;717;3640;1538;;;;
023096;Villafranca di Verona;32785;16085;16700;3891;21336;7558;;;;
023097;Zevio;15937;7963;7974;2154;10581;3202;;;;
023098;Zimella;4881;2507;2374;678;3137;1066;;;;
024001;Agugliaro;1406;705;701;181;888;337;;;;
024002;Albettone;1959;983;976;215;1284;460;;;;
024003;Alonte;1558;791;767;178;1069;311;;;;
024004;Altavilla Vicentina;11760;5876;5884;1335;7876;2549;;;;
024005;Altissimo;2157;1117;1040;281;1410;466;;;;
024006;Arcugnano;7595;3807;3788;821;4819;1955;;;;
024007;Arsiero;3065;1564;1501;321;1878;866;;;;
024008;Arzignano;25894;13295;12599;3425;16913;5556;;;;
024009;Asiago;6203;3023;3180;661;3703;1839;;;;
024010;Asigliano Veneto;841;427;414;113;520;208;;;;
024012;Bassano del Grappa;42279;20323;21956;4665;26297;11317;;;;
024013;Bolzano Vicentino;6505;3275;3230;789;4306;1410;;;;
024014;Breganze;8304;4033;4271;976;5143;2185;;;;
024015;Brendola;6609;3314;3295;813;4197;1599;;;;
024016;Bressanvido;3083;1554;1529;371;2005;707;;;;
024017;Brogliano;4011;2008;2003;552;2664;795;;;;
024018;Caldogno;11304;5552;5752;1301;7220;2783;;;;
024019;Caltrano;2544;1268;1276;304;1588;652;;;;
024020;Calvene;1270;636;634;125;799;346;;;;
024021;Camisano Vicentino;11085;5467;5618;1495;7284;2306;;;;
024022;Campiglia dei Berici;1669;831;838;187;1017;465;;;;
024024;Carrè;3446;1724;1722;381;2248;817;;;;
024025;Cartigliano;3637;1822;1815;386;2359;892;;;;
024026;Cassola;15415;7546;7869;2063;10025;3327;;;;
024027;Castegnero;2801;1413;1388;309;1896;596;;;;
024028;Castelgomberto;6145;3120;3025;724;4067;1354;;;;
024029;Chiampo;12566;6410;6156;1584;8016;2966;;;;
024030;Chiuppano;2560;1307;1253;301;1607;652;;;;
024032;Cogollo del Cengio;3127;1556;1571;299;1949;879;;;;
024034;Cornedo Vicentino;11740;5981;5759;1431;7474;2835;;;;
024035;Costabissara;7648;3796;3852;990;4937;1721;;;;
024036;Creazzo;11219;5523;5696;1260;7176;2783;;;;
024037;Crespadoro;1257;665;592;146;819;292;;;;
024038;Dueville;13578;6629;6949;1594;8446;3538;;;;
024039;Enego;1497;789;708;113;888;496;;;;
024040;Fara Vicentino;3715;1855;1860;436;2313;966;;;;
024041;Foza;674;361;313;66;403;205;;;;
024042;Gallio;2354;1162;1192;241;1457;656;;;;
024043;Gambellara;3454;1744;1710;515;2159;780;;;;
024046;Grisignano di Zocco;4319;2159;2160;529;2750;1040;;;;
024047;Grumolo delle Abbadesse;3900;1989;1911;514;2586;800;;;;
024048;Isola Vicentina;10290;5121;5169;1270;6722;2298;;;;
024049;Laghi;135;70;65;11;89;35;;;;
024050;Lastebasse;174;85;89;12;117;45;;;;
024051;Longare;5531;2756;2775;589;3521;1421;;;;
024052;Lonigo;16058;8037;8021;2143;10310;3605;;;;
024053;Lugo di Vicenza;3510;1774;1736;355;2205;950;;;;
024055;Malo;14706;7344;7362;1843;9545;3318;;;;
024056;Marano Vicentino;9211;4626;4585;1052;6000;2159;;;;
024057;Marostica;14121;7056;7065;1641;8859;3621;;;;
024060;Montebello Vicentino;6317;3209;3108;830;4045;1442;;;;
024061;Montecchio Maggiore;24063;12409;11654;3088;15670;5305;;;;
024062;Montecchio Precalcino;4869;2447;2422;580;3113;1176;;;;
024063;Monte di Malo;2836;1450;1386;346;1758;732;;;;
024064;Montegalda;3324;1650;1674;399;2144;781;;;;
024065;Montegaldella;1765;871;894;205;1161;399;;;;
024066;Monteviale;2786;1404;1382;296;1845;645;;;;
024067;Monticello Conte Otto;9094;4496;4598;977;5682;2435;;;;
024068;Montorso Vicentino;3001;1538;1463;332;1953;716;;;;
024070;Mussolente;7535;3827;3708;949;4907;1679;;;;
024071;Nanto;3052;1553;1499;362;2045;645;;;;
024072;Nogarole Vicentino;1263;638;625;210;791;262;;;;
024073;Nove;4854;2425;2429;517;3051;1286;;;;
024074;Noventa Vicentina;9286;4677;4609;1163;5889;2234;;;;
024075;Orgiano;2976;1467;1509;315;1858;803;;;;
024076;Pedemonte;677;339;338;63;385;229;;;;
024077;Pianezze;2225;1116;1109;256;1417;552;;;;
024078;Piovene Rocchette;8327;4172;4155;1039;5305;1983;;;;
024079;Pojana Maggiore;4249;2137;2112;499;2738;1012;;;;
024080;Posina;582;300;282;61;335;186;;;;
024081;Pove del Grappa;3133;1517;1616;330;2017;786;;;;
024082;Pozzoleone;2752;1435;1317;336;1792;624;;;;
024083;Quinto Vicentino;5836;2901;2935;687;3830;1319;;;;
024084;Recoaro Terme;5767;2883;2884;495;3434;1838;;;;
024085;Roana;4154;2106;2048;469;2565;1120;;;;
024086;Romano d'Ezzelino;14002;6966;7036;1604;8898;3500;;;;
024087;Rosà;14653;7234;7419;1909;9500;3244;;;;
024088;Rossano Veneto;8296;4149;4147;1057;5488;1751;;;;
024089;Rotzo;644;320;324;85;369;190;;;;
024090;Salcedo;989;493;496;112;620;257;;;;
024091;Sandrigo;8226;4079;4147;977;5279;1970;;;;
024094;San Pietro Mussolino;1504;782;722;210;989;305;;;;
024095;Santorso;5633;2797;2836;626;3518;1489;;;;
024096;San Vito di Leguzzano;3502;1746;1756;388;2241;873;;;;
024097;Sarcedo;5299;2649;2650;626;3322;1351;;;;
024098;Sarego;6868;3504;3364;1004;4493;1371;;;;
024099;Schiavon;2601;1336;1265;308;1698;595;;;;
024100;Schio;38989;19283;19706;4517;24383;10089;;;;
024101;Solagna;1830;911;919;215;1173;442;;;;
024102;Sossano;4136;2112;2024;473;2594;1069;;;;
024104;Tezze sul Brenta;12999;6503;6496;1820;8538;2641;;;;
024105;Thiene;24330;11952;12378;3086;15754;5490;;;;
024106;Tonezza del Cimone;511;253;258;51;287;173;;;;
024107;Torrebelvicino;5860;2996;2864;655;3839;1366;;;;
024108;Torri di Quartesolo;11817;5841;5976;1383;7784;2650;;;;
024110;Trissino;8651;4342;4309;1020;5578;2053;;;;
024111;Valdagno;25801;12636;13165;2874;15595;7332;;;;
024112;Valdastico;1186;576;610;114;667;405;;;;
024113;Valli del Pasubio;3018;1523;1495;291;1853;874;;;;
024115;Velo d'Astico;2224;1100;1124;225;1444;555;;;;
024116;Vicenza;110741;53662;57079;12389;70063;28289;;;;
024117;Villaga;1924;972;952;215;1232;477;;;;
024118;Villaverla;6006;3071;2935;715;3920;1371;;;;
024119;Zanè;6498;3172;3326;749;4122;1627;;;;
024120;Zermeghedo;1333;687;646;176;879;278;;;;
024121;Zovencedo;815;438;377;105;510;200;;;;
024122;Zugliano;6850;3350;3500;820;4444;1586;;;;
024123;Val Liona;3072;1573;1499;367;1942;763;;;;
024124;Barbarano Mossano;6188;3101;3087;694;3953;1541;;;;
024125;Valbrenta;4867;2507;2360;512;2931;1424;;;;
024126;Colceresa;5957;2946;3011;664;3858;1435;;;;
024127;Lusiana Conco;4567;2319;2248;422;2815;1330;;;;
024128;Sovizzo;8213;4099;4114;1061;5333;1819;;;;
025001;Agordo;4062;1930;2132;428;2466;1168;;;;
025003;Alleghe;1064;522;542;95;634;335;;;;
025004;Arsiè;2174;1063;1111;181;1214;779;;;;
025005;Auronzo di Cadore;2982;1467;1515;231;1810;941;;;;
025006;Belluno;35499;17070;18429;3706;21764;10029;;;;
025007;Borca di Cadore;790;403;387;67;523;200;;;;
025008;Calalzo di Cadore;1799;883;916;171;1006;622;;;;
025010;Cencenighe Agordino;1202;597;605;113;715;374;;;;
025011;Cesiomaggiore;3954;2008;1946;426;2421;1107;;;;
025012;Chies d'Alpago;1244;626;618;93;741;410;;;;
025013;Cibiana di Cadore;323;157;166;24;183;116;;;;
025014;Colle Santa Lucia;339;171;168;27;222;90;;;;
025015;Comelico Superiore;2050;1007;1043;186;1258;606;;;;
025016;Cortina d'Ampezzo;5399;2555;2844;413;3293;1693;;;;
025017;Danta di Cadore;421;216;205;33;251;137;;;;
025018;Domegge di Cadore;2235;1093;1142;198;1340;697;;;;
025019;Falcade;1734;844;890;132;1059;543;;;;
025021;Feltre;20600;10101;10499;2200;12446;5954;;;;
025022;Fonzaso;2966;1478;1488;293;1691;982;;;;
025023;Canale d'Agordo;1045;515;530;101;622;322;;;;
025025;Gosaldo;511;267;244;32;270;209;;;;
025026;Lamon;2576;1253;1323;244;1399;933;;;;
025027;La Valle Agordina;1040;536;504;99;635;306;;;;
025029;Limana;5455;2722;2733;686;3418;1351;;;;
025030;Livinallongo del Col di Lana;1218;591;627;127;764;327;;;;
025032;Lorenzago di Cadore;527;261;266;54;287;186;;;;
025033;Lozzo di Cadore;1212;597;615;98;737;377;;;;
025035;Ospitale di Cadore;259;135;124;18;156;85;;;;
025036;Pedavena;4321;2106;2215;436;2629;1256;;;;
025037;Perarolo di Cadore;359;182;177;34;234;91;;;;
025039;Pieve di Cadore;3588;1773;1815;319;2172;1097;;;;
025040;Ponte nelle Alpi;7903;3905;3998;820;4937;2146;;;;
025043;Rivamonte Agordino;592;306;286;52;349;191;;;;
025044;Rocca Pietore;1119;559;560;97;659;363;;;;
025045;San Gregorio nelle Alpi;1582;801;781;153;1004;425;;;;
025046;San Nicolò di Comelico;368;188;180;49;230;89;;;;
025047;San Pietro di Cadore;1412;724;688;124;859;429;;;;
025048;Santa Giustina;6621;3215;3406;719;4087;1815;;;;
025049;San Tomaso Agordino;593;300;293;55;351;187;;;;
025050;Santo Stefano di Cadore;2276;1081;1195;203;1315;758;;;;
025051;San Vito di Cadore;1925;914;1011;219;1172;534;;;;
025053;Sedico;10134;4989;5145;1188;6526;2420;;;;
025054;Selva di Cadore;504;254;250;44;297;163;;;;
025055;Seren del Grappa;2323;1179;1144;220;1400;703;;;;
025056;Sospirolo;3130;1554;1576;345;1918;867;;;;
025057;Soverzene;362;177;185;28;240;94;;;;
025058;Sovramonte;1287;636;651;111;709;467;;;;
025059;Taibon Agordino;1710;866;844;195;1070;445;;;;
025060;Tambre;1261;644;617;109;758;394;;;;
025062;Vallada Agordina;458;213;245;42;269;147;;;;
025063;Valle di Cadore;1812;880;932;166;1055;591;;;;
025065;Vigo di Cadore;1322;655;667;105;749;468;;;;
025066;Vodo Cadore;822;409;413;75;500;247;;;;
025067;Voltago Agordino;785;376;409;65;470;250;;;;
025069;Zoppè di Cadore;175;90;85;6;96;73;;;;
025071;Longarone;4982;2437;2545;431;3120;1431;;;;
025072;Alpago;6579;3322;3257;702;4041;1836;;;;
025073;Val di Zoldo;2708;1349;1359;221;1512;975;;;;
025074;Borgo Valbelluna;13620;6764;6856;1455;8376;3789;;;;
025075;Setteville;5952;3054;2898;691;3781;1480;;;;
026001;Altivole;7088;3505;3583;998;4573;1517;;;;
026002;Arcade;4476;2257;2219;558;2930;988;;;;
026003;Asolo;8917;4514;4403;1120;5868;1929;;;;
026004;Borso del Grappa;5971;3013;2958;742;3934;1295;;;;
026005;Breda di Piave;7642;3804;3838;899;5063;1680;;;;
026006;Caerano di San Marco;7819;3854;3965;993;4875;1951;;;;
026007;Cappella Maggiore;4662;2303;2359;553;2870;1239;;;;
026008;Carbonera;11239;5561;5678;1291;7144;2804;;;;
026009;Casale sul Sile;13067;6436;6631;1567;8633;2867;;;;
026010;Casier;11425;5641;5784;1359;7461;2605;;;;
026011;Castelcucco;2317;1154;1163;315;1485;517;;;;
026012;Castelfranco Veneto;33241;16276;16965;3671;20971;8599;;;;
026013;Castello di Godego;6898;3438;3460;903;4319;1676;;;;
026014;Cavaso del Tomba;2941;1459;1482;329;1870;742;;;;
026015;Cessalto;3835;1943;1892;535;2482;818;;;;
026016;Chiarano;3337;1724;1613;435;2161;741;;;;
026017;Cimadolmo;3364;1701;1663;419;2135;810;;;;
026018;Cison di Valmarino;2411;1177;1234;253;1507;651;;;;
026019;Codognè;5246;2704;2542;635;3290;1321;;;;
026020;Colle Umberto;4972;2463;2509;556;3114;1302;;;;
026021;Conegliano;34675;16759;17916;3812;21164;9699;;;;
026022;Cordignano;6784;3341;3443;690;4341;1753;;;;
026023;Cornuda;6017;2992;3025;733;3809;1475;;;;
026025;Crocetta del Montello;6074;2983;3091;820;3650;1604;;;;
026026;Farra di Soligo;8497;4171;4326;1114;5290;2093;;;;
026027;Follina;3614;1751;1863;387;2228;999;;;;
026028;Fontanelle;5559;2755;2804;691;3492;1376;;;;
026029;Fonte;6063;3125;2938;815;3892;1356;;;;
026030;Fregona;2738;1357;1381;248;1644;846;;;;
026031;Gaiarine;5826;2959;2867;677;3470;1679;;;;
026032;Giavera del Montello;5110;2593;2517;659;3285;1166;;;;
026033;Godega di Sant'Urbano;6014;2979;3035;710;3688;1616;;;;
026034;Gorgo al Monticano;3976;2026;1950;492;2492;992;;;;
026035;Istrana;9088;4707;4381;1221;5982;1885;;;;
026036;Loria;9221;4752;4469;1311;6071;1839;;;;
026037;Mansuè;4850;2499;2351;689;3133;1028;;;;
026038;Mareno di Piave;9353;4715;4638;1087;6038;2228;;;;
026039;Maser;5094;2509;2585;672;3064;1358;;;;
026040;Maserada sul Piave;9149;4516;4633;1096;5972;2081;;;;
026041;Meduna di Livenza;2972;1481;1491;384;1919;669;;;;
026042;Miane;2978;1481;1497;328;1817;833;;;;
026043;Mogliano Veneto;28145;13891;14254;2963;17500;7682;;;;
026044;Monastier di Treviso;4432;2188;2244;613;2746;1073;;;;
026045;Monfumo;1300;640;660;129;773;398;;;;
026046;Montebelluna;31144;15232;15912;3722;19843;7579;;;;
026047;Morgano;4513;2264;2249;566;2904;1043;;;;
026048;Moriago della Battaglia;2857;1445;1412;389;1798;670;;;;
026049;Motta di Livenza;10522;5180;5342;1241;6761;2520;;;;
026050;Nervesa della Battaglia;6595;3293;3302;747;4062;1786;;;;
026051;Oderzo;20348;10074;10274;2285;12988;5075;;;;
026052;Ormelle;4480;2241;2239;637;2794;1049;;;;
026053;Orsago;3720;1818;1902;408;2313;999;;;;
026055;Paese;22184;10988;11196;2793;14332;5059;;;;
026056;Pederobba;7257;3647;3610;828;4570;1859;;;;
026057;Pieve di Soligo;11452;5682;5770;1344;7306;2802;;;;
026058;Ponte di Piave;8331;4208;4123;1058;5384;1889;;;;
026059;Ponzano Veneto;13027;6407;6620;1646;8506;2875;;;;
026060;Portobuffolè;747;372;375;90;457;200;;;;
026061;Possagno;2299;1190;1109;291;1449;559;;;;
026062;Povegliano;5143;2578;2565;686;3333;1124;;;;
026063;Preganziol;16738;8270;8468;1833;10543;4362;;;;
026064;Quinto di Treviso;10093;4979;5114;1292;6318;2483;;;;
026065;Refrontolo;1697;853;844;182;1031;484;;;;
026066;Resana;9340;4678;4662;1276;6221;1843;;;;
026067;Revine Lago;2099;1055;1044;216;1300;583;;;;
026068;Riese Pio X;10921;5517;5404;1389;7168;2364;;;;
026069;Roncade;14592;7247;7345;1720;9295;3577;;;;
026070;Salgareda;6523;3287;3236;811;4252;1460;;;;
026071;San Biagio di Callalta;12631;6350;6281;1529;7972;3130;;;;
026072;San Fior;6843;3441;3402;841;4386;1616;;;;
026073;San Pietro di Feletto;5132;2472;2660;533;3119;1480;;;;
026074;San Polo di Piave;4795;2478;2317;538;3095;1162;;;;
026075;Santa Lucia di Piave;9056;4553;4503;1147;5915;1994;;;;
026076;San Vendemiano;9680;4758;4922;1070;6168;2442;;;;
026077;San Zenone degli Ezzelini;7318;3774;3544;982;4807;1529;;;;
026078;Sarmede;2960;1479;1481;300;1846;814;;;;
026079;Segusino;1804;914;890;195;1095;514;;;;
026080;Sernaglia della Battaglia;6145;3098;3047;758;3874;1513;;;;
026081;Silea;10459;5083;5376;1174;6559;2726;;;;
026082;Spresiano;12400;6171;6229;1553;8147;2700;;;;
026083;Susegana;11698;5873;5825;1404;7460;2834;;;;
026084;Tarzo;4119;2036;2083;410;2470;1239;;;;
026085;Trevignano;10676;5390;5286;1335;6904;2437;;;;
026086;Treviso;86113;41900;44213;9592;53366;23155;;;;
026087;Valdobbiadene;9872;4837;5035;1076;6041;2755;;;;
026088;Vazzola;6674;3349;3325;820;4296;1558;;;;
026089;Vedelago;16558;8330;8228;2229;10667;3662;;;;
026090;Vidor;3559;1753;1806;438;2243;878;;;;
026091;Villorba;17563;8574;8989;1806;11058;4699;;;;
026092;Vittorio Veneto;27242;13308;13934;2770;16321;8151;;;;
026093;Volpago del Montello;9989;4947;5042;1234;6322;2433;;;;
026094;Zenson di Piave;1765;850;915;221;1145;399;;;;
026095;Zero Branco;11695;5815;5880;1564;7737;2394;;;;
026096;Pieve del Grappa;6576;3229;3347;798;4152;1626;;;;
027001;Annone Veneto;3917;2028;1889;489;2555;873;;;;
027002;Campagna Lupia;7116;3503;3613;825;4459;1832;;;;
027003;Campolongo Maggiore;10698;5348;5350;1298;6803;2597;;;;
027004;Camponogara;12979;6346;6633;1497;8457;3025;;;;
027005;Caorle;10978;5311;5667;980;6827;3171;;;;
027006;Cavarzere;12730;6335;6395;1146;7467;4117;;;;
027007;Ceggia;6250;3130;3120;754;4066;1430;;;;
027008;Chioggia;46951;23269;23682;4499;29028;13424;;;;
027009;Cinto Caomaggiore;3172;1560;1612;350;1963;859;;;;
027010;Cona;2767;1393;1374;249;1710;808;;;;
027011;Concordia Sagittaria;10212;5003;5209;1088;6215;2909;;;;
027012;Dolo;14993;7314;7679;1611;9263;4119;;;;
027013;Eraclea;11820;5852;5968;1217;7345;3258;;;;
027014;Fiesso d'Artico;8702;4272;4430;1133;5598;1971;;;;
027015;Fossalta di Piave;4251;2085;2166;523;2675;1053;;;;
027016;Fossalta di Portogruaro;5747;2782;2965;601;3449;1697;;;;
027017;Fossò;7118;3489;3629;851;4621;1646;;;;
027018;Gruaro;2700;1312;1388;282;1646;772;;;;
027019;Jesolo;27120;13154;13966;2850;17462;6808;;;;
027020;Marcon;17664;8824;8840;2159;11463;4042;;;;
027021;Martellago;21184;10352;10832;2274;13185;5725;;;;
027022;Meolo;6155;3112;3043;680;3856;1619;;;;
027023;Mira;37465;18433;19032;3948;23591;9926;;;;
027024;Mirano;27114;13239;13875;2887;16455;7772;;;;
027025;Musile di Piave;11407;5719;5688;1297;7414;2696;;;;
027026;Noale;16225;7896;8329;1801;10245;4179;;;;
027027;Noventa di Piave;7015;3483;3532;894;4459;1662;;;;
027028;Pianiga;12305;6087;6218;1452;8125;2728;;;;
027029;Portogruaro;24301;11701;12600;2528;14750;7023;;;;
027030;Pramaggiore;4721;2346;2375;617;3095;1009;;;;
027031;Quarto d'Altino;8012;3922;4090;895;5110;2007;;;;
027032;Salzano;12768;6317;6451;1391;8009;3368;;;;
027033;San Donà di Piave;42261;20408;21853;4766;26918;10577;;;;
027034;San Michele al Tagliamento;11329;5534;5795;1060;6830;3439;;;;
027035;Santa Maria di Sala;17488;8703;8785;2038;11754;3696;;;;
027036;San Stino di Livenza;12726;6325;6401;1524;7896;3306;;;;
027037;Scorzè;18996;9478;9518;2143;12073;4780;;;;
027038;Spinea;27933;13503;14430;3091;17325;7517;;;;
027039;Stra;7506;3699;3807;834;4730;1942;;;;
027040;Teglio Veneto;2224;1133;1091;256;1383;585;;;;
027041;Torre di Mosto;4753;2368;2385;542;3047;1164;;;;
027042;Venezia;249385;121434;127951;25932;151875;71578;;;;
027043;Vigonovo;9814;4833;4981;1106;6447;2261;;;;
027044;Cavallino-Treporti;13105;6389;6716;1286;8174;3645;;;;
028001;Abano Terme;20479;9805;10674;2159;12312;6008;;;;
028002;Agna;3175;1554;1621;341;2058;776;;;;
028003;Albignasego;27601;13369;14232;3666;17603;6332;;;;
028004;Anguillara Veneta;4076;2039;2037;381;2472;1223;;;;
028005;Arquà Petrarca;1781;886;895;195;1067;519;;;;
028006;Arre;2089;1046;1043;212;1373;504;;;;
028007;Arzergrande;4841;2412;2429;577;3095;1169;;;;
028008;Bagnoli di Sopra;3361;1704;1657;322;2106;933;;;;
028009;Baone;3024;1523;1501;291;1821;912;;;;
028010;Barbona;567;292;275;37;365;165;;;;
028011;Battaglia Terme;3869;1930;1939;363;2407;1099;;;;
028012;Boara Pisani;2362;1201;1161;221;1464;677;;;;
028013;Borgoricco;9084;4563;4521;1197;6116;1771;;;;
028014;Bovolenta;3394;1712;1682;370;2141;883;;;;
028015;Brugine;7178;3573;3605;851;4713;1614;;;;
028016;Cadoneghe;15763;7661;8102;1838;9697;4228;;;;
028017;Campodarsego;15128;7492;7636;1951;9936;3241;;;;
028018;Campodoro;2727;1424;1303;301;1861;565;;;;
028019;Camposampiero;11878;5934;5944;1456;7686;2736;;;;
028020;Campo San Martino;5547;2787;2760;660;3470;1417;;;;
028021;Candiana;2142;1115;1027;207;1358;577;;;;
028023;Carmignano di Brenta;7546;3808;3738;936;4758;1852;;;;
028026;Cartura;4564;2285;2279;477;3010;1077;;;;
028027;Casale di Scodosia;4637;2329;2308;573;2886;1178;;;;
028028;Casalserugo;5293;2625;2668;524;3322;1447;;;;
028029;Castelbaldo;1443;715;728;167;877;399;;;;
028030;Cervarese Santa Croce;5557;2782;2775;580;3671;1306;;;;
028031;Cinto Euganeo;1884;964;920;165;1167;552;;;;
028032;Cittadella;20047;9831;10216;2338;12707;5002;;;;
028033;Codevigo;6280;3206;3074;713;4130;1437;;;;
028034;Conselve;9993;4893;5100;1167;6198;2628;;;;
028035;Correzzola;5273;2694;2579;492;3392;1389;;;;
028036;Curtarolo;7150;3573;3577;877;4610;1663;;;;
028037;Este;15856;7667;8189;1498;9727;4631;;;;
028038;Fontaniva;8094;4068;4026;1022;5156;1916;;;;
028039;Galliera Veneta;7165;3604;3561;872;4604;1689;;;;
028040;Galzignano Terme;4271;2115;2156;427;2706;1138;;;;
028041;Gazzo;4295;2155;2140;597;2826;872;;;;
028042;Grantorto;4435;2237;2198;564;2825;1046;;;;
028043;Granze;1873;913;960;208;1245;420;;;;
028044;Legnaro;9564;4780;4784;1207;6243;2114;;;;
028045;Limena;8237;4084;4153;915;5383;1939;;;;
028046;Loreggia;7725;3931;3794;1099;5114;1512;;;;
028047;Lozzo Atestino;3076;1534;1542;317;1913;846;;;;
028048;Maserà di Padova;9261;4621;4640;1044;6107;2110;;;;
028049;Masi;1823;886;937;244;1123;456;;;;
028050;Massanzago;6112;3111;3001;789;4199;1124;;;;
028052;Megliadino San Vitale;1821;913;908;189;1118;514;;;;
028053;Merlara;2521;1246;1275;210;1546;765;;;;
028054;Mestrino;11953;5904;6049;1532;8033;2388;;;;
028055;Monselice;17042;8332;8710;1684;10620;4738;;;;
028056;Montagnana;9193;4492;4701;988;5621;2584;;;;
028057;Montegrotto Terme;11628;5586;6042;1193;7166;3269;;;;
028058;Noventa Padovana;11268;5548;5720;1281;7441;2546;;;;
028059;Ospedaletto Euganeo;5578;2771;2807;597;3569;1412;;;;
028060;Padova;208202;100717;107485;21797;130100;56305;;;;
028061;Pernumia;3754;1897;1857;435;2330;989;;;;
028062;Piacenza d'Adige;1285;651;634;125;813;347;;;;
028063;Piazzola sul Brenta;11074;5522;5552;1322;6893;2859;;;;
028064;Piombino Dese;9550;4838;4712;1262;6132;2156;;;;
028065;Piove di Sacco;20291;9904;10387;2260;12952;5079;;;;
028066;Polverara;3428;1672;1756;443;2265;720;;;;
028067;Ponso;2415;1231;1184;292;1521;602;;;;
028068;Pontelongo;3698;1867;1831;432;2297;969;;;;
028069;Ponte San Nicolò;13150;6382;6768;1327;8353;3470;;;;
028070;Pozzonovo;3455;1706;1749;341;2123;991;;;;
028071;Rovolon;4863;2448;2415;611;3163;1089;;;;
028072;Rubano;17243;8352;8891;2088;11053;4102;;;;
028073;Saccolongo;5029;2528;2501;578;3142;1309;;;;
028075;San Giorgio delle Pertiche;10092;5074;5018;1295;6664;2133;;;;
028076;San Giorgio in Bosco;6307;3192;3115;870;3992;1445;;;;
028077;San Martino di Lupari;13319;6630;6689;1714;8542;3063;;;;
028078;San Pietro in Gu;4107;2031;2076;427;2627;1053;;;;
028079;San Pietro Viminario;2982;1508;1474;336;1986;660;;;;
028080;Santa Giustina in Colle;7139;3621;3518;894;4549;1696;;;;
028082;Sant'Angelo di Piove di Sacco;7347;3632;3715;804;4796;1747;;;;
028083;Sant'Elena;2514;1225;1289;319;1657;538;;;;
028084;Sant'Urbano;1914;969;945;179;1186;549;;;;
028085;Saonara;10877;5389;5488;1254;7242;2381;;;;
028086;Selvazzano Dentro;22931;11074;11857;2410;14425;6096;;;;
028087;Solesino;6712;3355;3357;717;4167;1828;;;;
028088;Stanghella;4165;2065;2100;446;2522;1197;;;;
028089;Teolo;8930;4392;4538;909;5568;2453;;;;
028090;Terrassa Padovana;2716;1391;1325;322;1821;573;;;;
028091;Tombolo;8184;4059;4125;952;5360;1872;;;;
028092;Torreglia;6029;3008;3021;597;3757;1675;;;;
028093;Trebaseleghe;12968;6524;6444;1632;8582;2754;;;;
028094;Tribano;4219;2152;2067;432;2747;1040;;;;
028095;Urbana;2016;1030;986;223;1249;544;;;;
028096;Veggiano;4812;2446;2366;607;3337;868;;;;
028097;Vescovana;1646;835;811;175;1035;436;;;;
028099;Vigodarzere;13281;6558;6723;1433;8631;3217;;;;
028100;Vigonza;23465;11552;11913;2825;15182;5458;;;;
028101;Villa del Conte;5617;2858;2759;728;3565;1324;;;;
028102;Villa Estense;2021;1034;987;163;1264;594;;;;
028103;Villafranca Padovana;10580;5195;5385;1344;6965;2271;;;;
028104;Villanova di Camposampiero;6140;3071;3069;786;4027;1327;;;;
028105;Vo';3211;1606;1605;360;1977;874;;;;
028106;Due Carrare;8974;4498;4476;987;5868;2119;;;;
028107;Borgo Veneto;7045;3565;3480;776;4530;1739;;;;
028108;Santa Caterina d'Este;2319;1175;1144;239;1500;580;;;;
029001;Adria;18878;9319;9559;1815;11500;5563;;;;
029002;Ariano nel Polesine;3757;1825;1932;289;2184;1284;;;;
029003;Arquà Polesine;2578;1292;1286;246;1614;718;;;;
029004;Badia Polesine;10378;5199;5179;1091;6573;2714;;;;
029005;Bagnolo di Po;1203;629;574;111;713;379;;;;
029006;Bergantino;2340;1146;1194;222;1393;725;;;;
029007;Bosaro;1412;725;687;137;937;338;;;;
029008;Calto;699;365;334;62;410;227;;;;
029009;Canaro;2569;1272;1297;250;1543;776;;;;
029010;Canda;812;397;415;77;496;239;;;;
029011;Castelguglielmo;1510;795;715;179;841;490;;;;
029012;Castelmassa;4026;1972;2054;484;2398;1144;;;;
029013;Castelnovo Bariano;2588;1288;1300;315;1531;742;;;;
029014;Ceneselli;1573;800;773;161;941;471;;;;
029015;Ceregnano;3377;1656;1721;331;2092;954;;;;
029017;Corbola;2246;1089;1157;234;1356;656;;;;
029018;Costa di Rovigo;2420;1183;1237;256;1390;774;;;;
029019;Crespino;1787;883;904;185;1033;569;;;;
029021;Ficarolo;2199;1060;1139;161;1261;777;;;;
029022;Fiesso Umbertiano;3882;1935;1947;389;2374;1119;;;;
029023;Frassinelle Polesine;1326;657;669;114;779;433;;;;
029024;Fratta Polesine;2445;1156;1289;202;1491;752;;;;
029025;Gaiba;932;462;470;79;536;317;;;;
029026;Gavello;1418;718;700;125;885;408;;;;
029027;Giacciano con Baruchella;2083;1057;1026;208;1270;605;;;;
029028;Guarda Veneta;1100;541;559;118;702;280;;;;
029029;Lendinara;11538;5785;5753;1241;7046;3251;;;;
029030;Loreo;3177;1604;1573;265;1943;969;;;;
029031;Lusia;3196;1597;1599;324;1993;879;;;;
029032;Melara;1704;844;860;180;1034;490;;;;
029033;Occhiobello;12022;5853;6169;1310;7584;3128;;;;
029034;Papozze;1408;690;718;127;832;449;;;;
029035;Pettorazza Grimani;1392;707;685;110;821;461;;;;
029036;Pincara;1062;543;519;107;649;306;;;;
029037;Polesella;3676;1876;1800;332;2325;1019;;;;
029038;Pontecchio Polesine;2222;1133;1089;269;1443;510;;;;
029039;Porto Tolle;8607;4210;4397;711;4960;2936;;;;
029040;Rosolina;6043;3047;2996;546;3810;1687;;;;
029041;Rovigo;49994;24434;25560;4799;30975;14220;;;;
029042;Salara;1027;484;543;99;580;348;;;;
029043;San Bellino;1075;545;530;128;646;301;;;;
029044;San Martino di Venezze;3806;1895;1911;391;2375;1040;;;;
029045;Stienta;3019;1503;1516;305;1802;912;;;;
029046;Taglio di Po;7836;3893;3943;731;4737;2368;;;;
029047;Trecenta;2605;1274;1331;255;1517;833;;;;
029048;Villadose;4640;2312;2328;408;2803;1429;;;;
029049;Villamarzana;1112;554;558;105;697;310;;;;
029050;Villanova del Ghebbo;1933;982;951;197;1208;528;;;;
029051;Villanova Marchesana;876;460;416;106;537;233;;;;
029052;Porto Viro;13675;6773;6902;1328;8527;3820;;;;
030001;Aiello del Friuli;2086;1001;1085;190;1244;652;;;;
030002;Amaro;854;426;428;91;560;203;;;;
030003;Ampezzo;877;448;429;69;506;302;;;;
030004;Aquileia;3124;1527;1597;255;1892;977;;;;
030005;Arta Terme;1971;984;987;176;1195;600;;;;
030006;Artegna;2898;1405;1493;304;1735;859;;;;
030007;Attimis;1664;813;851;140;990;534;;;;
030008;Bagnaria Arsa;3403;1674;1729;351;2088;964;;;;
030009;Basiliano;5148;2558;2590;585;3146;1417;;;;
030010;Bertiolo;2330;1145;1185;233;1368;729;;;;
030011;Bicinicco;1733;867;866;172;1097;464;;;;
030012;Bordano;689;337;352;50;438;201;;;;
030013;Buja;6336;3075;3261;611;3880;1845;;;;
030014;Buttrio;3898;1947;1951;390;2419;1089;;;;
030015;Camino al Tagliamento;1508;756;752;172;866;470;;;;
030016;Campoformido;7832;3863;3969;928;4806;2098;;;;
030018;Carlino;2606;1286;1320;236;1573;797;;;;
030019;Cassacco;2787;1367;1420;289;1672;826;;;;
030020;Castions di Strada;3682;1789;1893;349;2286;1047;;;;
030021;Cavazzo Carnico;959;469;490;107;566;286;;;;
030022;Cercivento;604;305;299;59;353;192;;;;
030023;Cervignano del Friuli;13743;6859;6884;1503;8657;3583;;;;
030024;Chiopris-Viscone;707;334;373;100;441;166;;;;
030025;Chiusaforte;582;306;276;35;356;191;;;;
030026;Cividale del Friuli;10804;5192;5612;985;6602;3217;;;;
030027;Codroipo;15721;7777;7944;1783;9618;4320;;;;
030028;Colloredo di Monte Albano;2184;1073;1111;234;1300;650;;;;
030029;Comeglians;422;214;208;25;219;178;;;;
030030;Corno di Rosazzo;3099;1525;1574;336;1867;896;;;;
030031;Coseano;1977;974;1003;168;1194;615;;;;
030032;Dignano;2221;1077;1144;210;1324;687;;;;
030033;Dogna;148;75;73;9;75;64;;;;
030034;Drenchia;88;47;41;0;42;46;;;;
030035;Enemonzo;1231;614;617;108;721;402;;;;
030036;Faedis;2731;1389;1342;252;1653;826;;;;
030037;Fagagna;6076;3018;3058;645;3657;1774;;;;
030039;Flaibano;1113;549;564;125;704;284;;;;
030040;Forni Avoltri;495;259;236;37;276;182;;;;
030041;Forni di Sopra;890;453;437;72;501;317;;;;
030042;Forni di Sotto;518;252;266;37;304;177;;;;
030043;Gemona del Friuli;10416;4989;5427;1059;6183;3174;;;;
030044;Gonars;4552;2241;2311;456;2780;1316;;;;
030045;Grimacco;299;152;147;22;160;117;;;;
030046;Latisana;13162;6346;6816;1414;8199;3549;;;;
030047;Lauco;626;320;306;51;353;222;;;;
030048;Lestizza;3569;1777;1792;363;2132;1074;;;;
030049;Lignano Sabbiadoro;6973;3445;3528;682;4423;1868;;;;
030051;Lusevera;611;303;308;34;352;225;;;;
030052;Magnano in Riviera;2232;1117;1115;237;1352;643;;;;
030053;Majano;5703;2731;2972;561;3436;1706;;;;
030054;Malborghetto Valbruna;888;466;422;97;520;271;;;;
030055;Manzano;6275;3073;3202;618;3776;1881;;;;
030056;Marano Lagunare;1677;822;855;134;974;569;;;;
030057;Martignacco;6835;3305;3530;780;4413;1642;;;;
030058;Mereto di Tomba;2497;1253;1244;261;1479;757;;;;
030059;Moggio Udinese;1589;789;800;128;908;553;;;;
030060;Moimacco;1567;786;781;155;997;415;;;;
030061;Montenars;494;254;240;41;286;167;;;;
030062;Mortegliano;4839;2334;2505;466;3101;1272;;;;
030063;Moruzzo;2392;1181;1211;252;1440;700;;;;
030064;Muzzana del Turgnano;2320;1147;1173;219;1421;680;;;;
030065;Nimis;2628;1309;1319;260;1542;826;;;;
030066;Osoppo;2803;1410;1393;296;1763;744;;;;
030067;Ovaro;1686;857;829;116;965;605;;;;
030068;Pagnacco;5080;2488;2592;559;3085;1436;;;;
030069;Palazzolo dello Stella;2893;1422;1471;263;1770;860;;;;
030070;Palmanova;5282;2552;2730;551;3222;1509;;;;
030071;Paluzza;1892;942;950;171;1057;664;;;;
030072;Pasian di Prato;9291;4504;4787;1003;5656;2632;;;;
030073;Paularo;2278;1149;1129;210;1375;693;;;;
030074;Pavia di Udine;5466;2700;2766;558;3296;1612;;;;
030075;Pocenia;2287;1151;1136;183;1419;685;;;;
030076;Pontebba;1292;644;648;121;749;422;;;;
030077;Porpetto;2425;1193;1232;213;1443;769;;;;
030078;Povoletto;5387;2676;2711;569;3241;1577;;;;
030079;Pozzuolo del Friuli;6891;3384;3507;784;4274;1833;;;;
030080;Pradamano;3536;1709;1827;387;2177;972;;;;
030081;Prato Carnico;796;410;386;65;433;298;;;;
030082;Precenicco;1464;735;729;125;925;414;;;;
030083;Premariacco;3919;1907;2012;391;2416;1112;;;;
030084;Preone;247;122;125;24;141;82;;;;
030085;Prepotto;696;349;347;48;418;230;;;;
030086;Pulfero;832;418;414;64;474;294;;;;
030087;Ragogna;2843;1413;1430;266;1751;826;;;;
030088;Ravascletto;497;262;235;42;261;194;;;;
030089;Raveo;425;217;208;43;241;141;;;;
030090;Reana del Rojale;4723;2330;2393;450;2878;1395;;;;
030091;Remanzacco;5904;2866;3038;694;3740;1470;;;;
030092;Resia;904;463;441;76;485;343;;;;
030093;Resiutta;266;133;133;28;138;100;;;;
030094;Rigolato;354;184;170;19;176;159;;;;
030095;Rive d'Arcano;2400;1173;1227;211;1505;684;;;;
030097;Ronchis;1939;962;977;185;1195;559;;;;
030098;Ruda;2802;1378;1424;272;1692;838;;;;
030099;San Daniele del Friuli;7909;3838;4071;745;4902;2262;;;;
030100;San Giorgio di Nogaro;7285;3650;3635;752;4396;2137;;;;
030101;San Giovanni al Natisone;5995;3066;2929;621;3772;1602;;;;
030102;San Leonardo;1021;534;487;80;616;325;;;;
030103;San Pietro al Natisone;2069;1022;1047;185;1279;605;;;;
030104;Santa Maria la Longa;2303;1117;1186;256;1376;671;;;;
030105;San Vito al Torre;1223;616;607;123;734;366;;;;
030106;San Vito di Fagagna;1668;814;854;205;1023;440;;;;
030107;Sauris;375;185;190;34;230;111;;;;
030108;Savogna;349;181;168;7;184;158;;;;
030109;Sedegliano;3695;1859;1836;415;2230;1050;;;;
030110;Socchieve;846;435;411;52;523;271;;;;
030111;Stregna;289;160;129;13;162;114;;;;
030112;Sutrio;1191;587;604;131;718;342;;;;
030113;Taipana;529;271;258;31;312;186;;;;
030114;Talmassons;3821;1897;1924;390;2319;1112;;;;
030116;Tarcento;8886;4303;4583;938;5348;2600;;;;
030117;Tarvisio;3850;1949;1901;327;2325;1198;;;;
030118;Tavagnacco;14583;6972;7611;1662;9112;3809;;;;
030120;Terzo d'Aquileia;2705;1320;1385;300;1681;724;;;;
030121;Tolmezzo;9638;4599;5039;947;5906;2785;;;;
030122;Torreano;2043;1003;1040;181;1231;631;;;;
030123;Torviscosa;2572;1272;1300;203;1501;868;;;;
030124;Trasaghis;2060;1027;1033;192;1214;654;;;;
030126;Treppo Grande;1724;827;897;161;1010;553;;;;
030127;Tricesimo;7605;3659;3946;822;4622;2161;;;;
030128;Trivignano Udinese;1514;755;759;150;865;499;;;;
030129;Udine;98501;46784;51717;10450;61096;26955;;;;
030130;Varmo;2605;1331;1274;228;1586;791;;;;
030131;Venzone;1941;973;968;160;1191;590;;;;
030132;Verzegnis;834;428;406;67;496;271;;;;
030133;Villa Santina;2153;1009;1144;239;1326;588;;;;
030135;Visco;838;412;426;121;530;187;;;;
030136;Zuglio;535;267;268;41;321;173;;;;
030137;Forgaria nel Friuli;1667;829;838;145;974;548;;;;
030138;Campolongo Tapogliano;1105;544;561;84;667;354;;;;
030188;Rivignano Teor;6309;3189;3120;630;3963;1716;;;;
030189;Sappada;1301;650;651;149;760;392;;;;
030190;Fiumicello Villa Vicentina;6251;3077;3174;666;3803;1782;;;;
030191;Treppo Ligosullo;654;337;317;61;378;215;;;;
031001;Capriva del Friuli;1566;748;818;143;961;462;;;;
031002;Cormons;7001;3321;3680;644;4143;2214;;;;
031003;Doberdò del Lago-Doberdob;1293;628;665;102;793;398;;;;
031004;Dolegna del Collio;285;154;131;13;175;97;;;;
031005;Farra d'Isonzo;1681;831;850;163;1052;466;;;;
031006;Fogliano Redipuglia;2966;1445;1521;292;1857;817;;;;
031007;Gorizia;33679;16624;17055;3353;20634;9692;;;;
031008;Gradisca d'Isonzo;6394;3063;3331;664;3830;1900;;;;
031009;Grado;7454;3594;3860;582;4296;2576;;;;
031010;Mariano del Friuli;1478;727;751;125;909;444;;;;
031011;Medea;956;480;476;114;568;274;;;;
031012;Monfalcone;30767;16157;14610;4542;19364;6861;;;;
031013;Moraro;722;344;378;76;433;213;;;;
031014;Mossa;1512;740;772;158;920;434;;;;
031015;Romans d'Isonzo;3556;1766;1790;322;2220;1014;;;;
031016;Ronchi dei Legionari;11859;5821;6038;1317;7425;3117;;;;
031017;Sagrado;2132;1041;1091;185;1328;619;;;;
031018;San Canzian d'Isonzo;6048;3000;3048;640;3784;1624;;;;
031019;San Floriano del Collio-Števerjan;718;353;365;69;412;237;;;;
031020;San Lorenzo Isontino;1479;733;746;137;911;431;;;;
031021;San Pier d'Isonzo;1914;985;929;185;1187;542;;;;
031022;Savogna d'Isonzo-Sovodnje ob Soči;1678;867;811;159;1044;475;;;;
031023;Staranzano;7130;3539;3591;770;4421;1939;;;;
031024;Turriaco;2784;1374;1410;257;1827;700;;;;
031025;Villesse;1665;827;838;158;1035;472;;;;
032001;Duino Aurisina-Devin Nabrežina;8185;3964;4221;681;4805;2699;;;;
032002;Monrupino-Repentabor;836;439;397;76;493;267;;;;
032003;Muggia;12627;6122;6505;1151;7243;4233;;;;
032004;San Dorligo della Valle-Dolina;5622;2782;2840;559;3368;1695;;;;
032005;Sgonico-Zgonik;1948;957;991;186;1104;658;;;;
032006;Trieste;198622;95985;102637;20441;121362;56819;;;;
033001;Agazzano;2054;1015;1039;203;1282;569;;;;
033002;Alseno;4785;2382;2403;572;2958;1255;;;;
033003;Besenzone;936;498;438;91;611;234;;;;
033004;Bettola;2627;1367;1260;201;1518;908;;;;
033005;Bobbio;3344;1599;1745;256;1891;1197;;;;
033006;Borgonovo Val Tidone;8305;4234;4071;1080;5353;1872;;;;
033007;Cadeo;6116;3029;3087;777;3890;1449;;;;
033008;Calendasco;2465;1246;1219;282;1597;586;;;;
033010;Caorso;4797;2437;2360;610;2994;1193;;;;
033011;Carpaneto Piacentino;7775;3875;3900;895;4911;1969;;;;
033012;Castell'Arquato;4712;2304;2408;469;2909;1334;;;;
033013;Castel San Giovanni;14402;7270;7132;1962;9143;3297;;;;
033014;Castelvetro Piacentino;5430;2714;2716;588;3459;1383;;;;
033015;Cerignale;109;63;46;3;47;59;;;;
033016;Coli;877;467;410;77;482;318;;;;
033017;Corte Brugnatella;501;259;242;28;271;202;;;;
033018;Cortemaggiore;4757;2496;2261;640;2958;1159;;;;
033019;Farini;1044;529;515;47;502;495;;;;
033020;Ferriere;1081;594;487;51;532;498;;;;
033021;Fiorenzuola d'Arda;15048;7442;7606;1761;9496;3791;;;;
033022;Gazzola;2201;1132;1069;200;1408;593;;;;
033023;Gossolengo;5695;2817;2878;665;3723;1307;;;;
033024;Gragnano Trebbiense;4515;2227;2288;602;2922;991;;;;
033025;Gropparello;2173;1117;1056;168;1244;761;;;;
033026;Lugagnano Val d'Arda;3927;1982;1945;407;2320;1200;;;;
033027;Monticelli d'Ongina;5223;2622;2601;625;3206;1392;;;;
033028;Morfasso;849;444;405;63;390;396;;;;
033030;Ottone;390;229;161;14;203;173;;;;
033032;Piacenza;103737;50520;53217;12883;65043;25811;;;;
033033;Pianello Val Tidone;2179;1078;1101;235;1316;628;;;;
033034;Piozzano;581;309;272;41;348;192;;;;
033035;Podenzano;9045;4485;4560;1079;5727;2239;;;;
033036;Ponte dell'Olio;4694;2307;2387;478;2842;1374;;;;
033037;Pontenure;6719;3327;3392;901;4253;1565;;;;
033038;Rivergaro;7172;3533;3639;733;4607;1832;;;;
033039;Rottofreno;12320;6056;6264;1607;8015;2698;;;;
033040;San Giorgio Piacentino;5586;2771;2815;626;3590;1370;;;;
033041;San Pietro in Cerro;739;381;358;63;482;194;;;;
033042;Sarmato;3108;1630;1478;418;1992;698;;;;
033043;Travo;2165;1081;1084;186;1270;709;;;;
033044;Vernasca;2029;1037;992;175;1188;666;;;;
033045;Vigolzone;4324;2194;2130;471;2801;1052;;;;
033046;Villanova sull'Arda;1666;847;819;145;1038;483;;;;
033047;Zerba;66;36;30;4;32;30;;;;
033048;Ziano Piacentino;2550;1330;1220;246;1606;698;;;;
033049;Alta Val Tidone;2927;1501;1426;223;1628;1076;;;;
034001;Albareto;2038;1016;1022;184;1173;681;;;;
034002;Bardi;1947;993;954;156;1027;764;;;;
034003;Bedonia;3103;1536;1567;293;1686;1124;;;;
034004;Berceto;1917;1019;898;147;1048;722;;;;
034005;Bore;619;317;302;23;315;281;;;;
034006;Borgo Val di Taro;6736;3334;3402;672;4056;2008;;;;
034007;Busseto;6902;3470;3432;875;4270;1757;;;;
034008;Calestano;2183;1143;1040;270;1391;522;;;;
034009;Collecchio;14911;7366;7545;1899;9576;3436;;;;
034010;Colorno;9174;4628;4546;1217;6038;1919;;;;
034011;Compiano;1047;527;520;100;615;332;;;;
034012;Corniglio;1779;933;846;142;973;664;;;;
034013;Felino;9278;4635;4643;1101;6009;2168;;;;
034014;Fidenza;27573;13478;14095;3704;17351;6518;;;;
034015;Fontanellato;7095;3610;3485;890;4477;1728;;;;
034016;Fontevivo;5529;2782;2747;671;3592;1266;;;;
034017;Fornovo di Taro;6039;2985;3054;705;3809;1525;;;;
034018;Langhirano;10964;5533;5431;1486;7129;2349;;;;
034019;Lesignano de' Bagni;5142;2624;2518;652;3361;1129;;;;
034020;Medesano;10762;5367;5395;1307;6912;2543;;;;
034022;Monchio delle Corti;836;453;383;52;419;365;;;;
034023;Montechiarugolo;11444;5714;5730;1404;7273;2767;;;;
034024;Neviano degli Arduini;3465;1776;1689;363;2065;1037;;;;
034025;Noceto;13367;6572;6795;1736;8622;3009;;;;
034026;Palanzano;999;529;470;83;519;397;;;;
034027;Parma;199450;97267;102183;24204;129671;45575;;;;
034028;Pellegrino Parmense;967;501;466;85;560;322;;;;
034030;Roccabianca;2938;1462;1476;355;1831;752;;;;
034031;Sala Baganza;6105;3120;2985;788;3993;1324;;;;
034032;Salsomaggiore Terme;20640;10394;10246;2373;13054;5213;;;;
034033;San Secondo Parmense;5921;2955;2966;822;3768;1331;;;;
034035;Solignano;1664;869;795;152;1044;468;;;;
034036;Soragna;4797;2417;2380;586;3093;1118;;;;
034038;Terenzo;1138;584;554;110;677;351;;;;
034039;Tizzano Val Parma;2226;1147;1079;264;1366;596;;;;
034040;Tornolo;846;447;399;30;468;348;;;;
034041;Torrile;7709;3913;3796;1039;5221;1449;;;;
034042;Traversetolo;9687;4767;4920;1174;6215;2298;;;;
034044;Valmozzola;527;273;254;36;286;205;;;;
034045;Varano de' Melegari;2589;1297;1292;292;1684;613;;;;
034046;Varsi;1149;581;568;92;627;430;;;;
034049;Sissa Trecasali;7995;4001;3994;993;5163;1839;;;;
034050;Polesine Zibello;3137;1565;1572;322;1983;832;;;;
034051;Sorbolo Mezzani;13175;6568;6607;1592;8598;2985;;;;
035001;Albinea;8986;4335;4651;1031;5601;2354;;;;
035002;Bagnolo in Piano;9588;4744;4844;1205;6231;2152;;;;
035003;Baiso;3268;1696;1572;345;2032;891;;;;
035004;Bibbiano;10199;5075;5124;1273;6652;2274;;;;
035005;Boretto;5456;2747;2709;743;3471;1242;;;;
035006;Brescello;5556;2834;2722;706;3608;1242;;;;
035008;Cadelbosco di Sopra;10727;5285;5442;1442;7122;2163;;;;
035009;Campagnola Emilia;5551;2792;2759;716;3513;1322;;;;
035010;Campegine;5414;2671;2743;777;3492;1145;;;;
035011;Carpineti;3905;1949;1956;383;2386;1136;;;;
035012;Casalgrande;19039;9541;9498;2416;12559;4064;;;;
035013;Casina;4619;2320;2299;511;2813;1295;;;;
035014;Castellarano;15160;7548;7612;1782;10189;3189;;;;
035015;Castelnovo di Sotto;8707;4304;4403;1093;5608;2006;;;;
035016;Castelnovo ne' Monti;10407;5131;5276;1164;6433;2810;;;;
035017;Cavriago;9947;4838;5109;1273;6191;2483;;;;
035018;Canossa;3796;1940;1856;437;2370;989;;;;
035020;Correggio;25234;12459;12775;3128;16238;5868;;;;
035021;Fabbrico;6931;3568;3363;980;4468;1483;;;;
035022;Gattatico;5823;2957;2866;697;3770;1356;;;;
035023;Gualtieri;6364;3201;3163;753;4034;1577;;;;
035024;Guastalla;14675;7233;7442;1713;9286;3676;;;;
035026;Luzzara;8577;4360;4217;1054;5362;2161;;;;
035027;Montecchio Emilia;10441;5066;5375;1252;6711;2478;;;;
035028;Novellara;13406;6652;6754;1600;8493;3313;;;;
035029;Poviglio;7240;3648;3592;915;4595;1730;;;;
035030;Quattro Castella;13226;6439;6787;1549;8328;3349;;;;
035032;Reggiolo;9318;4681;4637;1223;5993;2102;;;;
035033;Reggio nell'Emilia;172921;86236;86685;21493;113560;37868;;;;
035034;Rio Saliceto;6099;3066;3033;757;3982;1360;;;;
035035;Rolo;4040;2102;1938;520;2575;945;;;;
035036;Rubiera;14522;7110;7412;1689;9622;3211;;;;
035037;San Martino in Rio;8246;4101;4145;1058;5400;1788;;;;
035038;San Polo d'Enza;6140;3051;3089;750;3891;1499;;;;
035039;Sant'Ilario d'Enza;11423;5671;5752;1449;7370;2604;;;;
035040;Scandiano;25979;12649;13330;3219;16324;6436;;;;
035041;Toano;4189;2161;2028;460;2588;1141;;;;
035042;Vetto;1802;922;880;172;1043;587;;;;
035043;Vezzano sul Crostolo;4433;2171;2262;524;2849;1060;;;;
035044;Viano;3472;1754;1718;378;2263;831;;;;
035045;Villa Minozzo;3507;1806;1701;318;2018;1171;;;;
035046;Ventasso;3824;1929;1895;295;2117;1412;;;;
036001;Bastiglia;4244;2116;2128;526;2800;918;;;;
036002;Bomporto;10398;5246;5152;1360;7010;2028;;;;
036003;Campogalliano;8516;4215;4301;999;5435;2082;;;;
036004;Camposanto;3397;1723;1674;487;2161;749;;;;
036005;Carpi;74041;36732;37309;8951;47322;17768;;;;
036006;Castelfranco Emilia;33625;17092;16533;4310;22116;7199;;;;
036007;Castelnuovo Rangone;15116;7545;7571;1899;9626;3591;;;;
036008;Castelvetro di Modena;10960;5559;5401;1379;7090;2491;;;;
036009;Cavezzo;7236;3523;3713;834;4547;1855;;;;
036010;Concordia sulla Secchia;8541;4225;4316;942;5446;2153;;;;
036011;Fanano;2984;1475;1509;277;1727;980;;;;
036012;Finale Emilia;15570;7773;7797;1863;9860;3847;;;;
036013;Fiorano Modenese;16610;8252;8358;2036;10623;3951;;;;
036014;Fiumalbo;1177;610;567;118;673;386;;;;
036015;Formigine;34496;17080;17416;4275;22297;7924;;;;
036016;Frassinoro;1697;862;835;134;945;618;;;;
036017;Guiglia;4356;2224;2132;476;2807;1073;;;;
036018;Lama Mocogno;2679;1343;1336;262;1603;814;;;;
036019;Maranello;17360;8668;8692;2177;11037;4146;;;;
036020;Marano sul Panaro;5319;2630;2689;697;3455;1167;;;;
036021;Medolla;6531;3255;3276;801;4099;1631;;;;
036022;Mirandola;24921;12173;12748;3071;15957;5893;;;;
036023;Modena;184361;90080;94281;21706;116623;46032;;;;
036024;Montecreto;951;509;442;101;534;316;;;;
036025;Montefiorino;2119;1077;1042;204;1223;692;;;;
036026;Montese;3374;1707;1667;330;2030;1014;;;;
036027;Nonantola;16186;8095;8091;1982;10502;3702;;;;
036028;Novi di Modena;10413;5252;5161;1137;6525;2751;;;;
036029;Palagano;2034;993;1041;197;1192;645;;;;
036030;Pavullo nel Frignano;18405;9184;9221;2259;11740;4406;;;;
036031;Pievepelago;2096;1044;1052;209;1300;587;;;;
036032;Polinago;1604;832;772;149;921;534;;;;
036033;Prignano sulla Secchia;3898;1988;1910;433;2474;991;;;;
036034;Ravarino;6388;3169;3219;840;4109;1439;;;;
036035;Riolunato;657;345;312;64;362;231;;;;
036036;San Cesario sul Panaro;6676;3368;3308;840;4295;1541;;;;
036037;San Felice sul Panaro;11049;5525;5524;1398;7018;2633;;;;
036038;San Possidonio;3577;1795;1782;354;2319;904;;;;
036039;San Prospero;6261;3184;3077;841;4137;1283;;;;
036040;Sassuolo;41123;20433;20690;5027;26266;9830;;;;
036041;Savignano sul Panaro;9591;4761;4830;1209;6103;2279;;;;
036042;Serramazzoni;8980;4611;4369;1017;5903;2060;;;;
036043;Sestola;2401;1203;1198;204;1395;802;;;;
036044;Soliera;15460;7686;7774;1698;10050;3712;;;;
036045;Spilamberto;12968;6471;6497;1745;8016;3207;;;;
036046;Vignola;26310;12958;13352;3612;16673;6025;;;;
036047;Zocca;4846;2489;2357;493;2989;1364;;;;
037001;Anzola dell'Emilia;12414;6131;6283;1517;7850;3047;;;;
037002;Argelato;9573;4675;4898;1061;6050;2462;;;;
037003;Baricella;7207;3586;3621;878;4654;1675;;;;
037005;Bentivoglio;5855;2932;2923;766;3719;1370;;;;
037006;Bologna;391473;188003;203470;43099;252047;96327;;;;
037007;Borgo Tossignano;3231;1613;1618;364;2058;809;;;;
037008;Budrio;18494;9076;9418;2187;11730;4577;;;;
037009;Calderara di Reno;13767;6767;7000;1627;8711;3429;;;;
037010;Camugnano;1911;951;960;175;1078;658;;;;
037011;Casalecchio di Reno;35359;16704;18655;3929;22077;9353;;;;
037012;Casalfiumanese;3361;1715;1646;372;2138;851;;;;
037013;Castel d'Aiano;1969;1038;931;167;1174;628;;;;
037014;Castel del Rio;1224;597;627;118;732;374;;;;
037015;Castel di Casio;3348;1661;1687;327;2077;944;;;;
037016;Castel Guelfo di Bologna;4473;2244;2229;587;2857;1029;;;;
037017;Castello d'Argile;6694;3392;3302;804;4522;1368;;;;
037019;Castel Maggiore;18479;8938;9541;2138;11606;4735;;;;
037020;Castel San Pietro Terme;20702;10219;10483;2270;12607;5825;;;;
037021;Castenaso;16670;8045;8625;2101;10303;4266;;;;
037022;Castiglione dei Pepoli;5499;2788;2711;509;3278;1712;;;;
037024;Crevalcore;14210;7101;7109;1842;9128;3240;;;;
037025;Dozza;6513;3216;3297;782;4192;1539;;;;
037026;Fontanelice;1910;959;951;226;1175;509;;;;
037027;Gaggio Montano;4931;2480;2451;535;3116;1280;;;;
037028;Galliera;5776;2968;2808;748;3747;1281;;;;
037030;Granarolo dell'Emilia;13117;6421;6696;1707;8553;2857;;;;
037031;Grizzana Morandi;3947;2044;1903;371;2482;1094;;;;
037032;Imola;69702;33796;35906;8075;43423;18204;;;;
037033;Lizzano in Belvedere;2295;1132;1163;213;1376;706;;;;
037034;Loiano;4589;2283;2306;485;2799;1305;;;;
037035;Malalbergo;9403;4635;4768;1124;6060;2219;;;;
037036;Marzabotto;6926;3480;3446;776;4365;1785;;;;
037037;Medicina;16817;8330;8487;2015;10723;4079;;;;
037038;Minerbio;8959;4422;4537;1056;5729;2174;;;;
037039;Molinella;15910;7841;8069;1935;10226;3749;;;;
037040;Monghidoro;3934;2071;1863;371;2356;1207;;;;
037041;Monterenzio;6169;3116;3053;646;3959;1564;;;;
037042;Monte San Pietro;10845;5311;5534;1047;6782;3016;;;;
037044;Monzuno;6433;3280;3153;650;4104;1679;;;;
037045;Mordano;4588;2320;2268;568;2908;1112;;;;
037046;Ozzano dell'Emilia;14416;7156;7260;1658;9148;3610;;;;
037047;Pianoro;17852;8787;9065;1979;11022;4851;;;;
037048;Pieve di Cento;7431;3704;3727;926;4507;1998;;;;
037050;Sala Bolognese;8451;4234;4217;1016;5498;1937;;;;
037051;San Benedetto Val di Sambro;4268;2193;2075;390;2604;1274;;;;
037052;San Giorgio di Piano;9771;4833;4938;1248;6368;2155;;;;
037053;San Giovanni in Persiceto;28195;13806;14389;3335;17694;7166;;;;
037054;San Lazzaro di Savena;32950;15842;17108;3631;20105;9214;;;;
037055;San Pietro in Casale;13206;6579;6627;1698;8492;3016;;;;
037056;Sant'Agata Bolognese;7345;3719;3626;901;4843;1601;;;;
037057;Sasso Marconi;14829;7155;7674;1497;9128;4204;;;;
037059;Vergato;7946;3994;3952;935;4870;2141;;;;
037060;Zola Predosa;19516;9541;9975;2276;12358;4882;;;;
037061;Valsamoggia;32258;15994;16264;4025;20438;7795;;;;
037062;Alto Reno Terme;7179;3516;3663;794;4343;2042;;;;
038001;Argenta;21295;10558;10737;2269;12798;6228;;;;
038003;Bondeno;14179;7090;7089;1473;8570;4136;;;;
038004;Cento;35836;17794;18042;4422;22904;8510;;;;
038005;Codigoro;10932;5264;5668;919;6257;3756;;;;
038006;Comacchio;22003;10844;11159;1754;13493;6756;;;;
038007;Copparo;15657;7523;8134;1271;9096;5290;;;;
038008;Ferrara;129048;61868;67180;12231;78883;37934;;;;
038010;Jolanda di Savoia;2595;1302;1293;201;1482;912;;;;
038011;Lagosanto;4658;2247;2411;440;2818;1400;;;;
038012;Masi Torello;2241;1060;1181;226;1276;739;;;;
038014;Mesola;6315;3082;3233;525;3642;2148;;;;
038017;Ostellato;5609;2792;2817;460;3257;1892;;;;
038018;Poggio Renatico;9720;4800;4920;1150;6220;2350;;;;
038019;Portomaggiore;12433;6397;6036;1427;7524;3482;;;;
038022;Vigarano Mainarda;7637;3771;3866;868;4749;2020;;;;
038023;Voghiera;3594;1753;1841;296;2140;1158;;;;
038025;Goro;3353;1608;1745;298;1979;1076;;;;
038027;Fiscaglia;8563;4235;4328;753;5045;2765;;;;
038028;Terre del Reno;10457;5176;5281;1304;6494;2659;;;;
038029;Riva del Po;7401;3662;3739;642;4119;2640;;;;
038030;Tresignana;6956;3368;3588;663;4072;2221;;;;
039001;Alfonsine;11667;5749;5918;1245;6977;3445;;;;
039002;Bagnacavallo;16519;8165;8354;1805;10080;4634;;;;
039003;Bagnara di Romagna;2317;1160;1157;311;1461;545;;;;
039004;Brisighella;7181;3639;3542;714;4342;2125;;;;
039005;Casola Valsenio;2489;1337;1152;245;1487;757;;;;
039006;Castel Bolognese;9484;4718;4766;1210;5853;2421;;;;
039007;Cervia;29075;14128;14947;2686;18683;7706;;;;
039008;Conselice;9734;4861;4873;1262;5962;2510;;;;
039009;Cotignola;7337;3628;3709;839;4464;2034;;;;
039010;Faenza;58750;29109;29641;6921;36674;15155;;;;
039011;Fusignano;8258;4121;4137;966;5073;2219;;;;
039012;Lugo;32128;15715;16413;3594;19476;9058;;;;
039013;Massa Lombarda;10928;5552;5376;1464;6918;2546;;;;
039014;Ravenna;156475;76630;79845;16237;98805;41433;;;;
039015;Riolo Terme;5824;2966;2858;663;3674;1487;;;;
039016;Russi;12282;6094;6188;1457;7554;3271;;;;
039017;Sant'Agata sul Santerno;2834;1383;1451;352;1859;623;;;;
039018;Solarolo;4461;2224;2237;505;2791;1165;;;;
040001;Bagno di Romagna;5584;2734;2850;568;3305;1711;;;;
040003;Bertinoro;11193;5520;5673;1366;7113;2714;;;;
040004;Borghi;2915;1499;1416;332;1973;610;;;;
040005;Castrocaro Terme e Terra del Sole;6530;3159;3371;748;3971;1811;;;;
040007;Cesena;95620;46519;49101;10350;59534;25736;;;;
040008;Cesenatico;26042;12641;13401;2730;16646;6666;;;;
040009;Civitella di Romagna;3626;1819;1807;447;2170;1009;;;;
040011;Dovadola;1591;781;810;174;970;447;;;;
040012;Forlì;118053;58019;60034;13523;73784;30746;;;;
040013;Forlimpopoli;13140;6524;6616;1541;8246;3353;;;;
040014;Galeata;2556;1313;1243;367;1603;586;;;;
040015;Gambettola;10963;5361;5602;1401;6975;2587;;;;
040016;Gatteo;9469;4720;4749;1284;6182;2003;;;;
040018;Longiano;7194;3579;3615;929;4660;1605;;;;
040019;Meldola;10037;4982;5055;1232;6212;2593;;;;
040020;Mercato Saraceno;6826;3486;3340;774;4281;1771;;;;
040022;Modigliana;4301;2149;2152;424;2532;1345;;;;
040028;Montiano;1695;838;857;168;1073;454;;;;
040031;Portico e San Benedetto;716;368;348;76;415;225;;;;
040032;Predappio;6364;3258;3106;728;3896;1740;;;;
040033;Premilcuore;675;344;331;45;381;249;;;;
040036;Rocca San Casciano;1823;916;907;179;1066;578;;;;
040037;Roncofreddo;3558;1804;1754;442;2322;794;;;;
040041;San Mauro Pascoli;12458;6142;6316;1592;8176;2690;;;;
040043;Santa Sofia;4033;2016;2017;473;2436;1124;;;;
040044;Sarsina;3287;1660;1627;319;1965;1003;;;;
040045;Savignano sul Rubicone;18147;9015;9132;2305;11824;4018;;;;
040046;Sogliano al Rubicone;3145;1568;1577;411;1928;806;;;;
040049;Tredozio;1075;545;530;88;628;359;;;;
040050;Verghereto;1721;897;824;173;976;572;;;;
041001;Acqualagna;4153;2067;2086;488;2629;1036;;;;
041002;Apecchio;1663;820;843;139;977;547;;;;
041005;Belforte all'Isauro;728;369;359;93;447;188;;;;
041006;Borgo Pace;520;253;267;43;307;170;;;;
041007;Cagli;7878;3889;3989;800;4714;2364;;;;
041008;Cantiano;1962;999;963;151;1107;704;;;;
041009;Carpegna;1674;874;800;194;1031;449;;;;
041010;Cartoceto;7955;3953;4002;982;5175;1798;;;;
041013;Fano;59871;29002;30869;6593;37429;15849;;;;
041014;Fermignano;8268;4099;4169;1030;5318;1920;;;;
041015;Fossombrone;9028;4495;4533;964;5605;2459;;;;
041016;Fratte Rosa;827;427;400;71;483;273;;;;
041017;Frontino;290;146;144;35;171;84;;;;
041018;Frontone;1192;580;612;113;697;382;;;;
041019;Gabicce Mare;5411;2648;2763;484;3358;1569;;;;
041020;Gradara;4899;2475;2424;640;3266;993;;;;
041021;Isola del Piano;517;269;248;43;316;158;;;;
041022;Lunano;1412;751;661;191;916;305;;;;
041023;Macerata Feltria;1880;888;992;216;1097;567;;;;
041025;Mercatello sul Metauro;1320;653;667;155;782;383;;;;
041026;Mercatino Conca;1078;540;538;133;658;287;;;;
041027;Mombaroccio;2156;1066;1090;230;1428;498;;;;
041028;Mondavio;3592;1759;1833;351;2184;1057;;;;
041029;Mondolfo;14406;7186;7220;1672;9058;3676;;;;
041030;Montecalvo in Foglia;2779;1379;1400;373;1778;628;;;;
041031;Monte Cerignone;568;265;303;45;329;194;;;;
041034;Montefelcino;2427;1220;1207;244;1518;665;;;;
041035;Monte Grimano Terme;1137;571;566;118;727;292;;;;
041036;Montelabbate;7066;3600;3466;984;4736;1346;;;;
041038;Monte Porzio;2852;1444;1408;355;1820;677;;;;
041041;Peglio;690;362;328;64;462;164;;;;
041043;Pergola;5745;2853;2892;544;3372;1829;;;;
041044;Pesaro;95270;46110;49160;9853;59290;26127;;;;
041045;Petriano;2814;1414;1400;386;1788;640;;;;
041047;Piandimeleto;2052;1072;980;284;1274;494;;;;
041048;Pietrarubbia;652;371;281;54;419;179;;;;
041049;Piobbico;1808;890;918;181;1114;513;;;;
041051;San Costanzo;4648;2367;2281;563;2915;1170;;;;
041054;San Lorenzo in Campo;3157;1545;1612;309;1932;916;;;;
041057;Sant'Angelo in Vado;3905;1965;1940;488;2384;1033;;;;
041058;Sant'Ippolito;1506;763;743;188;944;374;;;;
041061;Serra Sant'Abbondio;846;431;415;59;473;314;;;;
041064;Tavoleto;831;414;417;76;541;214;;;;
041065;Tavullia;8018;4045;3973;974;5482;1562;;;;
041066;Urbania;6888;3400;3488;805;4365;1718;;;;
041067;Urbino;13868;6942;6926;1348;8551;3969;;;;
041068;Vallefoglia;14943;7623;7320;1910;9918;3115;;;;
041069;Colli al Metauro;12349;6220;6129;1674;7985;2690;;;;
041070;Terre Roveresche;5182;2636;2546;544;3177;1461;;;;
041071;Sassocorvaro Auditore;4875;2494;2381;633;2949;1293;;;;
042001;Agugliano;4632;2312;2320;505;2974;1153;;;;
042002;Ancona;100151;49609;50542;10898;62412;26841;;;;
042003;Arcevia;4245;2139;2106;366;2484;1395;;;;
042004;Barbara;1267;640;627;134;741;392;;;;
042005;Belvedere Ostrense;2070;1019;1051;247;1257;566;;;;
042006;Camerano;6997;3417;3580;824;4305;1868;;;;
042007;Camerata Picena;2481;1240;1241;294;1675;512;;;;
042008;Castelbellino;4905;2371;2534;616;3148;1141;;;;
042010;Castelfidardo;18333;9033;9300;2154;11691;4488;;;;
042011;Castelleone di Suasa;1542;789;753;153;967;422;;;;
042012;Castelplanio;3612;1825;1787;432;2326;854;;;;
042013;Cerreto d'Esi;3333;1654;1679;321;2152;860;;;;
042014;Chiaravalle;14179;6831;7348;1492;8729;3958;;;;
042015;Corinaldo;4729;2305;2424;528;2799;1402;;;;
042016;Cupramontana;4321;2130;2191;487;2572;1262;;;;
042017;Fabriano;28469;13929;14540;2935;17499;8035;;;;
042018;Falconara Marittima;26022;12784;13238;2665;15777;7580;;;;
042019;Filottrano;8849;4384;4465;1054;5412;2383;;;;
042020;Genga;1612;798;814;151;940;521;;;;
042021;Jesi;39430;19230;20200;4338;24437;10655;;;;
042022;Loreto;13083;6355;6728;1450;8376;3257;;;;
042023;Maiolati Spontini;5927;2856;3071;642;3629;1656;;;;
042024;Mergo;970;479;491;93;629;248;;;;
042025;Monsano;3184;1548;1636;350;2054;780;;;;
042026;Montecarotto;1849;920;929;206;1108;535;;;;
042027;Montemarciano;9827;4890;4937;1044;6188;2595;;;;
042029;Monte Roberto;2992;1488;1504;385;1895;712;;;;
042030;Monte San Vito;6680;3282;3398;725;4391;1564;;;;
042031;Morro d'Alba;1800;891;909;174;1130;496;;;;
042032;Numana;3737;1887;1850;307;2418;1012;;;;
042033;Offagna;2117;1068;1049;268;1347;502;;;;
042034;Osimo;34780;17166;17614;4365;21990;8425;;;;
042035;Ostra;6216;3053;3163;709;3864;1643;;;;
042036;Ostra Vetere;3042;1534;1508;271;1849;922;;;;
042037;Poggio San Marcello;683;351;332;70;434;179;;;;
042038;Polverigi;4539;2272;2267;581;2966;992;;;;
042040;Rosora;1788;907;881;188;1131;469;;;;
042041;San Marcello;2006;997;1009;230;1220;556;;;;
042042;San Paolo di Jesi;909;453;456;102;567;240;;;;
042043;Santa Maria Nuova;3880;1945;1935;437;2425;1018;;;;
042044;Sassoferrato;6797;3323;3474;672;4101;2024;;;;
042045;Senigallia;43808;21111;22697;4483;26955;12370;;;;
042046;Serra de' Conti;3515;1726;1789;399;2180;936;;;;
042047;Serra San Quirico;2469;1202;1267;231;1495;743;;;;
042048;Sirolo;4090;1945;2145;446;2540;1104;;;;
042049;Staffolo;2149;1056;1093;264;1270;615;;;;
042050;Trecastelli;7597;3795;3802;933;4895;1769;;;;
043002;Apiro;2015;990;1025;217;1178;620;;;;
043003;Appignano;4119;2022;2097;467;2535;1117;;;;
043004;Belforte del Chienti;1829;911;918;218;1131;480;;;;
043005;Bolognola;148;81;67;16;86;46;;;;
043006;Caldarola;1621;806;815;206;995;420;;;;
043007;Camerino;5935;2871;3064;548;3507;1880;;;;
043008;Camporotondo di Fiastrone;461;225;236;42;290;129;;;;
043009;Castelraimondo;4180;2018;2162;391;2541;1248;;;;
043010;Castelsantangelo sul Nera;207;110;97;11;109;87;;;;
043011;Cessapalombo;409;200;209;48;232;129;;;;
043012;Cingoli;9438;4619;4819;944;5781;2713;;;;
043013;Civitanova Marche;41929;20027;21902;4786;26594;10549;;;;
043014;Colmurano;1121;549;572;129;680;312;;;;
043015;Corridonia;14684;7235;7449;1852;9194;3638;;;;
043016;Esanatoglia;1877;893;984;198;1127;552;;;;
043017;Fiastra;600;319;281;38;347;215;;;;
043019;Fiuminata;1194;591;603;90;679;425;;;;
043020;Gagliole;513;269;244;54;299;160;;;;
043021;Gualdo;700;337;363;68;328;304;;;;
043022;Loro Piceno;2155;1090;1065;212;1273;670;;;;
043023;Macerata;40689;19747;20942;4636;24706;11347;;;;
043024;Matelica;9026;4381;4645;929;5415;2682;;;;
043025;Mogliano;4245;2098;2147;496;2508;1241;;;;
043026;Montecassiano;6694;3316;3378;787;4123;1784;;;;
043027;Monte Cavallo;100;51;49;7;61;32;;;;
043028;Montecosaro;7370;3660;3710;1058;4715;1597;;;;
043029;Montefano;3304;1626;1678;373;2092;839;;;;
043030;Montelupone;3380;1696;1684;392;2090;898;;;;
043031;Monte San Giusto;7411;3689;3722;955;4555;1901;;;;
043032;Monte San Martino;668;342;326;59;401;208;;;;
043033;Morrovalle;9773;4901;4872;1202;6150;2421;;;;
043034;Muccia;786;384;402;83;469;234;;;;
043035;Penna San Giovanni;901;437;464;74;492;335;;;;
043036;Petriolo;1821;914;907;222;1062;537;;;;
043038;Pieve Torina;1204;602;602;119;746;339;;;;
043039;Pioraco;915;456;459;77;533;305;;;;
043040;Poggio San Vicino;195;91;104;10;105;80;;;;
043041;Pollenza;6149;3052;3097;726;3789;1634;;;;
043042;Porto Recanati;12734;6557;6177;1630;8255;2849;;;;
043043;Potenza Picena;15470;7561;7909;1748;9642;4080;;;;
043044;Recanati;20558;10005;10553;2305;12712;5541;;;;
043045;Ripe San Ginesio;797;391;406;95;499;203;;;;
043046;San Ginesio;3047;1534;1513;300;1739;1008;;;;
043047;San Severino Marche;11793;5803;5990;1293;6993;3507;;;;
043048;Sant'Angelo in Pontano;1219;592;627;110;726;383;;;;
043049;Sarnano;3058;1531;1527;328;1816;914;;;;
043050;Sefro;425;238;187;45;250;130;;;;
043051;Serrapetrona;848;428;420;80;528;240;;;;
043052;Serravalle di Chienti;1035;553;482;94;606;335;;;;
043053;Tolentino;17439;8475;8964;1832;10592;5015;;;;
043054;Treia;9002;4532;4470;1025;5529;2448;;;;
043055;Urbisaglia;2363;1178;1185;208;1453;702;;;;
043056;Ussita;332;163;169;21;212;99;;;;
043057;Visso;920;443;477;80;530;310;;;;
043058;Valfornace;883;452;431;90;523;270;;;;
044001;Acquasanta Terme;2411;1222;1189;198;1356;857;;;;
044002;Acquaviva Picena;3586;1771;1815;372;2253;961;;;;
044005;Appignano del Tronto;1641;798;843;188;944;509;;;;
044006;Arquata del Tronto;910;473;437;63;498;349;;;;
044007;Ascoli Piceno;45193;22014;23179;4319;27149;13725;;;;
044010;Carassai;1042;534;508;83;629;330;;;;
044011;Castel di Lama;8412;4144;4268;1126;5250;2036;;;;
044012;Castignano;2511;1252;1259;271;1447;793;;;;
044013;Castorano;2274;1119;1155;252;1414;608;;;;
044014;Colli del Tronto;3681;1845;1836;477;2302;902;;;;
044015;Comunanza;2919;1484;1435;349;1838;732;;;;
044016;Cossignano;879;430;449;65;512;302;;;;
044017;Cupra Marittima;5343;2615;2728;604;3255;1484;;;;
044020;Folignano;8649;4342;4307;997;5471;2181;;;;
044021;Force;1080;546;534;83;619;378;;;;
044023;Grottammare;15913;7684;8229;1838;10050;4025;;;;
044027;Maltignano;2173;1069;1104;223;1336;614;;;;
044029;Massignano;1609;837;772;160;984;465;;;;
044031;Monsampolo del Tronto;4379;2202;2177;504;2819;1056;;;;
044032;Montalto delle Marche;1814;857;957;161;1019;634;;;;
044034;Montedinove;443;244;199;30;249;164;;;;
044036;Montefiore dell'Aso;1946;943;1003;181;1145;620;;;;
044038;Montegallo;364;205;159;17;192;155;;;;
044044;Montemonaco;518;258;260;46;296;176;;;;
044045;Monteprandone;13111;6549;6562;1777;8473;2861;;;;
044054;Offida;4569;2232;2337;433;2667;1469;;;;
044056;Palmiano;150;66;84;3;94;53;;;;
044063;Ripatransone;4105;2054;2051;444;2439;1222;;;;
044064;Roccafluvione;1816;922;894;212;1038;566;;;;
044065;Rotella;764;391;373;52;444;268;;;;
044066;San Benedetto del Tronto;46976;22326;24650;4780;29198;12998;;;;
044071;Spinetoli;7159;3505;3654;828;4666;1665;;;;
044073;Venarotta;1862;928;934;194;1062;606;;;;
045001;Aulla;10915;5344;5571;1232;6778;2905;;;;
045002;Bagnone;1686;833;853;111;921;654;;;;
045003;Carrara;59723;29100;30623;5676;36757;17290;;;;
045004;Casola in Lunigiana;901;438;463;62;466;373;;;;
045005;Comano;636;316;320;45;355;236;;;;
045006;Filattiera;2147;1067;1080;207;1250;690;;;;
045007;Fivizzano;6886;3384;3502;519;3735;2632;;;;
045008;Fosdinovo;4580;2255;2325;415;2777;1388;;;;
045009;Licciana Nardi;4706;2336;2370;493;2900;1313;;;;
045010;Massa;65547;31937;33610;6398;40357;18792;;;;
045011;Montignoso;10050;4884;5166;1002;6284;2764;;;;
045012;Mulazzo;2269;1140;1129;184;1318;767;;;;
045013;Podenzana;2153;1087;1066;213;1380;560;;;;
045014;Pontremoli;6867;3313;3554;628;3952;2287;;;;
045015;Tresana;1880;947;933;187;1078;615;;;;
045016;Villafranca in Lunigiana;4801;2483;2318;486;2940;1375;;;;
045017;Zeri;890;445;445;47;442;401;;;;
046001;Altopascio;16186;8042;8144;2180;10660;3346;;;;
046002;Bagni di Lucca;5476;2741;2735;485;3240;1751;;;;
046003;Barga;9293;4619;4674;946;5562;2785;;;;
046004;Borgo a Mozzano;6683;3297;3386;659;4086;1938;;;;
046005;Camaiore;31763;15373;16390;3066;19893;8804;;;;
046006;Camporgiano;1982;980;1002;149;1170;663;;;;
046007;Capannori;46739;23252;23487;5431;29223;12085;;;;
046008;Careggine;487;251;236;36;271;180;;;;
046009;Castelnuovo di Garfagnana;5605;2700;2905;609;3364;1632;;;;
046010;Castiglione di Garfagnana;1685;843;842;172;1001;512;;;;
046011;Coreglia Antelminelli;5075;2549;2526;483;3235;1357;;;;
046013;Forte dei Marmi;6550;3009;3541;539;3724;2287;;;;
046014;Fosciandora;553;262;291;52;322;179;;;;
046015;Gallicano;3592;1827;1765;367;2219;1006;;;;
046017;Lucca;88464;42924;45540;9400;55248;23816;;;;
046018;Massarosa;21782;10736;11046;2213;13878;5691;;;;
046019;Minucciano;1713;836;877;113;928;672;;;;
046020;Molazzana;953;473;480;65;575;313;;;;
046021;Montecarlo;4343;2109;2234;481;2711;1151;;;;
046022;Pescaglia;3154;1580;1574;257;1909;988;;;;
046023;Piazza al Serchio;2031;977;1054;131;1212;688;;;;
046024;Pietrasanta;22678;10736;11942;2062;13697;6919;;;;
046025;Pieve Fosciana;2184;1089;1095;193;1337;654;;;;
046026;Porcari;8908;4402;4506;1138;5715;2055;;;;
046027;San Romano in Garfagnana;1295;640;655;122;795;378;;;;
046028;Seravezza;12284;5856;6428;1182;7488;3614;;;;
046030;Stazzema;2783;1405;1378;227;1730;826;;;;
046031;Vagli Sotto;761;412;349;48;418;295;;;;
046033;Viareggio;60680;29180;31500;6056;37434;17190;;;;
046034;Villa Basilica;1460;733;727;164;870;426;;;;
046035;Villa Collemandina;1155;584;571;110;674;371;;;;
046036;Fabbriche di Vergemoli;695;357;338;49;410;236;;;;
046037;Sillano Giuncugnano;965;466;499;63;570;332;;;;
047002;Agliana;17984;8857;9127;2182;11347;4455;;;;
047003;Buggiano;8738;4245;4493;894;5523;2321;;;;
047005;Lamporecchio;7360;3605;3755;785;4620;1955;;;;
047006;Larciano;6341;3100;3241;671;3909;1761;;;;
047007;Marliana;3353;1737;1616;310;2066;977;;;;
047008;Massa e Cozzile;7752;3703;4049;846;4765;2141;;;;
047009;Monsummano Terme;20863;10131;10732;2359;13091;5413;;;;
047010;Montale;10463;5146;5317;1110;6333;3020;;;;
047011;Montecatini-Terme;21805;10500;11305;2504;13561;5740;;;;
047012;Pescia;19213;9359;9854;2112;12025;5076;;;;
047013;Pieve a Nievole;9235;4497;4738;921;5887;2427;;;;
047014;Pistoia;89094;43088;46006;9442;54412;25240;;;;
047016;Ponte Buggianese;8893;4371;4522;1014;5600;2279;;;;
047017;Quarrata;27028;13283;13745;3255;17184;6589;;;;
047018;Sambuca Pistoiese;1406;744;662;124;841;441;;;;
047020;Serravalle Pistoiese;11830;5840;5990;1379;7364;3087;;;;
047021;Uzzano;5646;2743;2903;686;3666;1294;;;;
047022;Chiesina Uzzanese;4619;2284;2335;561;2955;1103;;;;
047023;Abetone Cutigliano;1834;911;923;136;1041;657;;;;
047024;San Marcello Piteglio;7410;3562;3848;550;4214;2646;;;;
048001;Bagno a Ripoli;24806;11771;13035;2597;14633;7576;;;;
048002;Barberino di Mugello;10981;5473;5508;1311;6903;2767;;;;
048004;Borgo San Lorenzo;18412;9008;9404;2141;11345;4926;;;;
048005;Calenzano;18008;8843;9165;2119;11099;4790;;;;
048006;Campi Bisenzio;47435;23602;23833;5861;31144;10430;;;;
048008;Capraia e Limite;7804;3833;3971;953;5024;1827;;;;
048010;Castelfiorentino;17488;8631;8857;2159;10726;4603;;;;
048011;Cerreto Guidi;10659;5184;5475;1138;6842;2679;;;;
048012;Certaldo;15731;7824;7907;1651;9813;4267;;;;
048013;Dicomano;5610;2911;2699;584;3582;1444;;;;
048014;Empoli;49526;24191;25335;5376;32280;11870;;;;
048015;Fiesole;13742;6626;7116;1502;8166;4074;;;;
048017;Firenze;361625;171535;190090;38811;225777;97037;;;;
048018;Firenzuola;4444;2253;2191;426;2615;1403;;;;
048019;Fucecchio;22919;11315;11604;2538;14652;5729;;;;
048020;Gambassi Terme;4872;2381;2491;527;3067;1278;;;;
048021;Greve in Chianti;13365;6620;6745;1422;8248;3695;;;;
048022;Impruneta;14186;6832;7354;1494;8475;4217;;;;
048024;Lastra a Signa;19880;9883;9997;2270;12687;4923;;;;
048025;Londa;1848;939;909;172;1174;502;;;;
048026;Marradi;2808;1423;1385;282;1539;987;;;;
048027;Montaione;3433;1688;1745;361;2056;1016;;;;
048028;Montelupo Fiorentino;14272;6925;7347;1707;9229;3336;;;;
048030;Montespertoli;13197;6512;6685;1415;8355;3427;;;;
048031;Palazzuolo sul Senio;1095;579;516;99;612;384;;;;
048032;Pelago;7966;3986;3980;873;4975;2118;;;;
048033;Pontassieve;20122;9933;10189;2235;11926;5961;;;;
048035;Reggello;16555;8205;8350;1881;10207;4467;;;;
048036;Rignano sull'Arno;8511;4238;4273;942;5307;2262;;;;
048037;Rufina;7103;3509;3594;694;4393;2016;;;;
048038;San Casciano in Val di Pesa;16288;7845;8443;1711;9731;4846;;;;
048039;San Godenzo;1115;591;524;87;696;332;;;;
048041;Scandicci;49135;23547;25588;5230;29951;13954;;;;
048043;Sesto Fiorentino;49237;23533;25704;5606;30098;13533;;;;
048044;Signa;18990;9345;9645;2305;12428;4257;;;;
048046;Vaglia;5371;2692;2679;556;3321;1494;;;;
048049;Vicchio;8164;4150;4014;848;5169;2147;;;;
048050;Vinci;14574;7180;7394;1483;9223;3868;;;;
048052;Figline e Incisa Valdarno;23291;11399;11892;2554;14377;6360;;;;
048053;Scarperia e San Piero;11943;5921;6022;1317;7493;3133;;;;
048054;Barberino Tavarnelle;11983;5985;5998;1302;7397;3284;;;;
049001;Bibbona;3172;1613;1559;361;1923;888;;;;
049002;Campiglia Marittima;12235;5914;6321;1125;7392;3718;;;;
049003;Campo nell'Elba;4629;2326;2303;439;2933;1257;;;;
049004;Capoliveri;3970;1974;1996;419;2507;1044;;;;
049005;Capraia Isola;347;186;161;19;211;117;;;;
049006;Castagneto Carducci;8639;4274;4365;924;5279;2436;;;;
049007;Cecina;28022;13434;14588;2944;17156;7922;;;;
049008;Collesalvetti;16390;8034;8356;1840;10254;4296;;;;
049009;Livorno;152451;73718;78733;16084;93523;42844;;;;
049010;Marciana;2049;998;1051;170;1217;662;;;;
049011;Marciana Marina;1852;913;939;143;1124;585;;;;
049012;Piombino;32374;15922;16452;2922;19402;10050;;;;
049013;Porto Azzurro;3687;1906;1781;368;2454;865;;;;
049014;Portoferraio;11748;5744;6004;1258;7323;3167;;;;
049017;Rosignano Marittimo;30103;14631;15472;2806;18221;9076;;;;
049018;San Vincenzo;6342;2997;3345;590;3651;2101;;;;
049019;Sassetta;554;278;276;66;356;132;;;;
049020;Suvereto;2902;1436;1466;280;1719;903;;;;
049021;Rio;3427;1743;1684;268;2065;1094;;;;
050001;Bientina;8681;4207;4474;1177;5574;1930;;;;
050002;Buti;5532;2725;2807;576;3415;1541;;;;
050003;Calci;6263;3036;3227;705;3802;1756;;;;
050004;Calcinaia;12824;6283;6541;1652;8312;2860;;;;
050005;Capannoli;6339;3110;3229;778;3956;1605;;;;
050006;Casale Marittimo;1047;531;516;101;618;328;;;;
050008;Cascina;44816;21794;23022;5337;28209;11270;;;;
050009;Castelfranco di Sotto;13752;6946;6806;1693;8789;3270;;;;
050010;Castellina Marittima;1948;980;968;195;1216;537;;;;
050011;Castelnuovo di Val di Cecina;2055;1024;1031;241;1133;681;;;;
050012;Chianni;1276;646;630;106;738;432;;;;
050014;Fauglia;3655;1812;1843;392;2272;991;;;;
050015;Guardistallo;1201;582;619;105;718;378;;;;
050016;Lajatico;1252;625;627;109;718;425;;;;
050019;Montecatini Val di Cecina;1689;833;856;175;978;536;;;;
050020;Montescudaio;2192;1097;1095;257;1383;552;;;;
050021;Monteverdi Marittimo;769;373;396;81;468;220;;;;
050022;Montopoli in Val d'Arno;11261;5578;5683;1425;7150;2686;;;;
050023;Orciano Pisano;635;295;340;65;381;189;;;;
050024;Palaia;4562;2172;2390;503;2841;1218;;;;
050025;Peccioli;4635;2253;2382;481;2829;1325;;;;
050026;Pisa;90146;43991;46155;9285;57222;23639;;;;
050027;Pomarance;5254;2578;2676;535;2889;1830;;;;
050028;Ponsacco;15693;7711;7982;1966;10087;3640;;;;
050029;Pontedera;30028;14933;15095;3778;18822;7428;;;;
050030;Riparbella;1692;880;812;184;1113;395;;;;
050031;San Giuliano Terme;30867;15161;15706;3157;19177;8533;;;;
050032;San Miniato;27769;13594;14175;3216;17375;7178;;;;
050033;Santa Croce sull'Arno;15114;7692;7422;2216;9625;3273;;;;
050034;Santa Luce;1580;777;803;131;975;474;;;;
050035;Santa Maria a Monte;13473;6696;6777;1708;8691;3074;;;;
050036;Terricciola;4373;2150;2223;476;2757;1140;;;;
050037;Vecchiano;11822;5736;6086;1198;7287;3337;;;;
050038;Vicopisano;8582;4159;4423;987;5400;2195;;;;
050039;Volterra;9362;4585;4777;778;5553;3031;;;;
050040;Casciana Terme Lari;12110;5991;6119;1324;7517;3269;;;;
050041;Crespina Lorenzana;5339;2637;2702;586;3328;1425;;;;
051001;Anghiari;5343;2621;2722;562;3096;1685;;;;
051002;Arezzo;96506;47177;49329;10457;60013;26036;;;;
051003;Badia Tedalda;941;499;442;75;494;372;;;;
051004;Bibbiena;11971;6022;5949;1305;7483;3183;;;;
051005;Bucine;9906;4891;5015;1110;6183;2613;;;;
051006;Capolona;5203;2552;2651;572;3267;1364;;;;
051007;Caprese Michelangelo;1325;653;672;131;735;459;;;;
051008;Castel Focognano;2931;1512;1419;267;1796;868;;;;
051010;Castel San Niccolò;2493;1236;1257;227;1495;771;;;;
051011;Castiglion Fibocchi;2122;1083;1039;231;1320;571;;;;
051012;Castiglion Fiorentino;12823;6359;6464;1457;8005;3361;;;;
051013;Cavriglia;9504;4735;4769;1050;6167;2287;;;;
051014;Chitignano;872;442;430;83;503;286;;;;
051015;Chiusi della Verna;1892;910;982;188;1111;593;;;;
051016;Civitella in Val di Chiana;8608;4283;4325;928;5394;2286;;;;
051017;Cortona;20725;10017;10708;2139;12366;6220;;;;
051018;Foiano della Chiana;9026;4455;4571;1087;5728;2211;;;;
051020;Loro Ciuffenna;5874;2918;2956;618;3671;1585;;;;
051021;Lucignano;3394;1638;1756;374;2031;989;;;;
051022;Marciano della Chiana;3517;1724;1793;413;2281;823;;;;
051023;Montemignaio;495;263;232;36;274;185;;;;
051024;Monterchi;1719;869;850;163;1010;546;;;;
051025;Monte San Savino;8588;4222;4366;1004;5367;2217;;;;
051026;Montevarchi;24044;11909;12135;2865;15100;6079;;;;
051027;Ortignano Raggiolo;834;435;399;84;496;254;;;;
051030;Pieve Santo Stefano;2966;1449;1517;296;1739;931;;;;
051031;Poppi;5732;2922;2810;586;3532;1614;;;;
051033;San Giovanni Valdarno;16564;7934;8630;1765;10233;4566;;;;
051034;Sansepolcro;15192;7500;7692;1624;9129;4439;;;;
051035;Sestino;1150;596;554;112;682;356;;;;
051037;Subbiano;6405;3273;3132;691;4143;1571;;;;
051038;Talla;964;505;459;76;549;339;;;;
051039;Terranuova Bracciolini;12135;6003;6132;1362;7676;3097;;;;
051040;Castelfranco Piandiscò;9808;4801;5007;1151;6242;2415;;;;
051041;Pratovecchio Stia;5406;2676;2730;505;3204;1697;;;;
051042;Laterina Pergine Valdarno;6291;3141;3150;686;3886;1719;;;;
052001;Abbadia San Salvatore;6117;3111;3006;565;3660;1892;;;;
052002;Asciano;6782;3338;3444;803;4139;1840;;;;
052003;Buonconvento;2936;1424;1512;334;1815;787;;;;
052004;Casole d'Elsa;3669;1827;1842;432;2344;893;;;;
052005;Castellina in Chianti;2591;1355;1236;291;1622;678;;;;
052006;Castelnuovo Berardenga;8764;4295;4469;1006;5570;2188;;;;
052007;Castiglione d'Orcia;2046;1016;1030;153;1176;717;;;;
052008;Cetona;2441;1173;1268;211;1383;847;;;;
052009;Chianciano Terme;7143;3673;3470;630;4495;2018;;;;
052010;Chiusdino;1704;838;866;229;1001;474;;;;
052011;Chiusi;8052;4034;4018;825;4843;2384;;;;
052012;Colle di Val d'Elsa;21665;10575;11090;2656;13750;5259;;;;
052013;Gaiole in Chianti;2460;1260;1200;287;1533;640;;;;
052015;Montepulciano;13017;6286;6731;1301;7798;3918;;;;
052016;Monteriggioni;10063;4962;5101;1234;6466;2363;;;;
052017;Monteroni d'Arbia;9019;4431;4588;1262;5635;2122;;;;
052018;Monticiano;1636;880;756;190;1040;406;;;;
052019;Murlo;2475;1307;1168;291;1621;563;;;;
052020;Piancastagnaio;3839;1867;1972;390;2284;1165;;;;
052021;Pienza;1900;903;997;166;1123;611;;;;
052022;Poggibonsi;28048;13779;14269;3123;17547;7378;;;;
052023;Radda in Chianti;1431;698;733;144;870;417;;;;
052024;Radicofani;1024;495;529;100;587;337;;;;
052025;Radicondoli;969;513;456;91;584;294;;;;
052026;Rapolano Terme;5103;2494;2609;598;3105;1400;;;;
052027;San Casciano dei Bagni;1417;709;708;104;763;550;;;;
052028;San Gimignano;7463;3847;3616;760;4698;2005;;;;
052030;San Quirico d'Orcia;2530;1231;1299;284;1554;692;;;;
052031;Sarteano;4494;2186;2308;467;2698;1329;;;;
052032;Siena;53180;24914;28266;5416;32632;15132;;;;
052033;Sinalunga;12093;5923;6170;1432;7338;3323;;;;
052034;Sovicille;9844;4771;5073;1170;6175;2499;;;;
052035;Torrita di Siena;6942;3424;3518;750;4123;2069;;;;
052036;Trequanda;1115;555;560;74;662;379;;;;
052037;Montalcino;5530;2713;2817;594;3370;1566;;;;
053001;Arcidosso;4341;2235;2106;429;2761;1151;;;;
053002;Campagnatico;2345;1238;1107;215;1432;698;;;;
053003;Capalbio;3660;1764;1896;315;2195;1150;;;;
053004;Castel del Piano;4803;2440;2363;560;2914;1329;;;;
053005;Castell'Azzara;1254;609;645;92;653;509;;;;
053006;Castiglione della Pescaia;7056;3496;3560;558;4224;2274;;;;
053007;Cinigiano;2466;1331;1135;238;1517;711;;;;
053008;Civitella Paganico;2953;1467;1486;328;1767;858;;;;
053009;Follonica;20000;9415;10585;1800;11688;6512;;;;
053010;Gavorrano;8356;4173;4183;836;5140;2380;;;;
053011;Grosseto;81275;39345;41930;8614;50698;21963;;;;
053012;Isola del Giglio;1279;691;588;86;753;440;;;;
053013;Magliano in Toscana;3249;1577;1672;251;1862;1136;;;;
053014;Manciano;6850;3330;3520;618;4073;2159;;;;
053015;Massa Marittima;8197;3974;4223;845;4767;2585;;;;
053016;Monte Argentario;11605;5645;5960;1072;6898;3635;;;;
053017;Montieri;1189;605;584;143;691;355;;;;
053018;Orbetello;13917;6642;7275;1266;8126;4525;;;;
053019;Pitigliano;3515;1688;1827;289;2063;1163;;;;
053020;Roccalbegna;909;450;459;72;549;288;;;;
053021;Roccastrada;8767;4384;4383;881;5252;2634;;;;
053022;Santa Fiora;2504;1254;1250;210;1498;796;;;;
053023;Scansano;4360;2334;2026;400;2639;1321;;;;
053024;Scarlino;3680;1857;1823;374;2341;965;;;;
053025;Seggiano;1054;566;488;109;643;302;;;;
053026;Sorano;2983;1474;1509;209;1670;1104;;;;
053027;Monterotondo Marittimo;1274;668;606;163;765;346;;;;
053028;Semproniano;1022;505;517;89;567;366;;;;
054001;Assisi;27400;13254;14146;3036;17005;7359;;;;
054002;Bastia Umbra;21497;10445;11052;2674;13717;5106;;;;
054003;Bettona;4247;2057;2190;483;2662;1102;;;;
054004;Bevagna;4736;2333;2403;500;2878;1358;;;;
054005;Campello sul Clitunno;2311;1138;1173;244;1412;655;;;;
054006;Cannara;4169;2040;2129;493;2588;1088;;;;
054007;Cascia;2930;1449;1481;286;1814;830;;;;
054008;Castel Ritaldi;2994;1487;1507;285;1913;796;;;;
054009;Castiglione del Lago;15202;7436;7766;1697;9091;4414;;;;
054010;Cerreto di Spoleto;961;477;484;78;591;292;;;;
054011;Citerna;3383;1711;1672;403;2148;832;;;;
054012;Città della Pieve;7377;3525;3852;791;4391;2195;;;;
054013;Città di Castello;37847;18349;19498;4229;23161;10457;;;;
054014;Collazzone;3284;1623;1661;409;2025;850;;;;
054015;Corciano;21603;10529;11074;2714;13925;4964;;;;
054016;Costacciaro;1020;510;510;71;604;345;;;;
054017;Deruta;9562;4735;4827;1145;5971;2446;;;;
054018;Foligno;55262;26648;28614;6274;34009;14979;;;;
054019;Fossato di Vico;2585;1294;1291;275;1579;731;;;;
054020;Fratta Todina;1913;996;917;182;1249;482;;;;
054021;Giano dell'Umbria;3669;1828;1841;482;2293;894;;;;
054022;Gualdo Cattaneo;5628;2895;2733;557;3428;1643;;;;
054023;Gualdo Tadino;14133;6749;7384;1387;8578;4168;;;;
054024;Gubbio;30190;14744;15446;3048;18598;8544;;;;
054025;Lisciano Niccone;602;302;300;66;359;177;;;;
054026;Magione;14662;7197;7465;1640;9150;3872;;;;
054027;Marsciano;17962;8846;9116;2108;11159;4695;;;;
054028;Massa Martana;3553;1797;1756;420;2090;1043;;;;
054029;Monte Castello di Vibio;1378;698;680;124;747;507;;;;
054030;Montefalco;5266;2605;2661;543;3159;1564;;;;
054031;Monteleone di Spoleto;535;272;263;39;320;176;;;;
054032;Monte Santa Maria Tiberina;1045;524;521;107;633;305;;;;
054033;Montone;1534;755;779;142;938;454;;;;
054034;Nocera Umbra;5474;2741;2733;510;3288;1676;;;;
054035;Norcia;4399;2217;2182;498;2715;1186;;;;
054036;Paciano;923;453;470;82;527;314;;;;
054037;Panicale;5317;2585;2732;523;3220;1574;;;;
054038;Passignano sul Trasimeno;5686;2750;2936;613;3493;1580;;;;
054039;Perugia;162384;78351;84033;18242;101703;42439;;;;
054040;Piegaro;3321;1621;1700;336;1985;1000;;;;
054041;Pietralunga;2010;983;1027;175;1225;610;;;;
054042;Poggiodomo;81;48;33;3;31;47;;;;
054043;Preci;678;348;330;70;393;215;;;;
054044;San Giustino;11020;5430;5590;1251;6806;2963;;;;
054045;Sant'Anatolia di Narco;490;261;229;30;291;169;;;;
054046;Scheggia e Pascelupo;1231;621;610;111;725;395;;;;
054047;Scheggino;422;217;205;35;257;130;;;;
054048;Sellano;918;465;453;54;509;355;;;;
054049;Sigillo;2282;1097;1185;225;1349;708;;;;
054050;Spello;8208;3965;4243;827;4965;2416;;;;
054051;Spoleto;35875;17431;18444;3649;21507;10719;;;;
054052;Todi;15432;7495;7937;1516;9196;4720;;;;
054053;Torgiano;6628;3265;3363;791;4176;1661;;;;
054054;Trevi;7969;3916;4053;892;4845;2232;;;;
054055;Tuoro sul Trasimeno;3793;1869;1924;371;2346;1076;;;;
054056;Umbertide;16207;7956;8251;2076;9993;4138;;;;
054057;Valfabbrica;3225;1554;1671;357;1915;953;;;;
054058;Vallo di Nera;317;149;168;28;194;95;;;;
054059;Valtopina;1258;619;639;127;738;393;;;;
055001;Acquasparta;4330;2109;2221;428;2626;1276;;;;
055002;Allerona;1679;830;849;189;994;496;;;;
055003;Alviano;1318;631;687;114;813;391;;;;
055004;Amelia;11404;5671;5733;1179;6845;3380;;;;
055005;Arrone;2504;1205;1299;242;1512;750;;;;
055006;Attigliano;1962;996;966;208;1262;492;;;;
055007;Baschi;2544;1264;1280;242;1499;803;;;;
055008;Calvi dell'Umbria;1660;817;843;133;947;580;;;;
055009;Castel Giorgio;1992;954;1038;185;1089;718;;;;
055010;Castel Viscardo;2640;1285;1355;237;1528;875;;;;
055011;Fabro;2570;1246;1324;230;1583;757;;;;
055012;Ferentillo;1767;878;889;207;1039;521;;;;
055013;Ficulle;1548;779;769;154;898;496;;;;
055014;Giove;1829;892;937;170;1073;586;;;;
055015;Guardea;1714;846;868;167;1003;544;;;;
055016;Lugnano in Teverina;1390;699;691;126;777;487;;;;
055017;Montecastrilli;4787;2344;2443;529;2889;1369;;;;
055018;Montecchio;1427;721;706;102;830;495;;;;
055019;Montefranco;1243;620;623;138;753;352;;;;
055020;Montegabbione;1095;552;543;96;613;386;;;;
055021;Monteleone d'Orvieto;1357;635;722;127;771;459;;;;
055022;Narni;17626;8535;9091;1640;10444;5542;;;;
055023;Orvieto;19052;9120;9932;1853;11361;5838;;;;
055024;Otricoli;1717;841;876;159;1018;540;;;;
055025;Parrano;492;245;247;36;271;185;;;;
055026;Penna in Teverina;1024;503;521;90;599;335;;;;
055027;Polino;233;127;106;27;135;71;;;;
055028;Porano;1816;871;945;162;1111;543;;;;
055029;San Gemini;4611;2219;2392;439;2851;1321;;;;
055030;San Venanzo;2122;1104;1018;170;1281;671;;;;
055031;Stroncone;4606;2339;2267;498;2863;1245;;;;
055032;Terni;106272;51087;55185;10857;65478;29937;;;;
055033;Avigliano Umbro;2308;1178;1130;246;1384;678;;;;
056001;Acquapendente;5222;2605;2617;516;3149;1557;;;;
056002;Arlena di Castro;791;408;383;72;434;285;;;;
056003;Bagnoregio;3258;1606;1652;281;1937;1040;;;;
056004;Barbarano Romano;980;500;480;87;585;308;;;;
056005;Bassano Romano;4680;2344;2336;458;2941;1281;;;;
056006;Bassano in Teverina;1272;631;641;111;795;366;;;;
056007;Blera;2895;1443;1452;268;1808;819;;;;
056008;Bolsena;3649;1789;1860;287;2152;1210;;;;
056009;Bomarzo;1695;874;821;186;1026;483;;;;
056010;Calcata;905;429;476;101;554;250;;;;
056011;Canepina;2900;1447;1453;302;1841;757;;;;
056012;Canino;5029;2556;2473;544;3044;1441;;;;
056013;Capodimonte;1647;811;836;133;948;566;;;;
056014;Capranica;6351;3100;3251;678;4103;1570;;;;
056015;Caprarola;5160;2577;2583;568;3174;1418;;;;
056016;Carbognano;1951;953;998;244;1229;478;;;;
056017;Castel Sant'Elia;2411;1184;1227;238;1602;571;;;;
056018;Castiglione in Teverina;2289;1147;1142;259;1397;633;;;;
056019;Celleno;1315;638;677;138;793;384;;;;
056020;Cellere;1087;590;497;91;628;368;;;;
056021;Civita Castellana;15011;7305;7706;1539;9640;3832;;;;
056022;Civitella d'Agliano;1444;723;721;158;795;491;;;;
056023;Corchiano;3531;1785;1746;406;2247;878;;;;
056024;Fabrica di Roma;8167;4079;4088;944;5264;1959;;;;
056025;Faleria;2024;1006;1018;200;1292;532;;;;
056026;Farnese;1337;653;684;121;762;454;;;;
056027;Gallese;2551;1252;1299;260;1550;741;;;;
056028;Gradoli;1220;600;620;72;745;403;;;;
056029;Graffignano;2058;1012;1046;194;1218;646;;;;
056030;Grotte di Castro;2374;1243;1131;179;1431;764;;;;
056031;Ischia di Castro;2107;1025;1082;185;1279;643;;;;
056032;Latera;772;410;362;49;438;285;;;;
056033;Lubriano;841;413;428;82;503;256;;;;
056034;Marta;3211;1513;1698;326;1918;967;;;;
056035;Montalto di Castro;8679;4327;4352;888;5500;2291;;;;
056036;Montefiascone;12979;6388;6591;1328;7988;3663;;;;
056037;Monte Romano;1847;915;932;225;1097;525;;;;
056038;Monterosi;4789;2387;2402;603;3185;1001;;;;
056039;Nepi;9550;4734;4816;1074;6261;2215;;;;
056040;Onano;865;421;444;67;473;325;;;;
056041;Oriolo Romano;3673;1812;1861;382;2308;983;;;;
056042;Orte;9243;4682;4561;1138;5972;2133;;;;
056043;Piansano;2039;1070;969;197;1202;640;;;;
056044;Proceno;521;290;231;24;318;179;;;;
056045;Ronciglione;8439;4208;4231;819;5311;2309;;;;
056046;Villa San Giovanni in Tuscia;1212;606;606;108;740;364;;;;
056047;San Lorenzo Nuovo;2029;1020;1009;189;1220;620;;;;
056048;Soriano nel Cimino;7888;3872;4016;781;4904;2203;;;;
056049;Sutri;6764;3382;3382;687;4230;1847;;;;
056050;Tarquinia;15862;7751;8111;1634;9806;4422;;;;
056051;Tessennano;283;144;139;21;160;102;;;;
056052;Tuscania;8088;3898;4190;823;5070;2195;;;;
056053;Valentano;2854;1473;1381;268;1748;838;;;;
056054;Vallerano;2349;1164;1185;242;1433;674;;;;
056055;Vasanello;3959;1970;1989;447;2483;1029;;;;
056056;Vejano;2147;1073;1074;205;1309;633;;;;
056057;Vetralla;13370;6601;6769;1434;8465;3471;;;;
056058;Vignanello;4260;2110;2150;420;2661;1179;;;;
056059;Viterbo;66767;32702;34065;7367;42705;16695;;;;
056060;Vitorchiano;5221;2579;2642;668;3514;1039;;;;
057001;Accumoli;493;266;227;30;306;157;;;;
057002;Amatrice;2146;1132;1014;197;1224;725;;;;
057003;Antrodoco;2238;1156;1082;196;1321;721;;;;
057004;Ascrea;195;105;90;14;99;82;;;;
057005;Belmonte in Sabina;653;319;334;67;397;189;;;;
057006;Borbona;573;302;271;53;306;214;;;;
057007;Borgorose;4210;2170;2040;453;2577;1180;;;;
057008;Borgo Velino;901;440;461;78;552;271;;;;
057009;Cantalice;2386;1202;1184;258;1440;688;;;;
057010;Cantalupo in Sabina;1657;814;843;164;1028;465;;;;
057011;Casaprota;678;338;340;40;432;206;;;;
057012;Casperia;1215;596;619;119;738;358;;;;
057013;Castel di Tora;271;149;122;24;167;80;;;;
057014;Castelnuovo di Farfa;987;501;486;92;584;311;;;;
057015;Castel Sant'Angelo;1156;597;559;99;700;357;;;;
057016;Cittaducale;6400;3177;3223;658;3960;1782;;;;
057017;Cittareale;374;203;171;21;189;164;;;;
057018;Collalto Sabino;369;204;165;16;205;148;;;;
057019;Colle di Tora;348;185;163;28;218;102;;;;
057020;Collegiove;133;73;60;6;75;52;;;;
057021;Collevecchio;1575;820;755;140;974;461;;;;
057022;Colli sul Velino;465;230;235;32;288;145;;;;
057023;Concerviano;282;143;139;24;144;114;;;;
057024;Configni;556;296;260;36;328;192;;;;
057025;Contigliano;3657;1847;1810;441;2299;917;;;;
057026;Cottanello;517;269;248;68;286;163;;;;
057027;Fara in Sabina;13968;6976;6992;1673;9081;3214;;;;
057028;Fiamignano;1151;611;540;76;637;438;;;;
057029;Forano;3230;1630;1600;311;2177;742;;;;
057030;Frasso Sabino;733;366;367;82;480;171;;;;
057031;Greccio;1448;720;728;151;820;477;;;;
057032;Labro;342;178;164;35;202;105;;;;
057033;Leonessa;2019;1026;993;142;1170;707;;;;
057034;Longone Sabino;510;267;243;34;264;212;;;;
057035;Magliano Sabina;3457;1726;1731;344;2109;1004;;;;
057036;Marcetelli;53;31;22;4;28;21;;;;
057037;Micigliano;119;70;49;4;74;41;;;;
057038;Mompeo;504;253;251;40;285;179;;;;
057039;Montasola;398;205;193;31;244;123;;;;
057040;Montebuono;844;417;427;65;512;267;;;;
057041;Monteleone Sabino;1128;561;567;107;658;363;;;;
057042;Montenero Sabino;268;134;134;25;148;95;;;;
057043;Monte San Giovanni in Sabina;664;349;315;52;395;217;;;;
057044;Montopoli di Sabina;4109;2059;2050;442;2606;1061;;;;
057045;Morro Reatino;334;179;155;22;216;96;;;;
057046;Nespolo;207;123;84;20;125;62;;;;
057047;Orvinio;379;199;180;23;224;132;;;;
057048;Paganico Sabino;155;86;69;2;102;51;;;;
057049;Pescorocchiano;1797;938;859;149;980;668;;;;
057050;Petrella Salto;1014;553;461;78;566;370;;;;
057051;Poggio Bustone;1957;995;962;213;1186;558;;;;
057052;Poggio Catino;1303;627;676;162;786;355;;;;
057053;Poggio Mirteto;6081;2987;3094;632;3885;1564;;;;
057054;Poggio Moiano;2795;1432;1363;289;1802;704;;;;
057055;Poggio Nativo;2582;1360;1222;286;1660;636;;;;
057056;Poggio San Lorenzo;563;296;267;61;315;187;;;;
057057;Posta;518;276;242;37;314;167;;;;
057058;Pozzaglia Sabina;303;152;151;14;143;146;;;;
057059;Rieti;44866;21717;23149;4562;28094;12210;;;;
057060;Rivodutri;1121;574;547;106;684;331;;;;
057061;Roccantica;542;259;283;61;313;168;;;;
057062;Rocca Sinibalda;801;430;371;53;468;280;;;;
057063;Salisano;462;227;235;55;254;153;;;;
057064;Scandriglia;3347;1833;1514;402;2164;781;;;;
057065;Selci;1117;562;555;114;686;317;;;;
057066;Stimigliano;2205;1095;1110;257;1456;492;;;;
057067;Tarano;1369;681;688;119;866;384;;;;
057068;Toffia;1050;531;519;111;676;263;;;;
057069;Torricella in Sabina;1283;654;629;128;754;401;;;;
057070;Torri in Sabina;1209;630;579;111;719;379;;;;
057071;Turania;233;134;99;17;140;76;;;;
057072;Vacone;214;108;106;7;123;84;;;;
057073;Varco Sabino;148;89;59;13;88;47;;;;
058001;Affile;1403;698;705;144;829;430;;;;
058002;Agosta;1679;816;863;193;1043;443;;;;
058003;Albano Laziale;39706;19147;20559;4631;25640;9435;;;;
058004;Allumiere;3772;1869;1903;409;2312;1051;;;;
058005;Anguillara Sabazia;19037;9301;9736;2254;12390;4393;;;;
058006;Anticoli Corrado;841;414;427;84;527;230;;;;
058007;Anzio;60063;30223;29840;7299;39210;13554;;;;
058008;Arcinazzo Romano;1245;643;602;104;762;379;;;;
058009;Ariccia;17938;8674;9264;1961;11395;4582;;;;
058010;Arsoli;1347;634;713;118;807;422;;;;
058011;Artena;13676;6775;6901;1742;8953;2981;;;;
058012;Bellegra;2578;1258;1320;244;1592;742;;;;
058013;Bracciano;18349;8848;9501;2030;11951;4368;;;;
058014;Camerata Nuova;403;217;186;21;253;129;;;;
058015;Campagnano di Roma;10987;5332;5655;1360;7189;2438;;;;
058016;Canale Monterano;4164;2024;2140;466;2603;1095;;;;
058017;Canterano;343;186;157;17;213;113;;;;
058018;Capena;11071;5609;5462;1550;7484;2037;;;;
058019;Capranica Prenestina;310;171;139;21;204;85;;;;
058020;Carpineto Romano;3911;1909;2002;395;2277;1239;;;;
058021;Casape;610;297;313;49;388;173;;;;
058022;Castel Gandolfo;8536;4023;4513;915;5614;2007;;;;
058023;Castel Madama;7022;3481;3541;844;4432;1746;;;;
058024;Castelnuovo di Porto;8610;4268;4342;1023;5625;1962;;;;
058025;Castel San Pietro Romano;838;410;428;80;565;193;;;;
058026;Cave;10935;5469;5466;1408;7089;2438;;;;
058027;Cerreto Laziale;1075;523;552;123;675;277;;;;
058028;Cervara di Roma;453;248;205;38;277;138;;;;
058029;Cerveteri;38206;18834;19372;4259;24941;9006;;;;
058030;Ciciliano;1248;624;624;114;811;323;;;;
058031;Cineto Romano;579;284;295;41;368;170;;;;
058032;Civitavecchia;51359;24745;26614;5737;32753;12869;;;;
058033;Civitella San Paolo;2046;1025;1021;234;1354;458;;;;
058034;Colleferro;20381;9865;10516;2184;12865;5332;;;;
058035;Colonna;4226;2040;2186;524;2778;924;;;;
058036;Fiano Romano;16893;8632;8261;2408;11419;3066;;;;
058037;Filacciano;481;231;250;45;298;138;;;;
058038;Formello;13925;6707;7218;1818;9143;2964;;;;
058039;Frascati;22948;10938;12010;2833;14557;5558;;;;
058040;Gallicano nel Lazio;6578;3350;3228;827;4413;1338;;;;
058041;Gavignano;1854;932;922;187;1185;482;;;;
058042;Genazzano;5737;2852;2885;630;3652;1455;;;;
058043;Genzano di Roma;22329;10804;11525;2475;13953;5901;;;;
058044;Gerano;1110;563;547;103;697;310;;;;
058045;Gorga;649;333;316;73;369;207;;;;
058046;Grottaferrata;20345;9558;10787;2313;12713;5319;;;;
058047;Guidonia Montecelio;89420;44358;45062;11742;59592;18086;;;;
058048;Jenne;324;168;156;14;175;135;;;;
058049;Labico;6409;3180;3229;870;4360;1179;;;;
058050;Lanuvio;12897;6465;6432;1572;8426;2899;;;;
058051;Licenza;988;556;432;102;627;259;;;;
058052;Magliano Romano;1379;719;660;146;895;338;;;;
058053;Mandela;931;474;457;95;594;242;;;;
058054;Manziana;7838;3789;4049;847;4867;2124;;;;
058055;Marano Equo;757;375;382;92;437;228;;;;
058056;Marcellina;7160;3604;3556;990;4730;1440;;;;
058057;Marino;46667;22606;24061;6281;30616;9770;;;;
058058;Mazzano Romano;2935;1450;1485;328;1837;770;;;;
058059;Mentana;22615;11118;11497;2935;15097;4583;;;;
058060;Monte Compatri;11633;5723;5910;1472;7679;2482;;;;
058061;Monteflavio;1150;547;603;89;690;371;;;;
058062;Montelanico;2003;996;1007;230;1255;518;;;;
058063;Montelibretti;5098;2463;2635;611;3200;1287;;;;
058064;Monte Porzio Catone;8597;4166;4431;1029;5255;2313;;;;
058065;Monterotondo;41185;19995;21190;5160;27494;8531;;;;
058066;Montorio Romano;1908;963;945;224;1231;453;;;;
058067;Moricone;2373;1196;1177;245;1493;635;;;;
058068;Morlupo;8553;4135;4418;970;5516;2067;;;;
058069;Nazzano;1298;649;649;137;813;348;;;;
058070;Nemi;1854;915;939;182;1178;494;;;;
058071;Nerola;1961;968;993;201;1298;462;;;;
058072;Nettuno;48111;23804;24307;5281;31141;11689;;;;
058073;Olevano Romano;6292;3152;3140;630;4071;1591;;;;
058074;Palestrina;22110;10859;11251;2798;14374;4938;;;;
058075;Palombara Sabina;13157;6558;6599;1612;8603;2942;;;;
058076;Percile;213;110;103;8;136;69;;;;
058077;Pisoniano;711;373;338;71;434;206;;;;
058078;Poli;2233;1109;1124;270;1413;550;;;;
058079;Pomezia;64970;32556;32414;8027;43721;13222;;;;
058080;Ponzano Romano;1265;661;604;166;823;276;;;;
058081;Riano;10494;5249;5245;1343;6977;2174;;;;
058082;Rignano Flaminio;10170;4983;5187;1247;6691;2232;;;;
058083;Riofreddo;750;366;384;78;446;226;;;;
058084;Rocca Canterano;170;94;76;12;91;67;;;;
058085;Rocca di Cave;364;181;183;43;217;104;;;;
058086;Rocca di Papa;17989;9426;8563;2169;12109;3711;;;;
058087;Roccagiovine;246;126;120;20;125;101;;;;
058088;Rocca Priora;12130;6030;6100;1440;7960;2730;;;;
058089;Rocca Santo Stefano;906;471;435;83;571;252;;;;
058090;Roiate;639;303;336;61;367;211;;;;
058091;Roma;2745062;1307339;1437723;315869;1758400;670793;;;;
058092;Roviano;1232;585;647;113;749;370;;;;
058093;Sacrofano;7512;3678;3834;768;4925;1819;;;;
058094;Sambuci;833;419;414;85;521;227;;;;
058095;San Gregorio da Sassola;1385;707;678;151;843;391;;;;
058096;San Polo dei Cavalieri;2804;1439;1365;310;1776;718;;;;
058097;Santa Marinella;18445;8940;9505;1800;11551;5094;;;;
058098;Sant'Angelo Romano;5066;2535;2531;612;3442;1012;;;;
058099;Sant'Oreste;3398;1707;1691;384;2117;897;;;;
058100;San Vito Romano;3012;1573;1439;324;1910;778;;;;
058101;Saracinesco;177;99;78;16;112;49;;;;
058102;Segni;8961;4429;4532;992;5613;2356;;;;
058103;Subiaco;8527;4234;4293;845;5239;2443;;;;
058104;Tivoli;55321;27396;27925;6500;36003;12818;;;;
058105;Tolfa;4691;2378;2313;474;2913;1304;;;;
058106;Torrita Tiberina;1116;567;549;127;695;294;;;;
058107;Trevignano Romano;5755;2782;2973;563;3495;1697;;;;
058108;Vallepietra;223;100;123;6;126;91;;;;
058109;Vallinfreda;260;129;131;12;152;96;;;;
058110;Valmontone;15654;7743;7911;2048;10330;3276;;;;
058111;Velletri;53048;26039;27009;6387;33940;12721;;;;
058112;Vicovaro;3520;1725;1795;398;2215;907;;;;
058113;Vivaro Romano;150;85;65;5;95;50;;;;
058114;Zagarolo;18963;9638;9325;2518;12711;3734;;;;
058115;Lariano;13297;6537;6760;1719;8641;2937;;;;
058116;Ladispoli;40968;19997;20971;4552;27689;8727;;;;
058117;Ardea;51374;26079;25295;6017;34758;10599;;;;
058118;Ciampino;38913;18677;20236;4597;25181;9135;;;;
058119;San Cesareo;16383;8200;8183;2317;10928;3138;;;;
058120;Fiumicino;83415;41823;41592;10931;56310;16174;;;;
058122;Fonte Nuova;32787;16142;16645;4521;21790;6476;;;;
059001;Aprilia;74697;37139;37558;9771;49499;15427;;;;
059002;Bassiano;1432;721;711;151;859;422;;;;
059003;Campodimele;545;285;260;50;316;179;;;;
059004;Castelforte;4010;1963;2047;492;2388;1130;;;;
059005;Cisterna di Latina;36255;18016;18239;4603;23612;8040;;;;
059006;Cori;10465;5293;5172;1132;6746;2587;;;;
059007;Fondi;40310;20166;20144;5371;26316;8623;;;;
059008;Formia;36775;17725;19050;4041;23010;9724;;;;
059009;Gaeta;18908;9189;9719;1751;11351;5806;;;;
059010;Itri;10579;5400;5179;1233;6635;2711;;;;
059011;Latina;127450;62690;64760;14856;82812;29782;;;;
059012;Lenola;4095;2069;2026;447;2507;1141;;;;
059013;Maenza;2956;1466;1490;357;1872;727;;;;
059014;Minturno;20400;10118;10282;2388;12894;5118;;;;
059015;Monte San Biagio;6028;3097;2931;736;3755;1537;;;;
059016;Norma;3723;1816;1907;419;2336;968;;;;
059017;Pontinia;15084;7529;7555;2169;9608;3307;;;;
059018;Ponza;3295;1723;1572;348;2028;919;;;;
059019;Priverno;13694;6806;6888;1670;8590;3434;;;;
059020;Prossedi;1112;569;543;139;650;323;;;;
059021;Roccagorga;4087;2033;2054;438;2594;1055;;;;
059022;Rocca Massima;1127;583;544;126;723;278;;;;
059023;Roccasecca dei Volsci;1060;541;519;115;669;276;;;;
059024;Sabaudia;19326;9812;9514;2254;12492;4580;;;;
059025;San Felice Circeo;10089;5268;4821;1076;6461;2552;;;;
059026;Santi Cosma e Damiano;6878;3390;3488;869;4337;1672;;;;
059027;Sermoneta;9951;5025;4926;1472;6542;1937;;;;
059028;Sezze;23766;12114;11652;2842;15669;5255;;;;
059029;Sonnino;7465;3715;3750;1011;4699;1755;;;;
059030;Sperlonga;2990;1488;1502;287;1759;944;;;;
059031;Spigno Saturnia;2845;1362;1483;336;1760;749;;;;
059032;Terracina;45055;22854;22201;4953;28909;11193;;;;
059033;Ventotene;678;381;297;53;446;179;;;;
060001;Acquafondata;253;137;116;16;150;87;;;;
060002;Acuto;1779;888;891;190;1083;506;;;;
060003;Alatri;27436;13441;13995;3285;17603;6548;;;;
060004;Alvito;2434;1194;1240;218;1456;760;;;;
060005;Amaseno;4029;2012;2017;486;2546;997;;;;
060006;Anagni;20630;10132;10498;2414;13061;5155;;;;
060007;Aquino;4898;2429;2469;561;3022;1315;;;;
060008;Arce;5376;2685;2691;573;3229;1574;;;;
060009;Arnara;2136;1037;1099;219;1279;638;;;;
060010;Arpino;6512;3188;3324;603;3877;2032;;;;
060011;Atina;4079;1961;2118;446;2494;1139;;;;
060012;Ausonia;2405;1194;1211;295;1503;607;;;;
060013;Belmonte Castello;657;333;324;59;387;211;;;;
060014;Boville Ernica;8214;4084;4130;1028;5058;2128;;;;
060015;Broccostella;2609;1281;1328;270;1678;661;;;;
060016;Campoli Appennino;1596;778;818;182;972;442;;;;
060017;Casalattico;515;250;265;40;311;164;;;;
060018;Casalvieri;2385;1179;1206;232;1466;687;;;;
060019;Cassino;34760;17128;17632;4060;22030;8670;;;;
060020;Castelliri;3089;1521;1568;368;1872;849;;;;
060021;Castelnuovo Parano;827;411;416;110;502;215;;;;
060022;Castrocielo;3727;1800;1927;467;2298;962;;;;
060023;Castro dei Volsci;4337;2110;2227;436;2665;1236;;;;
060024;Ceccano;21962;10712;11250;2651;13786;5525;;;;
060025;Ceprano;7940;3953;3987;782;4912;2246;;;;
060026;Cervaro;7708;3772;3936;915;4852;1941;;;;
060027;Colfelice;1747;869;878;207;1037;503;;;;
060028;Collepardo;855;440;415;88;533;234;;;;
060029;Colle San Magno;603;310;293;57;362;184;;;;
060030;Coreno Ausonio;1464;731;733;161;873;430;;;;
060031;Esperia;3545;1789;1756;420;2057;1068;;;;
060032;Falvaterra;503;259;244;50;299;154;;;;
060033;Ferentino;19902;9931;9971;2236;12786;4880;;;;
060034;Filettino;533;286;247;37;336;160;;;;
060035;Fiuggi;10180;4945;5235;980;6558;2642;;;;
060036;Fontana Liri;2589;1261;1328;276;1531;782;;;;
060037;Fontechiari;1191;561;630;138;748;305;;;;
060038;Frosinone;42836;20614;22222;4777;26728;11331;;;;
060039;Fumone;1929;953;976;180;1191;558;;;;
060040;Gallinaro;1164;562;602;109;715;340;;;;
060041;Giuliano di Roma;2310;1154;1156;273;1413;624;;;;
060042;Guarcino;1488;773;715;133;909;446;;;;
060043;Isola del Liri;10517;5085;5432;1030;6360;3127;;;;
060044;Monte San Giovanni Campano;11794;5874;5920;1388;7237;3169;;;;
060045;Morolo;3114;1566;1548;364;1912;838;;;;
060046;Paliano;7852;3922;3930;857;5048;1947;;;;
060047;Pastena;1248;621;627;121;710;417;;;;
060048;Patrica;3049;1556;1493;343;1957;749;;;;
060049;Pescosolido;1372;697;675;136;855;381;;;;
060050;Picinisco;1106;549;557;110;682;314;;;;
060051;Pico;2554;1259;1295;272;1499;783;;;;
060052;Piedimonte San Germano;6326;3150;3176;873;4119;1334;;;;
060053;Piglio;4248;2100;2148;413;2633;1202;;;;
060054;Pignataro Interamna;2374;1171;1203;321;1412;641;;;;
060055;Pofi;3847;1900;1947;404;2255;1188;;;;
060056;Pontecorvo;12067;5914;6153;1401;7545;3121;;;;
060057;Posta Fibreno;1035;510;525;101;585;349;;;;
060058;Ripi;4991;2495;2496;535;3076;1380;;;;
060059;Rocca d'Arce;835;418;417;74;479;282;;;;
060060;Roccasecca;6671;3336;3335;691;4086;1894;;;;
060061;San Biagio Saracinisco;289;145;144;24;163;102;;;;
060062;San Donato Val di Comino;1852;884;968;182;1108;562;;;;
060063;San Giorgio a Liri;2927;1439;1488;364;1818;745;;;;
060064;San Giovanni Incarico;2966;1476;1490;284;1740;942;;;;
060065;Sant'Ambrogio sul Garigliano;865;442;423;81;516;268;;;;
060066;Sant'Andrea del Garigliano;1263;622;641;132;742;389;;;;
060067;Sant'Apollinare;1765;858;907;205;1079;481;;;;
060068;Sant'Elia Fiumerapido;5549;2768;2781;622;3351;1576;;;;
060069;Santopadre;1175;591;584;102;709;364;;;;
060070;San Vittore del Lazio;2339;1184;1155;236;1529;574;;;;
060071;Serrone;2935;1478;1457;307;1833;795;;;;
060072;Settefrati;700;346;354;77;426;197;;;;
060073;Sgurgola;2380;1177;1203;251;1535;594;;;;
060074;Sora;24672;12257;12415;2729;15565;6378;;;;
060075;Strangolagalli;2253;1107;1146;272;1410;571;;;;
060076;Supino;4557;2268;2289;526;2863;1168;;;;
060077;Terelle;263;133;130;12;137;114;;;;
060078;Torre Cajetani;1317;695;622;142;812;363;;;;
060079;Torrice;4648;2311;2337;586;2937;1125;;;;
060080;Trevi nel Lazio;1699;893;806;132;1036;531;;;;
060081;Trivigliano;1594;787;807;173;1002;419;;;;
060082;Vallecorsa;2323;1140;1183;231;1277;815;;;;
060083;Vallemaio;881;434;447;112;516;253;;;;
060084;Vallerotonda;1365;684;681;106;765;494;;;;
060085;Veroli;19402;9580;9822;2319;12183;4900;;;;
060086;Vicalvi;694;324;370;88;404;202;;;;
060087;Vico nel Lazio;2050;1024;1026;256;1274;520;;;;
060088;Villa Latina;1129;567;562;128;667;334;;;;
060089;Villa Santa Lucia;2436;1224;1212;284;1520;632;;;;
060090;Villa Santo Stefano;1564;777;787;178;970;416;;;;
060091;Viticuso;282;141;141;20;169;93;;;;
061001;Ailano;1127;513;614;91;704;332;;;;
061002;Alife;7249;3616;3633;915;4778;1556;;;;
061003;Alvignano;4433;2197;2236;552;2803;1078;;;;
061004;Arienzo;5399;2693;2706;799;3550;1050;;;;
061005;Aversa;48860;23537;25323;6080;31931;10849;;;;
061006;Baia e Latina;1982;984;998;207;1267;508;;;;
061007;Bellona;6055;2982;3073;880;4047;1128;;;;
061008;Caianello;1825;959;866;214;1216;395;;;;
061009;Caiazzo;5077;2473;2604;598;3135;1344;;;;
061010;Calvi Risorta;5380;2607;2773;625;3458;1297;;;;
061011;Camigliano;1971;987;984;273;1283;415;;;;
061012;Cancello ed Arnone;5783;3021;2762;838;3915;1030;;;;
061013;Capodrise;10003;4913;5090;1545;6831;1627;;;;
061014;Capriati a Volturno;1381;671;710;156;807;418;;;;
061015;Capua;18017;8904;9113;2058;11836;4123;;;;
061016;Carinaro;7182;3514;3668;1071;4838;1273;;;;
061017;Carinola;7042;3607;3435;734;4525;1783;;;;
061018;Casagiove;12833;6161;6672;1404;8013;3416;;;;
061019;Casal di Principe;22004;11139;10865;3159;15381;3464;;;;
061020;Casaluce;9396;4588;4808;1371;6339;1686;;;;
061021;Casapulla;8264;4010;4254;1141;5427;1696;;;;
061022;Caserta;72757;34465;38292;7994;46503;18260;;;;
061023;Castel Campagnano;1415;676;739;152;893;370;;;;
061024;Castel di Sasso;995;488;507;111;610;274;;;;
061025;Castello del Matese;1322;640;682;129;857;336;;;;
061026;Castel Morrone;3574;1717;1857;399;2213;962;;;;
061027;Castel Volturno;31230;16360;14870;5034;21421;4775;;;;
061028;Cervino;4719;2326;2393;619;3140;960;;;;
061029;Cesa;9848;4896;4952;1591;6749;1508;;;;
061030;Ciorlano;347;179;168;24;211;112;;;;
061031;Conca della Campania;1126;570;556;107;680;339;;;;
061032;Curti;6617;3153;3464;778;4317;1522;;;;
061033;Dragoni;1862;877;985;196;1229;437;;;;
061034;Fontegreca;737;375;362;80;431;226;;;;
061035;Formicola;1393;665;728;171;898;324;;;;
061036;Francolise;4661;2342;2319;615;3003;1043;;;;
061037;Frignano;8974;4420;4554;1349;5977;1648;;;;
061038;Gallo Matese;439;220;219;16;249;174;;;;
061039;Galluccio;1987;986;1001;202;1288;497;;;;
061040;Giano Vetusto;665;318;347;86;407;172;;;;
061041;Gioia Sannitica;3206;1596;1610;354;2027;825;;;;
061042;Grazzanise;6805;3433;3372;961;4541;1303;;;;
061043;Gricignano di Aversa;13223;6694;6529;2335;9158;1730;;;;
061044;Letino;610;287;323;55;385;170;;;;
061045;Liberi;1008;502;506;120;606;282;;;;
061046;Lusciano;16371;8052;8319;2453;11182;2736;;;;
061047;Macerata Campania;10072;4956;5116;1362;6782;1928;;;;
061048;Maddaloni;36538;17802;18736;4966;24198;7374;;;;
061049;Marcianise;38044;18563;19481;5177;25715;7152;;;;
061050;Marzano Appio;1913;988;925;153;1197;563;;;;
061051;Mignano Monte Lungo;2974;1469;1505;325;1881;768;;;;
061052;Mondragone;28329;13925;14404;4082;18544;5703;;;;
061053;Orta di Atella;27454;13598;13856;4913;19244;3297;;;;
061054;Parete;13271;6621;6650;2170;8949;2152;;;;
061055;Pastorano;2852;1451;1401;337;1925;590;;;;
061056;Piana di Monte Verna;2074;1049;1025;166;1323;585;;;;
061057;Piedimonte Matese;9988;4807;5181;1019;6354;2615;;;;
061058;Pietramelara;4450;2178;2272;536;2892;1022;;;;
061059;Pietravairano;2782;1380;1402;335;1769;678;;;;
061060;Pignataro Maggiore;5819;2912;2907;654;3863;1302;;;;
061061;Pontelatone;1520;745;775;160;947;413;;;;
061062;Portico di Caserta;7738;3797;3941;1205;5191;1342;;;;
061063;Prata Sannita;1321;644;677;138;792;391;;;;
061064;Pratella;1324;644;680;114;851;359;;;;
061065;Presenzano;1608;840;768;195;1034;379;;;;
061066;Raviscanina;1129;555;574;112;691;326;;;;
061067;Recale;7708;3837;3871;1016;5192;1500;;;;
061068;Riardo;2170;1072;1098;261;1401;508;;;;
061069;Rocca d'Evandro;2927;1462;1465;322;1801;804;;;;
061070;Roccamonfina;3087;1511;1576;325;1945;817;;;;
061071;Roccaromana;843;398;445;97;532;214;;;;
061072;Rocchetta e Croce;439;232;207;47;265;127;;;;
061073;Ruviano;1626;787;839;207;964;455;;;;
061074;San Cipriano d'Aversa;13496;6786;6710;1804;9225;2467;;;;
061075;San Felice a Cancello;16810;8291;8519;2355;11091;3364;;;;
061076;San Gregorio Matese;842;417;425;72;507;263;;;;
061077;San Marcellino;14723;7311;7412;2427;10025;2271;;;;
061078;San Nicola la Strada;21842;10787;11055;2580;14466;4796;;;;
061079;San Pietro Infine;775;379;396;74;475;226;;;;
061080;San Potito Sannitico;1947;952;995;227;1250;470;;;;
061081;San Prisco;12094;5751;6343;1629;8219;2246;;;;
061082;Santa Maria a Vico;14375;6975;7400;2022;9640;2713;;;;
061083;Santa Maria Capua Vetere;32055;15433;16622;3936;21015;7104;;;;
061084;Santa Maria la Fossa;2502;1258;1244;308;1707;487;;;;
061085;San Tammaro;5752;2870;2882;978;3831;943;;;;
061086;Sant'Angelo d'Alife;2047;991;1056;223;1261;563;;;;
061087;Sant'Arpino;15567;7746;7821;2393;10646;2528;;;;
061088;Sessa Aurunca;20035;9875;10160;2115;12445;5475;;;;
061089;Sparanise;7299;3593;3706;974;4761;1564;;;;
061090;Succivo;8918;4432;4486;1389;5985;1544;;;;
061091;Teano;10951;5378;5573;1203;6865;2883;;;;
061092;Teverola;15043;7377;7666;2409;10469;2165;;;;
061093;Tora e Piccilli;735;357;378;61;452;222;;;;
061094;Trentola Ducenta;20897;10260;10637;3370;14373;3154;;;;
061095;Vairano Patenora;6416;3081;3335;786;4175;1455;;;;
061096;Valle Agricola;706;340;366;40;378;288;;;;
061097;Valle di Maddaloni;2573;1264;1309;326;1684;563;;;;
061098;Villa di Briano;7562;3782;3780;1157;5215;1190;;;;
061099;Villa Literno;13030;6866;6164;1873;9124;2033;;;;
061100;Vitulazio;7725;3763;3962;1177;5230;1318;;;;
061101;Falciano del Massico;3429;1682;1747;431;2177;821;;;;
061102;Cellole;8292;4002;4290;996;5520;1776;;;;
061103;Casapesenna;7427;3800;3627;990;5211;1226;;;;
061104;San Marco Evangelista;6474;3214;3260;885;4406;1183;;;;
062001;Airola;8089;4027;4062;1018;5320;1751;;;;
062002;Amorosi;2629;1316;1313;290;1659;680;;;;
062003;Apice;5175;2566;2609;608;3306;1261;;;;
062004;Apollosa;2419;1192;1227;263;1519;637;;;;
062005;Arpaia;1983;1011;972;299;1298;386;;;;
062006;Arpaise;722;360;362;61;449;212;;;;
062007;Baselice;1980;935;1045;180;1124;676;;;;
062008;Benevento;55330;26517;28813;6044;34921;14365;;;;
062009;Bonea;1336;674;662;184;862;290;;;;
062010;Bucciano;1950;950;1000;276;1278;396;;;;
062011;Buonalbergo;1478;728;750;143;854;481;;;;
062012;Calvi;2465;1234;1231;296;1606;563;;;;
062013;Campolattaro;959;465;494;94;589;276;;;;
062014;Campoli del Monte Taburno;1642;934;708;216;1102;324;;;;
062015;Casalduni;1176;602;574;132;706;338;;;;
062016;Castelfranco in Miscano;761;393;368;84;459;218;;;;
062017;Castelpagano;1317;662;655;132;792;393;;;;
062018;Castelpoto;1093;526;567;113;679;301;;;;
062019;Castelvenere;2367;1143;1224;286;1477;604;;;;
062020;Castelvetere in Val Fortore;915;443;472;51;440;424;;;;
062021;Cautano;1850;928;922;234;1159;457;;;;
062022;Ceppaloni;3181;1615;1566;328;1951;902;;;;
062023;Cerreto Sannita;3498;1733;1765;383;2177;938;;;;
062024;Circello;2058;1034;1024;181;1259;618;;;;
062025;Colle Sannita;2155;1053;1102;214;1303;638;;;;
062026;Cusano Mutri;3733;1873;1860;432;2269;1032;;;;
062027;Dugenta;2627;1274;1353;279;1678;670;;;;
062028;Durazzano;2057;1044;1013;266;1336;455;;;;
062029;Faicchio;3161;1576;1585;324;2003;834;;;;
062030;Foglianise;3101;1508;1593;368;1937;796;;;;
062031;Foiano di Val Fortore;1301;642;659;135;810;356;;;;
062032;Forchia;1190;606;584;178;787;225;;;;
062033;Fragneto l'Abate;893;418;475;79;519;295;;;;
062034;Fragneto Monforte;1646;794;852;175;1020;451;;;;
062035;Frasso Telesino;1946;971;975;216;1165;565;;;;
062036;Ginestra degli Schiavoni;378;187;191;22;233;123;;;;
062037;Guardia Sanframondi;4465;2227;2238;391;2759;1315;;;;
062038;Limatola;4220;2172;2048;514;2805;901;;;;
062039;Melizzano;1636;827;809;154;1045;437;;;;
062040;Moiano;3986;1999;1987;542;2575;869;;;;
062041;Molinara;1388;668;720;139;788;461;;;;
062042;Montefalcone di Val Fortore;1260;587;673;110;741;409;;;;
062043;Montesarchio;12969;6497;6472;1602;8625;2742;;;;
062044;Morcone;4422;2159;2263;431;2624;1367;;;;
062045;Paduli;3524;1741;1783;393;2119;1012;;;;
062046;Pago Veiano;2167;1086;1081;215;1358;594;;;;
062047;Pannarano;1962;1029;933;220;1315;427;;;;
062048;Paolisi;1940;989;951;271;1290;379;;;;
062049;Paupisi;1381;690;691;155;865;361;;;;
062050;Pesco Sannita;1798;869;929;202;1064;532;;;;
062051;Pietraroja;493;225;268;45;294;154;;;;
062052;Pietrelcina;2869;1462;1407;306;1837;726;;;;
062053;Ponte;2388;1185;1203;264;1498;626;;;;
062054;Pontelandolfo;1941;955;986;164;1192;585;;;;
062055;Puglianello;1262;637;625;137;804;321;;;;
062056;Reino;1063;525;538;106;644;313;;;;
062057;San Bartolomeo in Galdo;4191;2090;2101;378;2458;1355;;;;
062058;San Giorgio del Sannio;9633;4630;5003;1226;6124;2283;;;;
062059;San Giorgio La Molara;2645;1347;1298;285;1586;774;;;;
062060;San Leucio del Sannio;2877;1429;1448;308;1832;737;;;;
062061;San Lorenzello;2079;1031;1048;208;1284;587;;;;
062062;San Lorenzo Maggiore;1855;949;906;212;1146;497;;;;
062063;San Lupo;667;339;328;54;390;223;;;;
062064;San Marco dei Cavoti;2895;1389;1506;285;1760;850;;;;
062065;San Martino Sannita;1136;565;571;112;739;285;;;;
062066;San Nazzaro;819;404;415;88;546;185;;;;
062067;San Nicola Manfredi;3373;1652;1721;391;2227;755;;;;
062068;San Salvatore Telesino;3856;1947;1909;424;2475;957;;;;
062069;Santa Croce del Sannio;857;430;427;75;542;240;;;;
062070;Sant'Agata de' Goti;10007;4951;5056;1142;6508;2357;;;;
062071;Sant'Angelo a Cupolo;3989;1983;2006;418;2547;1024;;;;
062072;Sassinoro;606;296;310;58;356;192;;;;
062073;Solopaca;3376;1606;1770;338;2104;934;;;;
062074;Telese Terme;7607;3606;4001;974;5067;1566;;;;
062075;Tocco Caudio;1459;746;713;160;957;342;;;;
062076;Torrecuso;3224;1626;1598;398;2041;785;;;;
062077;Vitulano;2662;1378;1284;284;1715;663;;;;
062078;Sant'Arcangelo Trimonte;460;232;228;37;243;180;;;;
063001;Acerra;58585;28846;29739;8960;40386;9239;;;;
063002;Afragola;61581;30363;31218;9301;41757;10523;;;;
063003;Agerola;7844;3868;3976;1212;5043;1589;;;;
063004;Anacapri;6746;3314;3432;782;4422;1542;;;;
063005;Arzano;31613;15468;16145;4309;20535;6769;;;;
063006;Bacoli;24783;12071;12712;2900;15783;6100;;;;
063007;Barano d'Ischia;9953;4930;5023;1232;6452;2269;;;;
063008;Boscoreale;25645;12587;13058;3666;16685;5294;;;;
063009;Boscotrecase;9796;4781;5015;1360;6340;2096;;;;
063010;Brusciano;16149;7937;8212;2441;10794;2914;;;;
063011;Caivano;35886;17688;18198;5526;24225;6135;;;;
063012;Calvizzano;12869;6575;6294;1808;8697;2364;;;;
063013;Camposano;5010;2408;2602;584;3293;1133;;;;
063014;Capri;6705;3336;3369;598;4303;1804;;;;
063015;Carbonara di Nola;2463;1246;1217;353;1719;391;;;;
063016;Cardito;21434;10491;10943;3062;14632;3740;;;;
063017;Casalnuovo di Napoli;46663;22730;23933;6590;32235;7838;;;;
063018;Casamarciano;2990;1489;1501;295;1967;728;;;;
063019;Casamicciola Terme;7361;3600;3761;841;4752;1768;;;;
063020;Casandrino;13055;6688;6367;2055;8935;2065;;;;
063021;Casavatore;18244;8857;9387;2592;11976;3676;;;;
063022;Casola di Napoli;3598;1759;1839;522;2411;665;;;;
063023;Casoria;73257;35285;37972;10065;48307;14885;;;;
063024;Castellammare di Stabia;61937;29625;32312;8087;39825;14025;;;;
063025;Castello di Cisterna;7855;3862;3993;1232;5241;1382;;;;
063026;Cercola;16702;8013;8689;2262;10819;3621;;;;
063027;Cicciano;12342;6087;6255;1525;8183;2634;;;;
063028;Cimitile;6907;3353;3554;928;4598;1381;;;;
063029;Comiziano;1665;819;846;213;1056;396;;;;
063030;Crispano;11566;5673;5893;1553;8030;1983;;;;
063031;Forio;17464;8706;8758;2197;11621;3646;;;;
063032;Frattamaggiore;28677;13900;14777;3442;18554;6681;;;;
063033;Frattaminore;15412;7599;7813;1970;10584;2858;;;;
063034;Giugliano in Campania;125018;61720;63298;19374;85746;19898;;;;
063035;Gragnano;27420;13407;14013;3718;17956;5746;;;;
063036;Grumo Nevano;17057;8565;8492;2163;11306;3588;;;;
063037;Ischia;19415;9620;9795;2218;12582;4615;;;;
063038;Lacco Ameno;4469;2191;2278;505;2925;1039;;;;
063039;Lettere;6019;3021;2998;921;3991;1107;;;;
063040;Liveri;1474;723;751;156;974;344;;;;
063041;Marano di Napoli;57631;27925;29706;7879;38446;11306;;;;
063042;Mariglianella;8047;4013;4034;1253;5474;1320;;;;
063043;Marigliano;29496;14272;15224;4018;19455;6023;;;;
063044;Massa Lubrense;14116;6970;7146;1875;9099;3142;;;;
063045;Melito di Napoli;36156;17658;18498;5497;24831;5828;;;;
063046;Meta;7855;3776;4079;966;5091;1798;;;;
063047;Monte di Procida;11735;5683;6052;1430;7286;3019;;;;
063048;Mugnano di Napoli;35506;17219;18287;5293;23900;6313;;;;
063049;Napoli;905050;436314;468736;114858;583083;207109;;;;
063050;Nola;34064;16629;17435;4627;22283;7154;;;;
063051;Ottaviano;23364;11694;11670;3008;15720;4636;;;;
063052;Palma Campania;16254;8440;7814;2432;10997;2825;;;;
063053;Piano di Sorrento;12136;5843;6293;1436;7637;3063;;;;
063054;Pimonte;5883;2954;2929;960;3924;999;;;;
063055;Poggiomarino;22803;11455;11348;3753;15505;3545;;;;
063056;Pollena Trocchia;12654;6054;6600;1740;8310;2604;;;;
063057;Pomigliano d'Arco;39607;18990;20617;5462;25369;8776;;;;
063058;Pompei;23517;11253;12264;3129;15056;5332;;;;
063059;Portici;51213;24100;27113;6012;32302;12899;;;;
063060;Pozzuoli;74665;36261;38404;8859;48568;17238;;;;
063061;Procida;9971;4910;5061;1046;6233;2692;;;;
063062;Qualiano;24799;12323;12476;3680;16874;4245;;;;
063063;Quarto;41531;20331;21200;6368;27266;7897;;;;
063064;Ercolano;49179;23798;25381;6665;31211;11303;;;;
063065;Roccarainola;6463;3136;3327;780;4198;1485;;;;
063066;San Gennaro Vesuviano;12164;6297;5867;1914;8341;1909;;;;
063067;San Giorgio a Cremano;41585;19587;21998;4752;26037;10796;;;;
063068;San Giuseppe Vesuviano;30550;15804;14746;4564;20885;5101;;;;
063069;San Paolo Bel Sito;3358;1638;1720;408;2219;731;;;;
063070;San Sebastiano al Vesuvio;8571;4077;4494;1081;5493;1997;;;;
063071;Sant'Agnello;8425;4084;4341;1042;5348;2035;;;;
063072;Sant'Anastasia;25999;12664;13335;3534;16836;5629;;;;
063073;Sant'Antimo;32516;15908;16608;4920;21805;5791;;;;
063074;Sant'Antonio Abate;18766;9336;9430;2559;12677;3530;;;;
063075;San Vitaliano;6580;3212;3368;1016;4403;1161;;;;
063076;Saviano;16063;7916;8147;2327;10727;3009;;;;
063077;Scisciano;6371;3168;3203;940;4324;1107;;;;
063078;Serrara Fontana;3065;1502;1563;355;1945;765;;;;
063079;Somma Vesuviana;33225;16189;17036;4307;22403;6515;;;;
063080;Sorrento;14949;7180;7769;1668;9333;3948;;;;
063081;Striano;9266;4663;4603;1536;6220;1510;;;;
063082;Terzigno;17373;8802;8571;2411;11949;3013;;;;
063083;Torre Annunziata;39496;18924;20572;5838;24576;9082;;;;
063084;Torre del Greco;78839;38003;40836;10536;50004;18299;;;;
063085;Tufino;3350;1671;1679;464;2289;597;;;;
063086;Vico Equense;20133;9861;10272;2539;13028;4566;;;;
063087;Villaricca;31482;15261;16221;5058;20772;5652;;;;
063088;Visciano;4119;2005;2114;510;2638;971;;;;
063089;Volla;25921;12701;13220;4490;17056;4375;;;;
063090;Santa Maria la Carità;11902;5917;5985;1929;7918;2055;;;;
063091;Trecase;8522;4177;4345;1156;5363;2003;;;;
063092;Massa di Somma;4933;2405;2528;624;3225;1084;;;;
064001;Aiello del Sabato;4045;2005;2040;501;2758;786;;;;
064002;Altavilla Irpina;3803;1890;1913;452;2364;987;;;;
064003;Andretta;1630;806;824;131;1022;477;;;;
064004;Aquilonia;1381;718;663;105;844;432;;;;
064005;Ariano Irpino;20657;10090;10567;2164;12987;5506;;;;
064006;Atripalda;10182;4919;5263;1082;6651;2449;;;;
064007;Avella;7417;3610;3807;968;4847;1602;;;;
064008;Avellino;51819;24576;27243;5291;32859;13669;;;;
064009;Bagnoli Irpino;2990;1524;1466;281;1870;839;;;;
064010;Baiano;4371;2097;2274;508;2786;1077;;;;
064011;Bisaccia;3424;1740;1684;365;2083;976;;;;
064012;Bonito;2169;1084;1085;212;1425;532;;;;
064013;Cairano;281;142;139;16;155;110;;;;
064014;Calabritto;2096;1039;1057;216;1241;639;;;;
064015;Calitri;4090;2004;2086;353;2372;1365;;;;
064016;Candida;1083;564;519;126;736;221;;;;
064017;Caposele;3185;1572;1613;389;1950;846;;;;
064018;Capriglia Irpina;2184;1095;1089;276;1415;493;;;;
064019;Carife;1242;610;632;108;757;377;;;;
064020;Casalbore;1514;743;771;146;916;452;;;;
064021;Cassano Irpino;959;485;474;114;613;232;;;;
064022;Castel Baronia;1047;514;533;105;653;289;;;;
064023;Castelfranci;1666;810;856;138;1027;501;;;;
064024;Castelvetere sul Calore;1454;733;721;151;900;403;;;;
064025;Cervinara;8718;4268;4450;1016;5630;2072;;;;
064026;Cesinali;2512;1255;1257;301;1702;509;;;;
064027;Chianche;458;240;218;42;270;146;;;;
064028;Chiusano di San Domenico;2055;1008;1047;229;1292;534;;;;
064029;Contrada;3087;1637;1450;367;2077;643;;;;
064030;Conza della Campania;1269;629;640;137;792;340;;;;
064031;Domicella;1794;901;893;244;1209;341;;;;
064032;Flumeri;2462;1213;1249;288;1471;703;;;;
064033;Fontanarosa;2832;1404;1428;276;1762;794;;;;
064034;Forino;5218;2680;2538;648;3502;1068;;;;
064035;Frigento;3396;1702;1694;330;2163;903;;;;
064036;Gesualdo;3194;1578;1616;329;2017;848;;;;
064037;Greci;594;300;294;57;313;224;;;;
064038;Grottaminarda;7564;3751;3813;901;4915;1748;;;;
064039;Grottolella;1811;914;897;202;1187;422;;;;
064040;Guardia Lombardi;1446;698;748;127;859;460;;;;
064041;Lacedonia;2011;1021;990;164;1267;580;;;;
064042;Lapio;1421;736;685;137;899;385;;;;
064043;Lauro;3243;1557;1686;385;2039;819;;;;
064044;Lioni;5862;2862;3000;710;3716;1436;;;;
064045;Luogosano;1062;556;506;97;726;239;;;;
064046;Manocalzati;2991;1531;1460;301;2015;675;;;;
064047;Marzano di Nola;1656;817;839;213;1099;344;;;;
064048;Melito Irpino;1759;896;863;219;1090;450;;;;
064049;Mercogliano;11416;5568;5848;1224;7423;2769;;;;
064050;Mirabella Eclano;6546;3255;3291;663;4181;1702;;;;
064051;Montaguto;333;160;173;16;198;119;;;;
064052;Montecalvo Irpino;3226;1572;1654;299;1948;979;;;;
064053;Montefalcione;3042;1497;1545;295;1961;786;;;;
064054;Monteforte Irpino;11352;5776;5576;1412;7620;2320;;;;
064055;Montefredane;2153;1073;1080;250;1382;521;;;;
064056;Montefusco;1183;584;599;93;762;328;;;;
064057;Montella;7137;3479;3658;813;4504;1820;;;;
064058;Montemarano;2520;1269;1251;252;1505;763;;;;
064059;Montemiletto;5013;2520;2493;525;3207;1281;;;;
064060;Monteverde;660;328;332;55;410;195;;;;
064063;Morra De Sanctis;1083;516;567;96;636;351;;;;
064064;Moschiano;1535;751;784;203;994;338;;;;
064065;Mugnano del Cardinale;5115;2619;2496;635;3314;1166;;;;
064066;Nusco;3783;1860;1923;418;2339;1026;;;;
064067;Ospedaletto d'Alpinolo;1963;973;990;234;1287;442;;;;
064068;Pago del Vallo di Lauro;1684;822;862;199;1129;356;;;;
064069;Parolise;612;298;314;56;394;162;;;;
064070;Paternopoli;2068;1041;1027;216;1249;603;;;;
064071;Petruro Irpino;297;152;145;38;168;91;;;;
064072;Pietradefusi;1919;994;925;142;1238;539;;;;
064073;Pietrastornina;1463;750;713;171;911;381;;;;
064074;Prata di Principato Ultra;2655;1342;1313;307;1771;577;;;;
064075;Pratola Serra;3561;1784;1777;389;2407;765;;;;
064076;Quadrelle;1864;913;951;241;1223;400;;;;
064077;Quindici;1757;869;888;213;1073;471;;;;
064078;Roccabascerana;2343;1209;1134;267;1492;584;;;;
064079;Rocca San Felice;765;383;382;74;458;233;;;;
064080;Rotondi;3329;1717;1612;396;2175;758;;;;
064081;Salza Irpina;727;365;362;71;443;213;;;;
064082;San Mango sul Calore;1104;593;511;97;714;293;;;;
064083;San Martino Valle Caudina;4733;2359;2374;582;3024;1127;;;;
064084;San Michele di Serino;2391;1201;1190;251;1603;537;;;;
064085;San Nicola Baronia;737;361;376;99;449;189;;;;
064086;San Potito Ultra;1457;686;771;132;973;352;;;;
064087;San Sossio Baronia;1462;714;748;162;884;416;;;;
064088;Santa Lucia di Serino;1342;654;688;170;846;326;;;;
064089;Sant'Andrea di Conza;1341;658;683;98;843;400;;;;
064090;Sant'Angelo all'Esca;688;342;346;55;422;211;;;;
064091;Sant'Angelo a Scala;672;385;287;43;481;148;;;;
064092;Sant'Angelo dei Lombardi;3783;1932;1851;374;2373;1036;;;;
064093;Santa Paolina;1125;559;566;114;692;319;;;;
064095;Santo Stefano del Sole;2046;1022;1024;210;1351;485;;;;
064096;Savignano Irpino;1010;515;495;105;599;306;;;;
064097;Scampitella;981;476;505;65;546;370;;;;
064098;Senerchia;708;391;317;46;466;196;;;;
064099;Serino;6563;3288;3275;761;4208;1594;;;;
064100;Sirignano;2941;1440;1501;435;1953;553;;;;
064101;Solofra;11921;5904;6017;1479;7930;2512;;;;
064102;Sorbo Serpico;512;265;247;46;344;122;;;;
064103;Sperone;3627;1770;1857;452;2430;745;;;;
064104;Sturno;2704;1324;1380;279;1687;738;;;;
064105;Summonte;1469;735;734;150;942;377;;;;
064106;Taurano;1405;685;720;161;921;323;;;;
064107;Taurasi;2056;1012;1044;192;1289;575;;;;
064108;Teora;1424;709;715;144;845;435;;;;
064109;Torella dei Lombardi;1945;947;998;196;1239;510;;;;
064110;Torre Le Nocelle;1223;608;615;125;781;317;;;;
064111;Torrioni;461;268;193;20;304;137;;;;
064112;Trevico;789;385;404;67;456;266;;;;
064113;Tufo;757;381;376;66;470;221;;;;
064114;Vallata;2405;1174;1231;270;1464;671;;;;
064115;Vallesaccarda;1195;582;613;135;737;323;;;;
064116;Venticano;2284;1136;1148;251;1433;600;;;;
064117;Villamaina;896;425;471;94;572;230;;;;
064118;Villanova del Battista;1439;701;738;135;874;430;;;;
064119;Volturara Irpina;2878;1389;1489;280;1791;807;;;;
064120;Zungoli;898;429;469;68;549;281;;;;
064121;Montoro;19513;9734;9779;2737;13013;3763;;;;
065001;Acerno;2418;1229;1189;234;1618;566;;;;
065002;Agropoli;21418;10561;10857;2418;13723;5277;;;;
065003;Albanella;6339;3206;3133;856;3984;1499;;;;
065004;Alfano;891;410;481;95;475;321;;;;
065005;Altavilla Silentina;7058;3536;3522;873;4544;1641;;;;
065006;Amalfi;4572;2243;2329;432;2842;1298;;;;
065007;Angri;34353;16840;17513;4998;22689;6666;;;;
065008;Aquara;1237;613;624;110;748;379;;;;
065009;Ascea;5914;3008;2906;646;3757;1511;;;;
065010;Atena Lucana;2400;1212;1188;322;1571;507;;;;
065011;Atrani;751;361;390;80;441;230;;;;
065012;Auletta;2106;1056;1050;237;1342;527;;;;
065013;Baronissi;16788;8272;8516;2134;10951;3703;;;;
065014;Battipaglia;49504;24515;24989;6182;32144;11178;;;;
065015;Bellosguardo;639;317;322;50;363;226;;;;
065016;Bracigliano;5343;2713;2630;773;3552;1018;;;;
065017;Buccino;4462;2221;2241;420;2679;1363;;;;
065018;Buonabitacolo;2454;1189;1265;294;1615;545;;;;
065019;Caggiano;2486;1266;1220;265;1536;685;;;;
065020;Calvanico;1407;707;700;152;953;302;;;;
065021;Camerota;6741;3344;3397;715;4208;1818;;;;
065022;Campagna;17194;8867;8327;2473;11222;3499;;;;
065023;Campora;297;151;146;13;156;128;;;;
065024;Cannalonga;939;476;463;103;551;285;;;;
065025;Capaccio Paestum;22463;11518;10945;2801;14937;4725;;;;
065026;Casalbuono;1013;509;504;112;604;297;;;;
065027;Casaletto Spartano;1222;589;633;111;676;435;;;;
065028;Casal Velino;5368;2699;2669;619;3455;1294;;;;
065029;Caselle in Pittari;1860;913;947;229;1096;535;;;;
065030;Castelcivita;1370;720;650;95;727;548;;;;
065031;Castellabate;8672;4352;4320;1017;5413;2242;;;;
065032;Castelnuovo Cilento;2849;1387;1462;369;1847;633;;;;
065033;Castelnuovo di Conza;557;292;265;46;335;176;;;;
065034;Castel San Giorgio;13758;6828;6930;1875;9106;2777;;;;
065035;Castel San Lorenzo;2182;1077;1105;221;1316;645;;;;
065036;Castiglione del Genovesi;1280;673;607;170;838;272;;;;
065037;Cava de' Tirreni;49330;23941;25389;5469;31329;12532;;;;
065038;Celle di Bulgheria;1677;814;863;170;1048;459;;;;
065039;Centola;5020;2603;2417;525;3137;1358;;;;
065040;Ceraso;2195;1085;1110;227;1358;610;;;;
065041;Cetara;1886;943;943;154;1136;596;;;;
065042;Cicerale;1178;573;605;107;731;340;;;;
065043;Colliano;3387;1661;1726;453;2133;801;;;;
065044;Conca dei Marini;635;336;299;84;400;151;;;;
065045;Controne;757;379;378;62;465;230;;;;
065046;Contursi Terme;3158;1577;1581;369;2061;728;;;;
065047;Corbara;2518;1229;1289;351;1619;548;;;;
065048;Corleto Monforte;462;229;233;41;270;151;;;;
065049;Cuccaro Vetere;510;226;284;52;303;155;;;;
065050;Eboli;37656;19286;18370;4870;24869;7917;;;;
065051;Felitto;1140;556;584;97;657;386;;;;
065052;Fisciano;14237;7135;7102;1815;9386;3036;;;;
065053;Furore;678;359;319;70;447;161;;;;
065054;Futani;1048;489;559;117;623;308;;;;
065055;Giffoni Sei Casali;4951;2485;2466;550;3348;1053;;;;
065056;Giffoni Valle Piana;11461;5669;5792;1446;7391;2624;;;;
065057;Gioi;1058;503;555;107;563;388;;;;
065058;Giungano;1305;644;661;175;830;300;;;;
065059;Ispani;971;476;495;72;580;319;;;;
065060;Laureana Cilento;1255;639;616;161;794;300;;;;
065061;Laurino;1200;598;602;83;706;411;;;;
065062;Laurito;647;323;324;45;387;215;;;;
065063;Laviano;1261;616;645;184;729;348;;;;
065064;Lustra;1005;511;494;109;652;244;;;;
065065;Magliano Vetere;573;287;286;44;320;209;;;;
065066;Maiori;5211;2562;2649;552;3238;1421;;;;
065067;Mercato San Severino;21309;10399;10910;2803;13881;4625;;;;
065068;Minori;2528;1247;1281;256;1509;763;;;;
065069;Moio della Civitella;1810;883;927;182;1109;519;;;;
065070;Montano Antilia;1644;796;848;160;940;544;;;;
065071;Montecorice;2592;1310;1282;274;1649;669;;;;
065072;Montecorvino Pugliano;11212;5614;5598;1646;7629;1937;;;;
065073;Montecorvino Rovella;12308;6172;6136;1655;8123;2530;;;;
065074;Monteforte Cilento;531;268;263;75;298;158;;;;
065075;Monte San Giacomo;1354;669;685;108;874;372;;;;
065076;Montesano sulla Marcellana;6281;3141;3140;747;3880;1654;;;;
065077;Morigerati;577;278;299;58;329;190;;;;
065078;Nocera Inferiore;43291;21081;22210;5109;27797;10385;;;;
065079;Nocera Superiore;23396;11444;11952;3014;15200;5182;;;;
065080;Novi Velia;2328;1175;1153;379;1471;478;;;;
065081;Ogliastro Cilento;2307;1184;1123;255;1454;598;;;;
065082;Olevano sul Tusciano;6571;3268;3303;907;4266;1398;;;;
065083;Oliveto Citra;3601;1758;1843;432;2311;858;;;;
065084;Omignano;1636;827;809;226;1021;389;;;;
065085;Orria;887;441;446;69;482;336;;;;
065086;Ottati;564;279;285;67;301;196;;;;
065087;Padula;4775;2331;2444;517;3000;1258;;;;
065088;Pagani;35117;17086;18031;4715;23250;7152;;;;
065089;Palomonte;3772;1904;1868;475;2372;925;;;;
065090;Pellezzano;10824;5316;5508;1462;6812;2550;;;;
065091;Perdifumo;1802;873;929;188;1086;528;;;;
065092;Perito;763;387;376;63;466;234;;;;
065093;Pertosa;632;316;316;67;396;169;;;;
065094;Petina;984;490;494;97;647;240;;;;
065095;Piaggine;1056;513;543;62;592;402;;;;
065096;Pisciotta;2416;1212;1204;223;1461;732;;;;
065097;Polla;5084;2500;2584;646;3187;1251;;;;
065098;Pollica;2048;1017;1031;185;1226;637;;;;
065099;Pontecagnano Faiano;26334;13109;13225;3450;17246;5638;;;;
065100;Positano;3643;1776;1867;394;2328;921;;;;
065101;Postiglione;2019;1040;979;244;1244;531;;;;
065102;Praiano;1920;933;987;200;1219;501;;;;
065103;Prignano Cilento;1111;549;562;157;699;255;;;;
065104;Ravello;2335;1140;1195;272;1477;586;;;;
065105;Ricigliano;1039;522;517;92;595;352;;;;
065106;Roccadaspide;6900;3378;3522;839;4287;1774;;;;
065107;Roccagloriosa;1535;774;761;140;931;464;;;;
065108;Roccapiemonte;8676;4262;4414;1132;5607;1937;;;;
065109;Rofrano;1222;638;584;121;686;415;;;;
065110;Romagnano al Monte;369;182;187;30;236;103;;;;
065111;Roscigno;570;283;287;35;321;214;;;;
065112;Rutino;744;387;357;71;469;204;;;;
065113;Sacco;394;198;196;17;212;165;;;;
065114;Sala Consilina;12103;5959;6144;1500;7675;2928;;;;
065115;Salento;1734;849;885;205;1049;480;;;;
065116;Salerno;125323;59113;66210;13329;77241;34753;;;;
065117;Salvitelle;457;222;235;32;265;160;;;;
065118;San Cipriano Picentino;6738;3319;3419;917;4426;1395;;;;
065119;San Giovanni a Piro;3591;1794;1797;381;2194;1016;;;;
065120;San Gregorio Magno;3798;1837;1961;420;2257;1121;;;;
065121;San Mango Piemonte;2616;1301;1315;384;1705;527;;;;
065122;San Marzano sul Sarno;10209;5093;5116;1540;6767;1902;;;;
065123;San Mauro Cilento;824;421;403;68;507;249;;;;
065124;San Mauro la Bruca;500;251;249;35;299;166;;;;
065125;San Pietro al Tanagro;1699;824;875;225;1058;416;;;;
065126;San Rufo;1585;793;792;211;973;401;;;;
065127;Santa Marina;3220;1597;1623;419;2011;790;;;;
065128;Sant'Angelo a Fasanella;498;238;260;35;283;180;;;;
065129;Sant'Arsenio;2639;1277;1362;312;1655;672;;;;
065130;Sant'Egidio del Monte Albino;7683;3784;3899;1075;5117;1491;;;;
065131;Santomenna;368;190;178;34;223;111;;;;
065132;San Valentino Torio;10994;5491;5503;1755;7468;1771;;;;
065133;Sanza;2313;1166;1147;233;1436;644;;;;
065134;Sapri;6261;2961;3300;634;3810;1817;;;;
065135;Sarno;30937;15367;15570;4322;20158;6457;;;;
065136;Sassano;4680;2278;2402;594;2922;1164;;;;
065137;Scafati;47574;23270;24304;6532;31396;9646;;;;
065138;Scala;1507;781;726;188;922;397;;;;
065139;Serramezzana;272;138;134;20;154;98;;;;
065140;Serre;3671;1869;1802;462;2331;878;;;;
065141;Sessa Cilento;1129;549;580;116;700;313;;;;
065142;Siano;9226;4545;4681;1162;5937;2127;;;;
065143;Sicignano degli Alburni;3057;1539;1518;337;1930;790;;;;
065144;Stella Cilento;612;304;308;52;356;204;;;;
065145;Stio;759;369;390;72;445;242;;;;
065146;Teggiano;6967;3329;3638;719;4273;1975;;;;
065147;Torchiara;1908;940;968;222;1232;454;;;;
065148;Torraca;1214;608;606;134;738;342;;;;
065149;Torre Orsaia;1928;946;982;196;1142;590;;;;
065150;Tortorella;462;226;236;40;248;174;;;;
065151;Tramonti;4209;2096;2113;566;2726;917;;;;
065152;Trentinara;1573;779;794;199;949;425;;;;
065153;Valle dell'Angelo;217;112;105;8;132;77;;;;
065154;Vallo della Lucania;7779;3669;4110;826;4871;2082;;;;
065155;Valva;1539;770;769;201;925;413;;;;
065156;Vibonati;3235;1625;1610;320;1999;916;;;;
065157;Vietri sul Mare;6878;3410;3468;662;4267;1949;;;;
065158;Bellizzi;13330;6591;6739;1830;8507;2993;;;;
066001;Acciano;252;135;117;18;140;94;;;;
066002;Aielli;1370;680;690;163;798;409;;;;
066003;Alfedena;917;540;377;56;613;248;;;;
066004;Anversa degli Abruzzi;304;153;151;17;190;97;;;;
066005;Ateleta;1103;565;538;105;706;292;;;;
066006;Avezzano;41238;20073;21165;5106;26209;9923;;;;
066007;Balsorano;3196;1581;1615;348;1966;882;;;;
066008;Barete;634;329;305;62;375;197;;;;
066009;Barisciano;1637;824;813;197;960;480;;;;
066010;Barrea;677;343;334;58;385;234;;;;
066011;Bisegna;212;99;113;5;109;98;;;;
066012;Bugnara;998;510;488;96;589;313;;;;
066013;Cagnano Amiterno;1079;551;528;79;563;437;;;;
066014;Calascio;119;65;54;4;75;40;;;;
066015;Campo di Giove;742;372;370;51;422;269;;;;
066016;Campotosto;428;226;202;13;245;170;;;;
066017;Canistro;949;506;443;74;616;259;;;;
066018;Cansano;216;100;116;19;139;58;;;;
066019;Capestrano;811;392;419;76;427;308;;;;
066020;Capistrello;4596;2238;2358;423;2808;1365;;;;
066021;Capitignano;602;304;298;57;349;196;;;;
066022;Caporciano;201;113;88;6;115;80;;;;
066023;Cappadocia;588;340;248;42;329;217;;;;
066024;Carapelle Calvisio;68;36;32;6;36;26;;;;
066025;Carsoli;4952;2468;2484;491;3230;1231;;;;
066026;Castel del Monte;379;200;179;46;215;118;;;;
066027;Castel di Ieri;273;130;143;18;152;103;;;;
066028;Castel di Sangro;6590;3381;3209;645;4275;1670;;;;
066029;Castellafiume;1077;557;520;127;733;217;;;;
066030;Castelvecchio Calvisio;125;58;67;12;72;41;;;;
066031;Castelvecchio Subequo;803;389;414;62;414;327;;;;
066032;Celano;10121;5145;4976;1282;6513;2326;;;;
066033;Cerchio;1542;782;760;192;904;446;;;;
066034;Civita d'Antino;923;477;446;79;558;286;;;;
066035;Civitella Alfedena;287;148;139;17;182;88;;;;
066036;Civitella Roveto;3018;1547;1471;313;1882;823;;;;
066037;Cocullo;203;110;93;14;96;93;;;;
066038;Collarmele;752;354;398;60;421;271;;;;
066039;Collelongo;1055;550;505;84;609;362;;;;
066040;Collepietro;200;97;103;17;115;68;;;;
066041;Corfinio;947;491;456;85;582;280;;;;
066042;Fagnano Alto;337;165;172;32;191;114;;;;
066043;Fontecchio;280;138;142;26;171;83;;;;
066044;Fossa;682;336;346;80;420;182;;;;
066045;Gagliano Aterno;221;114;107;21;124;76;;;;
066046;Gioia dei Marsi;1688;900;788;169;1001;518;;;;
066047;Goriano Sicoli;523;275;248;42;312;169;;;;
066048;Introdacqua;1928;967;961;151;1215;562;;;;
066049;L'Aquila;70803;35143;35660;8078;44394;18331;;;;
066050;Lecce nei Marsi;1476;729;747;151;896;429;;;;
066051;Luco dei Marsi;5935;3060;2875;863;3789;1283;;;;
066052;Lucoli;847;442;405;64;532;251;;;;
066053;Magliano de' Marsi;3400;1671;1729;375;2061;964;;;;
066054;Massa d'Albe;1337;687;650;104;805;428;;;;
066055;Molina Aterno;328;165;163;24;183;121;;;;
066056;Montereale;2183;1150;1033;214;1235;734;;;;
066057;Morino;1280;645;635;111;754;415;;;;
066058;Navelli;583;302;281;57;367;159;;;;
066059;Ocre;1095;564;531;104;656;335;;;;
066060;Ofena;462;260;202;37;278;147;;;;
066061;Opi;373;197;176;30;213;130;;;;
066062;Oricola;1274;636;638;168;811;295;;;;
066063;Ortona dei Marsi;366;175;191;7;164;195;;;;
066064;Ortucchio;1736;876;860;220;1038;478;;;;
066065;Ovindoli;1154;585;569;104;714;336;;;;
066066;Pacentro;1057;539;518;104;623;330;;;;
066067;Pereto;630;335;295;61;371;198;;;;
066068;Pescasseroli;1993;1022;971;176;1311;506;;;;
066069;Pescina;3654;1837;1817;400;2135;1119;;;;
066070;Pescocostanzo;1081;565;516;93;652;336;;;;
066071;Pettorano sul Gizio;1259;640;619;124;780;355;;;;
066072;Pizzoli;4186;2176;2010;530;2809;847;;;;
066073;Poggio Picenze;1028;495;533;116;625;287;;;;
066074;Prata d'Ansidonia;424;206;218;33;257;134;;;;
066075;Pratola Peligna;6881;3369;3512;698;4215;1968;;;;
066076;Prezza;804;392;412;60;469;275;;;;
066077;Raiano;2595;1230;1365;269;1559;767;;;;
066078;Rivisondoli;680;386;294;44;432;204;;;;
066079;Roccacasale;562;282;280;47;308;207;;;;
066080;Rocca di Botte;891;485;406;77;600;214;;;;
066081;Rocca di Cambio;523;277;246;52;325;146;;;;
066082;Rocca di Mezzo;1314;689;625;93;772;449;;;;
066083;Rocca Pia;153;83;70;15;83;55;;;;
066084;Roccaraso;1460;739;721;141;889;430;;;;
066085;San Benedetto dei Marsi;3715;1884;1831;481;2311;923;;;;
066086;San Benedetto in Perillis;100;60;40;4;48;48;;;;
066087;San Demetrio ne' Vestini;2002;1030;972;260;1292;450;;;;
066088;San Pio delle Camere;663;332;331;93;415;155;;;;
066089;Sante Marie;1053;540;513;72;591;390;;;;
066090;Sant'Eusanio Forconese;364;184;180;47;198;119;;;;
066091;Santo Stefano di Sessanio;102;49;53;6;56;40;;;;
066092;San Vincenzo Valle Roveto;2013;974;1039;139;1143;731;;;;
066093;Scanno;1662;814;848;150;933;579;;;;
066094;Scontrone;535;283;252;47;305;183;;;;
066095;Scoppito;3809;1920;1889;550;2425;834;;;;
066096;Scurcola Marsicana;2700;1352;1348;286;1683;731;;;;
066097;Secinaro;302;162;140;15;184;103;;;;
066098;Sulmona;21610;10507;11103;2026;12714;6870;;;;
066099;Tagliacozzo;6417;3181;3236;608;3955;1854;;;;
066100;Tione degli Abruzzi;243;125;118;15;143;85;;;;
066101;Tornimparte;2729;1395;1334;300;1591;838;;;;
066102;Trasacco;5804;2991;2813;758;3548;1498;;;;
066103;Villalago;490;254;236;14;264;212;;;;
066104;Villa Santa Lucia degli Abruzzi;76;38;38;5;28;43;;;;
066105;Villa Sant'Angelo;511;229;282;68;307;136;;;;
066106;Villavallelonga;822;393;429;91;492;239;;;;
066107;Villetta Barrea;589;307;282;30;373;186;;;;
066108;Vittorito;804;384;420;86;461;257;;;;
067001;Alba Adriatica;13325;6454;6871;1594;8713;3018;;;;
067002;Ancarano;1874;916;958;233;1192;449;;;;
067003;Arsita;717;360;357;66;419;232;;;;
067004;Atri;9814;4864;4950;1006;5959;2849;;;;
067005;Basciano;2312;1169;1143;280;1469;563;;;;
067006;Bellante;6833;3383;3450;797;4344;1692;;;;
067007;Bisenti;1642;829;813;142;984;516;;;;
067008;Campli;6612;3347;3265;668;4121;1823;;;;
067009;Canzano;1736;870;866;211;1064;461;;;;
067010;Castel Castagna;400;208;192;36;227;137;;;;
067011;Castellalto;7234;3614;3620;933;4679;1622;;;;
067012;Castelli;907;458;449;75;507;325;;;;
067013;Castiglione Messer Raimondo;1961;987;974;185;1211;565;;;;
067014;Castilenti;1307;682;625;122;800;385;;;;
067015;Cellino Attanasio;2184;1094;1090;218;1357;609;;;;
067016;Cermignano;1397;696;701;145;827;425;;;;
067017;Civitella del Tronto;4555;2290;2265;456;2780;1319;;;;
067018;Colledara;2078;1068;1010;249;1252;577;;;;
067019;Colonnella;3718;1899;1819;404;2367;947;;;;
067020;Controguerra;2174;1065;1109;222;1332;620;;;;
067021;Corropoli;5158;2534;2624;677;3297;1184;;;;
067022;Cortino;541;295;246;38;311;192;;;;
067023;Crognaleto;1009;576;433;65;564;380;;;;
067024;Fano Adriano;243;137;106;6;133;104;;;;
067025;Giulianova;23556;11216;12340;2541;14789;6226;;;;
067026;Isola del Gran Sasso d'Italia;4400;2180;2220;461;2686;1253;;;;
067027;Montefino;896;458;438;92;519;285;;;;
067028;Montorio al Vomano;7344;3663;3681;864;4453;2027;;;;
067029;Morro d'Oro;3530;1755;1775;399;2257;874;;;;
067030;Mosciano Sant'Angelo;9206;4719;4487;1091;5935;2180;;;;
067031;Nereto;5465;2679;2786;744;3469;1252;;;;
067032;Notaresco;6351;3180;3171;698;4056;1597;;;;
067033;Penna Sant'Andrea;1627;826;801;177;1010;440;;;;
067034;Pietracamela;196;115;81;8;102;86;;;;
067035;Pineto;14761;7063;7698;1729;9398;3634;;;;
067036;Rocca Santa Maria;450;235;215;25;259;166;;;;
067037;Roseto degli Abruzzi;25938;12794;13144;2934;16687;6317;;;;
067038;Sant'Egidio alla Vibrata;9913;4913;5000;1283;6245;2385;;;;
067039;Sant'Omero;5077;2493;2584;570;3125;1382;;;;
067040;Silvi;15478;7606;7872;1744;9835;3899;;;;
067041;Teramo;51400;25033;26367;5639;32142;13619;;;;
067042;Torano Nuovo;1440;712;728;158;830;452;;;;
067043;Torricella Sicura;2365;1193;1172;253;1443;669;;;;
067044;Tortoreto;12206;5918;6288;1324;8079;2803;;;;
067045;Tossicia;1204;582;622;118;694;392;;;;
067046;Valle Castellana;818;441;377;53;458;307;;;;
067047;Martinsicuro;16483;8142;8341;1936;10552;3995;;;;
068001;Abbateggio;345;177;168;25;223;97;;;;
068002;Alanno;3262;1588;1674;388;1970;904;;;;
068003;Bolognano;1003;508;495;97;604;302;;;;
068004;Brittoli;236;120;116;23;132;81;;;;
068005;Bussi sul Tirino;2188;1089;1099;175;1240;773;;;;
068006;Cappelle sul Tavo;4106;2014;2092;580;2568;958;;;;
068007;Caramanico Terme;1703;855;848;126;1066;511;;;;
068008;Carpineto della Nora;498;245;253;36;306;156;;;;
068009;Castiglione a Casauria;723;375;348;68;445;210;;;;
068010;Catignano;1232;650;582;92;753;387;;;;
068011;Cepagatti;11030;5415;5615;1486;7131;2413;;;;
068012;Città Sant'Angelo;14935;7450;7485;1945;9816;3174;;;;
068013;Civitaquana;1156;602;554;114;707;335;;;;
068014;Civitella Casanova;1505;753;752;117;888;500;;;;
068015;Collecorvino;6065;3056;3009;787;3928;1350;;;;
068016;Corvara;186;95;91;6;118;62;;;;
068017;Cugnoli;1324;650;674;134;804;386;;;;
068018;Elice;1615;796;819;183;985;447;;;;
068019;Farindola;1293;644;649;114;729;450;;;;
068020;Lettomanoppello;2603;1285;1318;255;1616;732;;;;
068021;Loreto Aprutino;7037;3444;3593;762;4410;1865;;;;
068022;Manoppello;6762;3349;3413;857;4269;1636;;;;
068023;Montebello di Bertona;803;404;399;70;442;291;;;;
068024;Montesilvano;53557;25836;27721;6697;34816;12044;;;;
068025;Moscufo;3166;1655;1511;332;2005;829;;;;
068026;Nocciano;1684;858;826;179;1092;413;;;;
068027;Penne;10906;5410;5496;1070;6828;3008;;;;
068028;Pescara;118487;56224;62263;12991;73142;32354;;;;
068029;Pescosansonesco;439;213;226;36;264;139;;;;
068030;Pianella;8563;4301;4262;1083;5463;2017;;;;
068031;Picciano;1278;635;643;157;772;349;;;;
068032;Pietranico;416;206;210;28;248;140;;;;
068033;Popoli Terme;4574;2212;2362;412;2716;1446;;;;
068034;Roccamorice;840;404;436;68;485;287;;;;
068035;Rosciano;4114;2015;2099;596;2625;893;;;;
068036;Salle;250;128;122;22;145;83;;;;
068037;Sant'Eufemia a Maiella;233;123;110;15;144;74;;;;
068038;San Valentino in Abruzzo Citeriore;1788;861;927;198;1080;510;;;;
068039;Scafa;3388;1625;1763;377;2060;951;;;;
068040;Serramonacesca;493;262;231;49;279;165;;;;
068041;Spoltore;18924;9227;9697;2466;12250;4208;;;;
068042;Tocco da Casauria;2325;1167;1158;271;1365;689;;;;
068043;Torre de' Passeri;2862;1390;1472;337;1741;784;;;;
068044;Turrivalignani;785;393;392;77;479;229;;;;
068045;Vicoli;357;170;187;33;205;119;;;;
068046;Villa Celiera;524;249;275;37;295;192;;;;
069001;Altino;3010;1490;1520;432;1902;676;;;;
069002;Archi;1929;932;997;194;1160;575;;;;
069003;Ari;1071;550;521;102;620;349;;;;
069004;Arielli;1042;512;530;101;621;320;;;;
069005;Atessa;10208;5037;5171;1226;6356;2626;;;;
069006;Bomba;686;345;341;48;386;252;;;;
069007;Borrello;328;160;168;14;211;103;;;;
069008;Bucchianico;4892;2419;2473;595;2973;1324;;;;
069009;Montebello sul Sangro;80;38;42;7;45;28;;;;
069010;Canosa Sannita;1207;591;616;97;682;428;;;;
069011;Carpineto Sinello;486;260;226;43;279;164;;;;
069012;Carunchio;535;301;234;34;336;165;;;;
069013;Casacanditella;1172;594;578;110;701;361;;;;
069014;Casalanguida;789;390;399;68;462;259;;;;
069015;Casalbordino;5591;2705;2886;549;3392;1650;;;;
069016;Casalincontrada;2960;1455;1505;341;1800;819;;;;
069017;Casoli;5033;2499;2534;535;3019;1479;;;;
069018;Castel Frentano;4181;2045;2136;504;2634;1043;;;;
069019;Castelguidone;270;130;140;8;173;89;;;;
069020;Castiglione Messer Marino;1398;692;706;119;797;482;;;;
069021;Celenza sul Trigno;758;382;376;61;440;257;;;;
069022;Chieti;48368;23197;25171;4849;29487;14032;;;;
069023;Civitaluparella;272;136;136;20;153;99;;;;
069024;Civitella Messer Raimondo;738;374;364;66;399;273;;;;
069025;Colledimacine;149;90;59;1;69;79;;;;
069026;Colledimezzo;401;207;194;38;187;176;;;;
069027;Crecchio;2550;1265;1285;257;1446;847;;;;
069028;Cupello;4899;2447;2452;621;3154;1124;;;;
069029;Dogliola;304;167;137;28;185;91;;;;
069030;Fara Filiorum Petri;1972;1009;963;234;1250;488;;;;
069031;Fara San Martino;1253;631;622;117;726;410;;;;
069032;Filetto;807;396;411;52;489;266;;;;
069033;Fossacesia;6269;3128;3141;731;4028;1510;;;;
069034;Fraine;238;113;125;9;134;95;;;;
069035;Francavilla al Mare;25521;12155;13366;2918;15921;6682;;;;
069036;Fresagrandinaria;913;462;451;96;533;284;;;;
069037;Frisa;1594;777;817;136;987;471;;;;
069038;Furci;779;377;402;51;459;269;;;;
069039;Gamberale;267;138;129;21;157;89;;;;
069040;Gessopalena;1137;562;575;84;641;412;;;;
069041;Gissi;2401;1196;1205;236;1473;692;;;;
069042;Giuliano Teatino;1105;547;558;97;648;360;;;;
069043;Guardiagrele;8161;4028;4133;814;4871;2476;;;;
069044;Guilmi;443;233;210;60;262;121;;;;
069045;Lama dei Peligni;1007;499;508;57;620;330;;;;
069046;Lanciano;33843;16349;17494;3706;20905;9232;;;;
069047;Lentella;653;339;314;61;410;182;;;;
069048;Lettopalena;306;168;138;28;161;117;;;;
069049;Liscia;623;326;297;62;367;194;;;;
069050;Miglianico;4620;2285;2335;533;2852;1235;;;;
069051;Montazzoli;790;395;395;59;446;285;;;;
069052;Monteferrante;100;54;46;10;47;43;;;;
069053;Montelapiano;68;32;36;5;28;35;;;;
069054;Montenerodomo;562;295;267;59;318;185;;;;
069055;Monteodorisio;2314;1156;1158;267;1468;579;;;;
069056;Mozzagrogna;2422;1170;1252;310;1568;544;;;;
069057;Orsogna;3595;1739;1856;371;2259;965;;;;
069058;Ortona;21921;10727;11194;2338;13439;6144;;;;
069059;Paglieta;4100;2034;2066;446;2587;1067;;;;
069060;Palena;1196;606;590;115;736;345;;;;
069061;Palmoli;851;451;400;74;531;246;;;;
069062;Palombaro;921;456;465;87;542;292;;;;
069063;Pennadomo;201;99;102;9;105;87;;;;
069064;Pennapiedimonte;365;185;180;25;203;137;;;;
069065;Perano;1463;722;741;133;934;396;;;;
069066;Pizzoferrato;949;502;447;64;587;298;;;;
069067;Poggiofiorito;751;360;391;72;429;250;;;;
069068;Pollutri;2016;988;1028;198;1252;566;;;;
069069;Pretoro;859;422;437;77;523;259;;;;
069070;Quadri;672;315;357;33;390;249;;;;
069071;Rapino;1115;562;553;88;691;336;;;;
069072;Ripa Teatina;3899;1969;1930;496;2416;987;;;;
069073;Roccamontepiano;1533;771;762;140;921;472;;;;
069074;Rocca San Giovanni;2299;1141;1158;238;1458;603;;;;
069075;Roccascalegna;1011;510;501;64;570;377;;;;
069076;Roccaspinalveti;1121;548;573;86;646;389;;;;
069077;Roio del Sangro;101;56;45;6;51;44;;;;
069078;Rosello;175;86;89;10;85;80;;;;
069079;San Buono;835;429;406;85;472;278;;;;
069080;San Giovanni Lipioni;139;72;67;4;63;72;;;;
069081;San Giovanni Teatino;14541;7142;7399;2075;9611;2855;;;;
069082;San Martino sulla Marrucina;868;429;439;83;536;249;;;;
069083;San Salvo;19918;9960;9958;2477;12883;4558;;;;
069084;Santa Maria Imbaro;2022;1012;1010;267;1383;372;;;;
069085;Sant'Eusanio del Sangro;2224;1080;1144;230;1352;642;;;;
069086;San Vito Chietino;5058;2513;2545;543;3156;1359;;;;
069087;Scerni;2901;1438;1463;303;1735;863;;;;
069088;Schiavi di Abruzzo;616;302;314;50;282;284;;;;
069089;Taranta Peligna;301;157;144;25;167;109;;;;
069090;Tollo;3868;1923;1945;439;2335;1094;;;;
069091;Torino di Sangro;2925;1499;1426;306;1829;790;;;;
069092;Tornareccio;1640;817;823;161;1000;479;;;;
069093;Torrebruna;635;305;330;27;323;285;;;;
069094;Torrevecchia Teatina;4183;2078;2105;527;2674;982;;;;
069095;Torricella Peligna;1077;527;550;88;574;415;;;;
069096;Treglio;1721;846;875;212;1135;374;;;;
069097;Tufillo;307;144;163;22;170;115;;;;
069098;Vacri;1471;734;737;156;893;422;;;;
069099;Vasto;40920;20039;20881;4622;26049;10249;;;;
069100;Villalfonsina;855;428;427;88;493;274;;;;
069101;Villamagna;2126;1057;1069;190;1271;665;;;;
069102;Villa Santa Maria;1072;547;525;82;634;356;;;;
069103;Pietraferrazzana;126;62;64;14;62;50;;;;
069104;Fallo;121;66;55;5;66;50;;;;
070001;Acquaviva Collecroce;536;271;265;35;314;187;;;;
070002;Baranello;2424;1217;1207;211;1580;633;;;;
070003;Bojano;7496;3705;3791;845;4854;1797;;;;
070004;Bonefro;1128;561;567;82;670;376;;;;
070005;Busso;1142;568;574;95;658;389;;;;
070006;Campobasso;47399;23098;24301;4869;29491;13039;;;;
070007;Campochiaro;556;272;284;58;362;136;;;;
070008;Campodipietra;2403;1182;1221;268;1587;548;;;;
070009;Campolieto;793;393;400;89;459;245;;;;
070010;Campomarino;7974;4101;3873;891;5271;1812;;;;
070011;Casacalenda;1824;952;872;129;1116;579;;;;
070012;Casalciprano;424;210;214;35;224;165;;;;
070013;Castelbottaccio;223;106;117;10;104;109;;;;
070014;Castellino del Biferno;417;213;204;30;245;142;;;;
070015;Castelmauro;1075;524;551;81;598;396;;;;
070016;Castropignano;839;408;431;60;495;284;;;;
070017;Cercemaggiore;3529;1792;1737;395;2201;933;;;;
070018;Cercepiccola;660;318;342;64;422;174;;;;
070019;Civitacampomarano;277;129;148;10;153;114;;;;
070020;Colle d'Anchise;709;352;357;66;460;183;;;;
070021;Colletorto;1618;806;812;136;935;547;;;;
070022;Duronia;378;205;173;12;207;159;;;;
070023;Ferrazzano;3390;1680;1710;384;2179;827;;;;
070024;Fossalto;1099;542;557;97;633;369;;;;
070025;Gambatesa;1233;608;625;97;728;408;;;;
070026;Gildone;707;350;357;59;418;230;;;;
070027;Guardialfiera;942;475;467;80;595;267;;;;
070028;Guardiaregia;659;348;311;56;407;196;;;;
070029;Guglionesi;4874;2491;2383;474;3101;1299;;;;
070030;Jelsi;1530;779;751;167;907;456;;;;
070031;Larino;6257;3148;3109;608;3923;1726;;;;
070032;Limosano;661;359;302;54;400;207;;;;
070033;Lucito;616;310;306;51;350;215;;;;
070034;Lupara;391;192;199;34;217;140;;;;
070035;Macchia Valfortore;439;222;217;38;223;178;;;;
070036;Mafalda;1074;539;535;104;635;335;;;;
070037;Matrice;1019;509;510;118;640;261;;;;
070038;Mirabello Sannitico;2034;1015;1019;264;1292;478;;;;
070039;Molise;144;81;63;13;87;44;;;;
070040;Monacilioni;439;207;232;44;247;148;;;;
070041;Montagano;951;476;475;67;560;324;;;;
070042;Montecilfone;1220;619;601;100;742;378;;;;
070043;Montefalcone nel Sannio;1313;670;643;102;799;412;;;;
070044;Montelongo;276;146;130;21;159;96;;;;
070045;Montemitro;282;136;146;8;168;106;;;;
070046;Montenero di Bisaccia;6186;3093;3093;680;3821;1685;;;;
070047;Montorio nei Frentani;342;168;174;20;197;125;;;;
070048;Morrone del Sannio;505;255;250;41;287;177;;;;
070049;Oratino;1678;871;807;190;1106;382;;;;
070050;Palata;1455;717;738;137;827;491;;;;
070051;Petacciato;3553;1793;1760;415;2242;896;;;;
070052;Petrella Tifernina;990;480;510;86;554;350;;;;
070053;Pietracatella;1192;603;589;130;711;351;;;;
070054;Pietracupa;181;94;87;20;97;64;;;;
070055;Portocannone;2323;1178;1145;274;1452;597;;;;
070056;Provvidenti;97;48;49;3;57;37;;;;
070057;Riccia;4646;2301;2345;469;2877;1300;;;;
070058;Ripabottoni;410;214;196;22;240;148;;;;
070059;Ripalimosani;2970;1554;1416;323;1924;723;;;;
070060;Roccavivara;567;272;295;42;322;203;;;;
070061;Rotello;1123;596;527;106;733;284;;;;
070062;Salcito;639;337;302;51;396;192;;;;
070063;San Biase;117;60;57;9;55;53;;;;
070064;San Felice del Molise;525;265;260;24;284;217;;;;
070065;San Giacomo degli Schiavoni;1375;681;694;163;927;285;;;;
070066;San Giovanni in Galdo;495;248;247;40;276;179;;;;
070067;San Giuliano del Sannio;956;501;455;87;590;279;;;;
070068;San Giuliano di Puglia;957;459;498;87;595;275;;;;
070069;San Martino in Pensilis;4365;2144;2221;477;2724;1164;;;;
070070;San Massimo;825;457;368;68;543;214;;;;
070071;San Polo Matese;487;260;227;59;305;123;;;;
070072;Santa Croce di Magliano;3820;1846;1974;341;2396;1083;;;;
070073;Sant'Angelo Limosano;298;149;149;18;180;100;;;;
070074;Sant'Elia a Pianisi;1480;717;763;124;883;473;;;;
070075;Sepino;1815;956;859;198;1119;498;;;;
070076;Spinete;1128;571;557;105;676;347;;;;
070077;Tavenna;545;254;291;33;296;216;;;;
070078;Termoli;31754;15342;16412;3469;20103;8182;;;;
070079;Torella del Sannio;676;343;333;60;410;206;;;;
070080;Toro;1209;604;605;91;722;396;;;;
070081;Trivento;4298;2143;2155;455;2620;1223;;;;
070082;Tufara;748;376;372;39;436;273;;;;
070083;Ururi;2321;1125;1196;267;1411;643;;;;
070084;Vinchiaturo;3298;1652;1646;427;2100;771;;;;
071001;Accadia;2204;1109;1095;249;1341;614;;;;
071002;Alberona;836;419;417;74;511;251;;;;
071003;Anzano di Puglia;1055;511;544;101;656;298;;;;
071004;Apricena;12486;6299;6187;1530;7989;2967;;;;
071005;Ascoli Satriano;5634;2874;2760;676;3560;1398;;;;
071006;Biccari;2579;1291;1288;276;1537;766;;;;
071007;Bovino;2862;1431;1431;249;1689;924;;;;
071008;Cagnano Varano;6525;3204;3321;778;3919;1828;;;;
071009;Candela;2696;1393;1303;263;1874;559;;;;
071010;Carapelle;6868;3405;3463;1154;4493;1221;;;;
071011;Carlantino;746;354;392;70;458;218;;;;
071012;Carpino;3698;1868;1830;398;2286;1014;;;;
071013;Casalnuovo Monterotaro;1402;704;698;127;835;440;;;;
071014;Casalvecchio di Puglia;1620;803;817;165;965;490;;;;
071015;Castelluccio dei Sauri;1958;1007;951;242;1265;451;;;;
071016;Castelluccio Valmaggiore;1177;574;603;133;739;305;;;;
071017;Castelnuovo della Daunia;1218;618;600;106;744;368;;;;
071018;Celenza Valfortore;1267;604;663;113;674;480;;;;
071019;Celle di San Vito;143;69;74;15;76;52;;;;
071020;Cerignola;56711;28250;28461;7873;38022;10816;;;;
071021;Chieuti;1467;731;736;150;887;430;;;;
071022;Deliceto;3424;1701;1723;392;2120;912;;;;
071023;Faeto;624;322;302;67;410;147;;;;
071024;Foggia;145078;72167;72911;16925;92113;36040;;;;
071025;Ischitella;4028;2018;2010;459;2412;1157;;;;
071026;Isole Tremiti;470;269;201;36;310;124;;;;
071027;Lesina;6255;3198;3057;638;4011;1606;;;;
071028;Lucera;30335;14882;15453;3461;19394;7480;;;;
071029;Manfredonia;53015;26367;26648;6062;33484;13469;;;;
071031;Mattinata;5840;2874;2966;710;3609;1521;;;;
071032;Monteleone di Puglia;914;482;432;77;611;226;;;;
071033;Monte Sant'Angelo;10891;5353;5538;1115;6664;3112;;;;
071034;Motta Montecorvino;583;280;303;42;340;201;;;;
071035;Orsara di Puglia;2469;1248;1221;270;1454;745;;;;
071036;Orta Nova;16576;8250;8326;2204;10917;3455;;;;
071037;Panni;673;318;355;57;393;223;;;;
071038;Peschici;4291;2143;2148;533;2797;961;;;;
071039;Pietramontecorvino;2367;1141;1226;261;1427;679;;;;
071040;Poggio Imperiale;2551;1343;1208;302;1537;712;;;;
071041;Rignano Garganico;1722;847;875;170;1021;531;;;;
071042;Rocchetta Sant'Antonio;1597;780;817;161;977;459;;;;
071043;Rodi Garganico;3306;1646;1660;334;2080;892;;;;
071044;Roseto Valfortore;982;478;504;103;580;299;;;;
071046;San Giovanni Rotondo;26129;13017;13112;3067;16942;6120;;;;
071047;San Marco in Lamis;12205;6065;6140;1423;7643;3139;;;;
071048;San Marco la Catola;810;395;415;68;483;259;;;;
071049;San Nicandro Garganico;13367;6409;6958;1486;7920;3961;;;;
071050;San Paolo di Civitate;5322;2659;2663;626;3445;1251;;;;
071051;San Severo;48807;24051;24756;5756;31470;11581;;;;
071052;Sant'Agata di Puglia;1737;865;872;190;1035;512;;;;
071053;Serracapriola;3528;1746;1782;399;2208;921;;;;
071054;Stornara;5778;2937;2841;901;3866;1011;;;;
071055;Stornarella;5402;2681;2721;864;3452;1086;;;;
071056;Torremaggiore;16283;8165;8118;2038;10648;3597;;;;
071058;Troia;6491;3141;3350;753;4056;1682;;;;
071059;Vico del Gargano;7152;3506;3646;806;4461;1885;;;;
071060;Vieste;13234;6510;6724;1615;8563;3056;;;;
071061;Volturara Appula;340;158;182;22;188;130;;;;
071062;Volturino;1499;728;771;170;897;432;;;;
071063;Ordona;3366;1707;1659;794;2000;572;;;;
071064;Zapponeta;3192;1641;1551;413;2143;636;;;;
072001;Acquaviva delle Fonti;19680;9574;10106;2274;12096;5310;;;;
072002;Adelfia;16371;8044;8327;1948;10526;3897;;;;
072003;Alberobello;10029;4895;5134;1071;6071;2887;;;;
072004;Altamura;70336;34574;35762;9973;46611;13752;;;;
072006;Bari;316248;152764;163484;34106;198076;84066;;;;
072008;Binetto;2184;1075;1109;310;1416;458;;;;
072010;Bitetto;11745;5733;6012;1546;7686;2513;;;;
072011;Bitonto;52868;26076;26792;6713;34158;11997;;;;
072012;Bitritto;11456;5583;5873;1543;7454;2459;;;;
072014;Capurso;15107;7340;7767;1839;9527;3741;;;;
072015;Casamassima;19093;9421;9672;2365;12459;4269;;;;
072016;Cassano delle Murge;15282;7626;7656;1862;9908;3512;;;;
072017;Castellana Grotte;19702;9619;10083;2325;12444;4933;;;;
072018;Cellamare;5761;2850;2911;834;3877;1050;;;;
072019;Conversano;25993;12769;13224;3118;16664;6211;;;;
072020;Corato;46845;22998;23847;5860;30582;10403;;;;
072021;Gioia del Colle;26433;13074;13359;2930;16315;7188;;;;
072022;Giovinazzo;19087;9225;9862;2113;11773;5201;;;;
072023;Gravina in Puglia;41990;20822;21168;5416;27729;8845;;;;
072024;Grumo Appula;11956;6079;5877;1401;7786;2769;;;;
072025;Locorotondo;13792;6714;7078;1603;8510;3679;;;;
072027;Modugno;35993;17562;18431;4310;22697;8986;;;;
072028;Mola di Bari;24095;11917;12178;2478;15023;6594;;;;
072029;Molfetta;57016;27659;29357;6658;34912;15446;;;;
072030;Monopoli;47657;23248;24409;5239;30052;12366;;;;
072031;Noci;18095;8792;9303;1843;11233;5019;;;;
072032;Noicattaro;25766;12785;12981;3334;16828;5604;;;;
072033;Palo del Colle;20253;9974;10279;2479;13298;4476;;;;
072034;Poggiorsini;1240;633;607;131;796;313;;;;
072035;Polignano a Mare;17271;8508;8763;1966;11036;4269;;;;
072036;Putignano;25696;12570;13126;2661;15917;7118;;;;
072037;Rutigliano;18254;8937;9317;2322;11677;4255;;;;
072038;Ruvo di Puglia;24092;11815;12277;2943;15223;5926;;;;
072039;Sammichele di Bari;5921;2895;3026;593;3539;1789;;;;
072040;Sannicandro di Bari;9608;4935;4673;1236;6198;2174;;;;
072041;Santeramo in Colle;25578;12634;12944;3157;16356;6065;;;;
072043;Terlizzi;25958;12909;13049;3177;16755;6026;;;;
072044;Toritto;7953;3901;4052;979;5040;1934;;;;
072046;Triggiano;25558;12289;13269;2901;16263;6394;;;;
072047;Turi;12972;6329;6643;1540;8223;3209;;;;
072048;Valenzano;17139;8298;8841;1872;10860;4407;;;;
073001;Avetrana;6109;2957;3152;591;3675;1843;;;;
073002;Carosino;6380;3134;3246;767;4133;1480;;;;
073003;Castellaneta;15798;7711;8087;1555;9884;4359;;;;
073004;Crispiano;12816;6311;6505;1572;8005;3239;;;;
073005;Faggiano;3366;1656;1710;402;2116;848;;;;
073006;Fragagnano;4889;2358;2531;538;2937;1414;;;;
073007;Ginosa;21721;11037;10684;2481;14046;5194;;;;
073008;Grottaglie;29976;14492;15484;3420;18924;7632;;;;
073009;Laterza;14584;7183;7401;1860;9162;3562;;;;
073010;Leporano;8202;4158;4044;998;5358;1846;;;;
073011;Lizzano;9444;4625;4819;1037;5932;2475;;;;
073012;Manduria;29528;14388;15140;3157;18216;8155;;;;
073013;Martina Franca;46753;22581;24172;5094;29321;12338;;;;
073014;Maruggio;5138;2566;2572;487;3098;1553;;;;
073015;Massafra;31766;15862;15904;3768;20654;7344;;;;
073016;Monteiasi;5190;2498;2692;590;3303;1297;;;;
073017;Montemesola;3467;1681;1786;367;2042;1058;;;;
073018;Monteparano;2239;1083;1156;254;1364;621;;;;
073019;Mottola;15103;7345;7758;1642;9395;4066;;;;
073020;Palagianello;7429;3623;3806;885;4752;1792;;;;
073021;Palagiano;15712;7966;7746;1896;10167;3649;;;;
073022;Pulsano;11162;5544;5618;1286;7003;2873;;;;
073023;Roccaforzata;1729;841;888;209;1072;448;;;;
073024;San Giorgio Ionico;13850;6656;7194;1557;8716;3577;;;;
073025;San Marzano di San Giuseppe;8796;4383;4413;1088;5776;1932;;;;
073026;Sava;15033;7334;7699;1696;9181;4156;;;;
073027;Taranto;185112;89179;95933;20461;114292;50359;;;;
073028;Torricella;4096;2030;2066;388;2560;1148;;;;
073029;Statte;12540;6070;6470;1480;7755;3305;;;;
074001;Brindisi;81181;39099;42082;9175;50597;21409;;;;
074002;Carovigno;17093;8717;8376;2063;11130;3900;;;;
074003;Ceglie Messapica;18363;8809;9554;1894;11468;5001;;;;
074004;Cellino San Marco;5889;2789;3100;603;3573;1713;;;;
074005;Cisternino;10954;5258;5696;1121;6586;3247;;;;
074006;Erchie;8041;3925;4116;923;5149;1969;;;;
074007;Fasano;38747;19017;19730;4406;25000;9341;;;;
074008;Francavilla Fontana;34352;16637;17715;4070;21986;8296;;;;
074009;Latiano;13222;6420;6802;1382;8374;3466;;;;
074010;Mesagne;25738;12387;13351;2723;16011;7004;;;;
074011;Oria;14364;6924;7440;1581;9166;3617;;;;
074012;Ostuni;29803;14376;15427;2948;18447;8408;;;;
074013;San Donaci;6050;2939;3111;690;3659;1701;;;;
074014;San Michele Salentino;6006;2945;3061;689;3810;1507;;;;
074015;San Pancrazio Salentino;8958;4332;4626;882;5438;2638;;;;
074016;San Pietro Vernotico;12807;6198;6609;1330;7880;3597;;;;
074017;San Vito dei Normanni;17793;8639;9154;1786;10919;5088;;;;
074018;Torchiarolo;5286;2639;2647;588;3279;1419;;;;
074019;Torre Santa Susanna;10045;4942;5103;1138;6399;2508;;;;
074020;Villa Castelli;8939;4496;4443;1122;5733;2084;;;;
075002;Alessano;5982;2919;3063;608;3754;1620;;;;
075003;Alezio;5644;2684;2960;699;3519;1426;;;;
075004;Alliste;6344;3055;3289;696;4052;1596;;;;
075005;Andrano;4406;2135;2271;430;2618;1358;;;;
075006;Aradeo;8798;4237;4561;986;5438;2374;;;;
075007;Arnesano;3903;1982;1921;445;2576;882;;;;
075008;Bagnolo del Salento;1698;844;854;172;1053;473;;;;
075009;Botrugno;2570;1235;1335;279;1508;783;;;;
075010;Calimera;6633;3155;3478;682;4021;1930;;;;
075011;Campi Salentina;9615;4625;4990;982;5902;2731;;;;
075012;Cannole;1568;791;777;127;970;471;;;;
075013;Caprarica di Lecce;2243;1066;1177;239;1316;688;;;;
075014;Carmiano;11646;5762;5884;1252;7340;3054;;;;
075015;Carpignano Salentino;3615;1796;1819;373;2125;1117;;;;
075016;Casarano;18940;9048;9892;2156;12010;4774;;;;
075017;Castri di Lecce;2694;1313;1381;290;1677;727;;;;
075018;Castrignano de' Greci;3632;1784;1848;345;2199;1088;;;;
075019;Castrignano del Capo;5055;2454;2601;468;3047;1540;;;;
075020;Cavallino;12993;6322;6671;1612;8488;2893;;;;
075021;Collepasso;5452;2656;2796;511;3193;1748;;;;
075022;Copertino;22698;11111;11587;2733;14025;5940;;;;
075023;Corigliano d'Otranto;5519;2642;2877;580;3337;1602;;;;
075024;Corsano;5049;2493;2556;596;3139;1314;;;;
075025;Cursi;3769;1876;1893;391;2333;1045;;;;
075026;Cutrofiano;8638;4161;4477;993;5234;2411;;;;
075027;Diso;2792;1322;1470;231;1606;955;;;;
075028;Gagliano del Capo;4779;2324;2455;485;2918;1376;;;;
075029;Galatina;25173;12117;13056;2638;15484;7051;;;;
075030;Galatone;14855;7182;7673;1768;9174;3913;;;;
075031;Gallipoli;18826;9154;9672;1951;11622;5253;;;;
075032;Giuggianello;1118;545;573;109;665;344;;;;
075033;Giurdignano;1936;970;966;218;1184;534;;;;
075034;Guagnano;5279;2517;2762;535;3035;1709;;;;
075035;Lecce;94387;45124;49263;10206;59361;24820;;;;
075036;Lequile;8600;4187;4413;1102;5482;2016;;;;
075037;Leverano;13334;6481;6853;1579;8322;3433;;;;
075038;Lizzanello;12029;5965;6064;1447;8031;2551;;;;
075039;Maglie;13061;6168;6893;1267;7857;3937;;;;
075040;Martano;8397;4028;4369;895;5071;2431;;;;
075041;Martignano;1525;748;777;174;932;419;;;;
075042;Matino;10754;5231;5523;1222;6628;2904;;;;
075043;Melendugno;10093;4986;5107;1013;6389;2691;;;;
075044;Melissano;6537;3163;3374;707;4021;1809;;;;
075045;Melpignano;2154;1079;1075;213;1334;607;;;;
075046;Miggiano;3222;1505;1717;312;1984;926;;;;
075047;Minervino di Lecce;3392;1600;1792;321;1984;1087;;;;
075048;Monteroni di Lecce;13147;6402;6745;1426;8385;3336;;;;
075049;Montesano Salentino;2590;1257;1333;320;1627;643;;;;
075050;Morciano di Leuca;3030;1419;1611;266;1772;992;;;;
075051;Muro Leccese;4574;2211;2363;469;2789;1316;;;;
075052;Nardò;30784;14714;16070;3315;19445;8024;;;;
075053;Neviano;4755;2302;2453;451;2850;1454;;;;
075054;Nociglia;2093;980;1113;197;1275;621;;;;
075055;Novoli;7426;3601;3825;719;4561;2146;;;;
075056;Ortelle;2194;1054;1140;194;1314;686;;;;
075057;Otranto;5587;2681;2906;557;3486;1544;;;;
075058;Palmariggi;1346;657;689;115;819;412;;;;
075059;Parabita;8686;4137;4549;933;5349;2404;;;;
075060;Patù;1644;811;833;162;1016;466;;;;
075061;Poggiardo;5745;2760;2985;651;3480;1614;;;;
075063;Racale;10670;5171;5499;1232;6805;2633;;;;
075064;Ruffano;9217;4437;4780;1056;5815;2346;;;;
075065;Salice Salentino;7549;3654;3895;745;4558;2246;;;;
075066;Salve;4580;2192;2388;466;2682;1432;;;;
075067;Sanarica;1475;713;762;179;881;415;;;;
075068;San Cesario di Lecce;7787;3709;4078;896;4982;1909;;;;
075069;San Donato di Lecce;5350;2518;2832;542;3315;1493;;;;
075070;Sannicola;5540;2652;2888;567;3371;1602;;;;
075071;San Pietro in Lama;3344;1596;1748;411;1996;937;;;;
075072;Santa Cesarea Terme;2764;1298;1466;256;1639;869;;;;
075073;Scorrano;6542;3174;3368;730;4086;1726;;;;
075074;Seclì;1784;852;932;163;1143;478;;;;
075075;Sogliano Cavour;3810;1895;1915;429;2304;1077;;;;
075076;Soleto;5086;2455;2631;515;3145;1426;;;;
075077;Specchia;4453;2151;2302;492;2668;1293;;;;
075078;Spongano;3399;1639;1760;335;2078;986;;;;
075079;Squinzano;13235;6396;6839;1341;7993;3901;;;;
075080;Sternatia;2072;970;1102;213;1151;708;;;;
075081;Supersano;4036;2020;2016;456;2510;1070;;;;
075082;Surano;1474;715;759;140;906;428;;;;
075083;Surbo;14481;7046;7435;1763;9646;3072;;;;
075084;Taurisano;11059;5342;5717;1368;7123;2568;;;;
075085;Taviano;11363;5441;5922;1263;7073;3027;;;;
075086;Tiggiano;2825;1431;1394;364;1806;655;;;;
075087;Trepuzzi;13764;6603;7161;1471;8521;3772;;;;
075088;Tricase;16938;8205;8733;1950;10663;4325;;;;
075089;Tuglie;5018;2457;2561;586;3053;1379;;;;
075090;Ugento;11923;5780;6143;1265;7459;3199;;;;
075091;Uggiano la Chiesa;4322;2070;2252;489;2613;1220;;;;
075092;Veglie;13053;6319;6734;1438;8183;3432;;;;
075093;Vernole;6522;3110;3412;637;3852;2033;;;;
075094;Zollino;1810;869;941;166;1082;562;;;;
075095;San Cassiano;1936;981;955;225;1122;589;;;;
075096;Castro;2274;1110;1164;158;1373;743;;;;
075097;Porto Cesareo;6484;3261;3223;789;4200;1495;;;;
075098;Presicce-Acquarica;9040;4359;4681;902;5404;2734;;;;
076001;Abriola;1195;579;616;95;742;358;;;;
076002;Acerenza;2007;1008;999;173;1263;571;;;;
076003;Albano di Lucania;1275;654;621;140;796;339;;;;
076004;Anzi;1445;701;744;121;937;387;;;;
076005;Armento;535;264;271;38;348;149;;;;
076006;Atella;3574;1788;1786;385;2335;854;;;;
076007;Avigliano;10318;5069;5249;1034;6647;2637;;;;
076008;Balvano;1650;859;791;198;992;460;;;;
076009;Banzi;1131;571;560;89;704;338;;;;
076010;Baragiano;2477;1237;1240;303;1523;651;;;;
076011;Barile;2491;1228;1263;267;1608;616;;;;
076012;Bella;4530;2267;2263;514;2807;1209;;;;
076013;Brienza;3844;1960;1884;397;2475;972;;;;
076014;Brindisi Montagna;757;393;364;50;522;185;;;;
076015;Calvello;1709;815;894;170;1045;494;;;;
076016;Calvera;347;179;168;21;190;136;;;;
076017;Campomaggiore;689;338;351;68;400;221;;;;
076018;Cancellara;1088;536;552;72;654;362;;;;
076019;Carbone;475;238;237;11;263;201;;;;
076020;San Paolo Albanese;197;90;107;10;100;87;;;;
076021;Castelgrande;783;410;373;53;435;295;;;;
076022;Castelluccio Inferiore;1854;918;936;182;1105;567;;;;
076023;Castelluccio Superiore;703;361;342;81;395;227;;;;
076024;Castelmezzano;684;333;351;56;393;235;;;;
076025;Castelsaraceno;1112;536;576;84;664;364;;;;
076026;Castronuovo di Sant'Andrea;833;393;440;49;457;327;;;;
076027;Cersosimo;496;249;247;32;284;180;;;;
076028;Chiaromonte;1685;824;861;161;1004;520;;;;
076029;Corleto Perticara;2303;1169;1134;225;1451;627;;;;
076030;Episcopia;1188;579;609;125;698;365;;;;
076031;Fardella;568;291;277;50;325;193;;;;
076032;Filiano;2609;1311;1298;241;1635;733;;;;
076033;Forenza;1726;885;841;153;1034;539;;;;
076034;Francavilla in Sinni;3823;1901;1922;442;2390;991;;;;
076035;Gallicchio;747;392;355;71;463;213;;;;
076036;Genzano di Lucania;5036;2498;2538;502;3075;1459;;;;
076037;Grumento Nova;1514;757;757;158;912;444;;;;
076038;Guardia Perticara;502;250;252;28;338;136;;;;
076039;Lagonegro;4905;2381;2524;510;2999;1396;;;;
076040;Latronico;3950;1993;1957;319;2311;1320;;;;
076041;Laurenzana;1528;750;778;120;924;484;;;;
076042;Lauria;11651;5634;6017;1144;7267;3240;;;;
076043;Lavello;12820;6618;6202;1426;8441;2953;;;;
076044;Maratea;4514;2218;2296;412;2721;1381;;;;
076045;Marsico Nuovo;3680;1795;1885;363;2183;1134;;;;
076046;Marsicovetere;5680;2806;2874;791;3703;1186;;;;
076047;Maschito;1398;705;693;141;846;411;;;;
076048;Melfi;16804;8327;8477;2167;11000;3637;;;;
076049;Missanello;464;225;239;50;306;108;;;;
076050;Moliterno;3487;1661;1826;337;2001;1149;;;;
076051;Montemilone;1371;701;670;110;872;389;;;;
076052;Montemurro;1021;506;515;97;600;324;;;;
076053;Muro Lucano;4828;2461;2367;447;2921;1460;;;;
076054;Nemoli;1367;661;706;146;803;418;;;;
076055;Noepoli;717;341;376;59;395;263;;;;
076056;Oppido Lucano;3468;1727;1741;348;2166;954;;;;
076057;Palazzo San Gervasio;4249;2160;2089;399;2783;1067;;;;
076058;Pescopagano;1597;796;801;130;941;526;;;;
076059;Picerno;5581;2791;2790;634;3430;1517;;;;
076060;Pietragalla;3742;1883;1859;401;2323;1018;;;;
076061;Pietrapertosa;848;418;430;74;521;253;;;;
076062;Pignola;6755;3352;3403;842;4475;1438;;;;
076063;Potenza;63403;30604;32799;6669;39673;17061;;;;
076064;Rapolla;4080;2070;2010;532;2665;883;;;;
076065;Rapone;827;403;424;49;515;263;;;;
076066;Rionero in Vulture;12325;6145;6180;1356;7956;3013;;;;
076067;Ripacandida;1528;786;742;152;975;401;;;;
076068;Rivello;2417;1191;1226;232;1506;679;;;;
076069;Roccanova;1235;600;635;87;746;402;;;;
076070;Rotonda;3100;1542;1558;298;1892;910;;;;
076071;Ruoti;3164;1588;1576;377;1955;832;;;;
076072;Ruvo del Monte;935;466;469;80;561;294;;;;
076073;San Chirico Nuovo;1076;548;528;72;647;357;;;;
076074;San Chirico Raparo;865;450;415;56;511;298;;;;
076075;San Costantino Albanese;569;275;294;29;332;208;;;;
076076;San Fele;2493;1250;1243;174;1484;835;;;;
076077;San Martino d'Agri;615;318;297;40;364;211;;;;
076078;San Severino Lucano;1313;658;655;90;783;440;;;;
076079;Sant'Angelo Le Fratte;1293;651;642;131;839;323;;;;
076080;Sant'Arcangelo;5922;2989;2933;658;3726;1538;;;;
076081;Sarconi;1421;738;683;155;904;362;;;;
076082;Sasso di Castalda;721;372;349;78;412;231;;;;
076083;Satriano di Lucania;2245;1174;1071;255;1464;526;;;;
076084;Savoia di Lucania;959;499;460;83;590;286;;;;
076085;Senise;6360;3198;3162;671;4035;1654;;;;
076086;Spinoso;1259;635;624;87;803;369;;;;
076087;Teana;499;237;262;38;284;177;;;;
076088;Terranova di Pollino;951;461;490;58;538;355;;;;
076089;Tito;7002;3470;3532;966;4571;1465;;;;
076090;Tolve;2843;1431;1412;274;1794;775;;;;
076091;Tramutola;2812;1383;1429;283;1757;772;;;;
076092;Trecchina;2054;968;1086;170;1244;640;;;;
076093;Trivigno;593;282;311;46;380;167;;;;
076094;Vaglio Basilicata;1754;845;909;164;1050;540;;;;
076095;Venosa;10560;5274;5286;980;6841;2739;;;;
076096;Vietri di Potenza;2614;1289;1325;273;1624;717;;;;
076097;Viggianello;2577;1293;1284;201;1509;867;;;;
076098;Viggiano;3212;1635;1577;486;2043;683;;;;
076099;Ginestra;655;330;325;61;416;178;;;;
076100;Paterno;2951;1439;1512;297;1815;839;;;;
077001;Accettura;1575;773;802;166;962;447;;;;
077002;Aliano;804;401;403;72;467;265;;;;
077003;Bernalda;11922;6087;5835;1336;7602;2984;;;;
077004;Calciano;616;312;304;56;352;208;;;;
077005;Cirigliano;279;129;150;20;152;107;;;;
077006;Colobraro;1014;518;496;67;605;342;;;;
077007;Craco;570;284;286;52;356;162;;;;
077008;Ferrandina;7813;3899;3914;767;4902;2144;;;;
077009;Garaguso;887;440;447;80;587;220;;;;
077010;Gorgoglione;828;427;401;88;498;242;;;;
077011;Grassano;4530;2258;2272;464;2757;1309;;;;
077012;Grottole;1935;969;966;176;1210;549;;;;
077013;Irsina;4292;2253;2039;363;2703;1226;;;;
077014;Matera;59368;29182;30186;6742;37882;14744;;;;
077015;Miglionico;2336;1236;1100;209;1484;643;;;;
077016;Montalbano Jonico;6461;3151;3310;751;3930;1780;;;;
077017;Montescaglioso;9197;4579;4618;1133;5735;2329;;;;
077018;Nova Siri;6848;3467;3381;850;4395;1603;;;;
077019;Oliveto Lucano;328;161;167;20;158;150;;;;
077020;Pisticci;16494;8319;8175;1767;10491;4236;;;;
077021;Policoro;17727;8720;9007;2301;11593;3833;;;;
077022;Pomarico;3657;1807;1850;373;2213;1071;;;;
077023;Rotondella;2309;1101;1208;258;1402;649;;;;
077024;Salandra;2391;1181;1210;225;1473;693;;;;
077025;San Giorgio Lucano;986;504;482;79;555;352;;;;
077026;San Mauro Forte;1168;604;564;109;688;371;;;;
077027;Stigliano;3369;1610;1759;215;1884;1270;;;;
077028;Tricarico;4629;2295;2334;400;2796;1433;;;;
077029;Tursi;4659;2333;2326;514;2878;1267;;;;
077030;Valsinni;1287;636;651;112;788;387;;;;
077031;Scanzano Jonico;7475;3760;3715;1016;4829;1630;;;;
078001;Acquaformosa;930;480;450;79;558;293;;;;
078002;Acquappesa;1754;854;900;194;1037;523;;;;
078003;Acri;18059;8775;9284;1875;10911;5273;;;;
078004;Aiello Calabro;1324;662;662;94;797;433;;;;
078005;Aieta;703;350;353;74;431;198;;;;
078006;Albidona;1047;526;521;81;593;373;;;;
078007;Alessandria del Carretto;337;185;152;18;167;152;;;;
078008;Altilia;669;367;302;71;442;156;;;;
078009;Altomonte;3943;1916;2027;464;2422;1057;;;;
078010;Amantea;13859;6858;7001;1622;8886;3351;;;;
078011;Amendolara;2590;1287;1303;265;1525;800;;;;
078012;Aprigliano;2307;1133;1174;222;1429;656;;;;
078013;Belmonte Calabro;1664;802;862;184;949;531;;;;
078014;Belsito;892;461;431;97;574;221;;;;
078015;Belvedere Marittimo;8927;4282;4645;944;5483;2500;;;;
078016;Bianchi;1141;590;551;82;685;374;;;;
078017;Bisignano;9428;4724;4704;1195;5968;2265;;;;
078018;Bocchigliero;1038;502;536;83;565;390;;;;
078019;Bonifati;2504;1207;1297;226;1454;824;;;;
078020;Buonvicino;1971;937;1034;186;1188;597;;;;
078021;Calopezzati;1224;609;615;108;718;398;;;;
078022;Caloveto;1046;505;541;119;613;314;;;;
078023;Campana;1337;663;674;122;694;521;;;;
078024;Canna;577;286;291;50;336;191;;;;
078025;Cariati;7582;3699;3883;1006;4625;1951;;;;
078026;Carolei;3027;1526;1501;313;1940;774;;;;
078027;Carpanzano;185;87;98;10;93;82;;;;
078029;Cassano all'Ionio;16337;8267;8070;1994;10683;3660;;;;
078030;Castiglione Cosentino;2731;1445;1286;356;1765;610;;;;
078031;Castrolibero;9074;4339;4735;1045;5587;2442;;;;
078032;Castroregio;208;125;83;9;117;82;;;;
078033;Castrovillari;20431;9853;10578;2295;12657;5479;;;;
078034;Celico;2421;1230;1191;249;1578;594;;;;
078035;Cellara;473;243;230;48;287;138;;;;
078036;Cerchiara di Calabria;2074;1046;1028;243;1219;612;;;;
078037;Cerisano;2909;1444;1465;325;1851;733;;;;
078038;Cervicati;767;388;379;81;456;230;;;;
078039;Cerzeto;1208;609;599;144;731;333;;;;
078040;Cetraro;9159;4498;4661;1025;5528;2606;;;;
078041;Civita;773;366;407;86;428;259;;;;
078042;Cleto;1270;668;602;127;829;314;;;;
078043;Colosimi;1077;528;549;100;667;310;;;;
078045;Cosenza;63449;29989;33460;7363;39559;16527;;;;
078046;Cropalati;947;473;474;102;577;268;;;;
078047;Crosia;9616;4787;4829;1337;6292;1987;;;;
078048;Diamante;4947;2397;2550;487;3018;1442;;;;
078049;Dipignano;4054;1977;2077;426;2568;1060;;;;
078050;Domanico;915;447;468;108;553;254;;;;
078051;Fagnano Castello;3257;1583;1674;320;1943;994;;;;
078052;Falconara Albanese;1507;738;769;190;926;391;;;;
078053;Figline Vegliaturo;1088;528;560;151;682;255;;;;
078054;Firmo;1758;871;887;163;1071;524;;;;
078055;Fiumefreddo Bruzio;3979;1992;1987;370;2756;853;;;;
078056;Francavilla Marittima;2708;1338;1370;349;1646;713;;;;
078057;Frascineto;1812;866;946;180;1052;580;;;;
078058;Fuscaldo;7923;4062;3861;993;4894;2036;;;;
078059;Grimaldi;1489;762;727;148;936;405;;;;
078060;Grisolia;2161;1066;1095;237;1343;581;;;;
078061;Guardia Piemontese;1767;866;901;166;1160;441;;;;
078062;Lago;2362;1177;1185;196;1464;702;;;;
078063;Laino Borgo;1578;772;806;140;942;496;;;;
078064;Laino Castello;749;351;398;84;465;200;;;;
078065;Lappano;849;443;406;82;544;223;;;;
078066;Lattarico;3671;1810;1861;463;2305;903;;;;
078067;Longobardi;3218;1709;1509;252;2351;615;;;;
078068;Longobucco;2435;1195;1240;228;1376;831;;;;
078069;Lungro;2046;1023;1023;171;1174;701;;;;
078070;Luzzi;8680;4277;4403;1085;5501;2094;;;;
078071;Maierà;1107;565;542;113;676;318;;;;
078072;Malito;681;336;345;59;421;201;;;;
078073;Malvito;1567;788;779;141;1015;411;;;;
078074;Mandatoriccio;2392;1221;1171;258;1470;664;;;;
078075;Mangone;1895;954;941;269;1198;428;;;;
078076;Marano Marchesato;3329;1603;1726;473;2194;662;;;;
078077;Marano Principato;2995;1466;1529;415;1970;610;;;;
078078;Marzi;939;480;459;115;581;243;;;;
078079;Mendicino;8892;4446;4446;1130;5724;2038;;;;
078080;Mongrassano;1446;715;731;162;844;440;;;;
078081;Montalto Uffugo;19909;9708;10201;3280;12998;3631;;;;
078082;Montegiordano;1498;718;780;109;819;570;;;;
078083;Morano Calabro;3748;1831;1917;347;2167;1234;;;;
078084;Mormanno;2475;1218;1257;206;1428;841;;;;
078085;Mottafollone;1013;504;509;84;612;317;;;;
078086;Nocara;284;144;140;20;165;99;;;;
078087;Oriolo;1762;825;937;128;964;670;;;;
078088;Orsomarso;1056;537;519;94;609;353;;;;
078089;Paludi;936;479;457;92;537;307;;;;
078090;Panettieri;304;149;155;31;174;99;;;;
078091;Paola;15090;7306;7784;1638;9528;3924;;;;
078092;Papasidero;572;292;280;34;333;205;;;;
078093;Parenti;1925;965;960;193;1215;517;;;;
078094;Paterno Calabro;1319;672;647;167;839;313;;;;
078096;Pedivigliano;729;354;375;58;451;220;;;;
078097;Piane Crati;1278;630;648;142;791;345;;;;
078098;Pietrafitta;1118;546;572;100;727;291;;;;
078099;Pietrapaola;998;474;524;111;626;261;;;;
078100;Plataci;626;314;312;52;367;207;;;;
078101;Praia a Mare;6268;2975;3293;634;3970;1664;;;;
078102;Rende;36893;18193;18700;4627;23950;8316;;;;
078103;Rocca Imperiale;3116;1530;1586;340;1885;891;;;;
078104;Roggiano Gravina;6708;3296;3412;818;4239;1651;;;;
078105;Rogliano;5150;2600;2550;522;3222;1406;;;;
078106;Rose;4109;2041;2068;546;2623;940;;;;
078107;Roseto Capo Spulico;1865;928;937;189;1155;521;;;;
078109;Rota Greca;891;448;443;87;523;281;;;;
078110;Rovito;2901;1463;1438;351;1868;682;;;;
078111;San Basile;882;409;473;67;461;354;;;;
078112;San Benedetto Ullano;1373;692;681;168;819;386;;;;
078113;San Cosmo Albanese;540;246;294;74;329;137;;;;
078114;San Demetrio Corone;2955;1419;1536;298;1775;882;;;;
078115;San Donato di Ninea;1030;497;533;74;565;391;;;;
078116;San Fili;2406;1218;1188;244;1545;617;;;;
078117;Sangineto;1202;613;589;99;719;384;;;;
078118;San Giorgio Albanese;1256;613;643;130;761;365;;;;
078119;San Giovanni in Fiore;15328;7460;7868;1697;9458;4173;;;;
078120;San Lorenzo Bellizzi;501;251;250;35;286;180;;;;
078121;San Lorenzo del Vallo;3057;1532;1525;403;1954;700;;;;
078122;San Lucido;7775;3935;3840;849;5331;1595;;;;
078123;San Marco Argentano;6769;3395;3374;808;4268;1693;;;;
078124;San Martino di Finita;917;458;459;81;576;260;;;;
078125;San Nicola Arcella;2018;1002;1016;222;1372;424;;;;
078126;San Pietro in Amantea;446;236;210;23;269;154;;;;
078127;San Pietro in Guarano;3298;1639;1659;361;2015;922;;;;
078128;San Sosti;1839;957;882;202;1088;549;;;;
078129;Santa Caterina Albanese;1052;532;520;109;625;318;;;;
078130;Santa Domenica Talao;1127;556;571;119;664;344;;;;
078131;Sant'Agata di Esaro;1703;871;832;191;1027;485;;;;
078132;Santa Maria del Cedro;5179;2562;2617;579;3300;1300;;;;
078133;Santa Sofia d'Epiro;2081;1010;1071;194;1292;595;;;;
078134;Santo Stefano di Rogliano;1736;862;874;247;1113;376;;;;
078135;San Vincenzo La Costa;1930;947;983;212;1236;482;;;;
078136;Saracena;3234;1620;1614;308;1863;1063;;;;
078137;Scala Coeli;734;356;378;50;390;294;;;;
078138;Scalea;11792;5891;5901;1439;7560;2793;;;;
078139;Scigliano;1095;539;556;101;633;361;;;;
078140;Serra d'Aiello;521;285;236;54;353;114;;;;
078142;Spezzano Albanese;6388;3170;3218;784;4001;1603;;;;
078143;Spezzano della Sila;4304;2237;2067;419;2810;1075;;;;
078145;Tarsia;1818;928;890;208;1149;461;;;;
078146;Terranova da Sibari;4441;2222;2219;539;2720;1182;;;;
078147;Terravecchia;553;265;288;35;304;214;;;;
078148;Torano Castello;4255;2134;2121;503;2641;1111;;;;
078149;Tortora;5919;2864;3055;657;3779;1483;;;;
078150;Trebisacce;8582;4119;4463;1036;5134;2412;;;;
078152;Vaccarizzo Albanese;1010;493;517;111;605;294;;;;
078153;Verbicaro;2489;1237;1252;238;1448;803;;;;
078154;Villapiana;5612;2761;2851;676;3513;1423;;;;
078155;Zumpano;2589;1266;1323;391;1753;445;;;;
078156;Casali del Manco;9269;4605;4664;1040;5808;2421;;;;
078157;Corigliano-Rossano;74403;37071;37332;10175;48919;15309;;;;
079002;Albi;739;374;365;50;455;234;;;;
079003;Amaroni;1595;779;816;171;923;501;;;;
079004;Amato;769;371;398;108;481;180;;;;
079005;Andali;581;286;295;43;336;202;;;;
079007;Argusto;400;190;210;25;244;131;;;;
079008;Badolato;2829;1360;1469;353;1634;842;;;;
079009;Belcastro;1211;622;589;131;783;297;;;;
079011;Borgia;7185;3517;3668;855;4559;1771;;;;
079012;Botricello;5022;2464;2558;726;3181;1115;;;;
079017;Caraffa di Catanzaro;1682;855;827;185;1055;442;;;;
079018;Cardinale;1713;804;909;148;994;571;;;;
079020;Carlopoli;1303;664;639;136;773;394;;;;
079023;Catanzaro;82708;39494;43214;9629;51140;21939;;;;
079024;Cenadi;502;243;259;62;293;147;;;;
079025;Centrache;353;180;173;43;199;111;;;;
079027;Cerva;1011;466;545;102;631;278;;;;
079029;Chiaravalle Centrale;5072;2425;2647;566;2887;1619;;;;
079030;Cicala;832;419;413;87;484;261;;;;
079033;Conflenti;1317;667;650;127;790;400;;;;
079034;Cortale;1802;850;952;168;1022;612;;;;
079036;Cropani;4912;2412;2500;716;3132;1064;;;;
079039;Curinga;6358;3173;3185;763;4072;1523;;;;
079042;Davoli;5679;2830;2849;673;3589;1417;;;;
079043;Decollatura;2817;1415;1402;311;1686;820;;;;
079047;Falerna;4013;2127;1886;498;2611;904;;;;
079048;Feroleto Antico;1931;944;987;266;1154;511;;;;
079052;Fossato Serralta;527;263;264;62;341;124;;;;
079055;Gagliato;411;192;219;37;236;138;;;;
079056;Gasperina;1860;936;924;172;1101;587;;;;
079058;Gimigliano;2895;1435;1460;292;1749;854;;;;
079059;Girifalco;5401;2630;2771;617;3219;1565;;;;
079060;Gizzeria;5389;2844;2545;806;3523;1060;;;;
079061;Guardavalle;4004;1938;2066;474;2450;1080;;;;
079063;Isca sullo Ionio;1480;748;732;205;901;374;;;;
079065;Jacurso;512;232;280;42;297;173;;;;
079068;Magisano;1042;513;529;116;634;292;;;;
079069;Maida;4465;2197;2268;584;2801;1080;;;;
079071;Marcedusa;354;182;172;44;199;111;;;;
079072;Marcellinara;2148;1043;1105;323;1308;517;;;;
079073;Martirano;784;395;389;80;466;238;;;;
079074;Martirano Lombardo;923;458;465;53;549;321;;;;
079077;Miglierina;671;310;361;96;395;180;;;;
079080;Montauro;1930;932;998;205;1240;485;;;;
079081;Montepaone;5890;2927;2963;782;3805;1303;;;;
079083;Motta Santa Lucia;818;418;400;64;546;208;;;;
079087;Nocera Terinese;4773;2436;2337;606;3043;1124;;;;
079088;Olivadi;481;236;245;32;280;169;;;;
079089;Palermiti;1036;513;523;100;561;375;;;;
079092;Pentone;1791;872;919;167;1107;517;;;;
079094;Petrizzi;988;498;490;84;585;319;;;;
079095;Petronà;2313;1135;1178;291;1364;658;;;;
079096;Pianopoli;2572;1296;1276;349;1679;544;;;;
079099;Platania;1965;1017;948;200;1223;542;;;;
079108;San Floro;691;345;346;94;440;157;;;;
079110;San Mango d'Aquino;1384;666;718;150;843;391;;;;
079114;San Pietro a Maida;3810;1893;1917;491;2267;1052;;;;
079115;San Pietro Apostolo;1533;784;749;167;963;403;;;;
079116;San Sostene;1407;717;690;198;872;337;;;;
079117;Santa Caterina dello Ionio;1918;953;965;191;1202;525;;;;
079118;Sant'Andrea Apostolo dello Ionio;1691;863;828;150;996;545;;;;
079122;San Vito sullo Ionio;1536;741;795;173;883;480;;;;
079123;Satriano;3371;1649;1722;372;2174;825;;;;
079126;Sellia;452;216;236;60;266;126;;;;
079127;Sellia Marina;7798;3985;3813;1035;5110;1653;;;;
079129;Serrastretta;2878;1429;1449;384;1646;848;;;;
079130;Sersale;4087;1996;2091;474;2522;1091;;;;
079131;Settingiano;3292;1686;1606;490;2114;688;;;;
079133;Simeri Crichi;4689;2309;2380;616;3066;1007;;;;
079134;Sorbo San Basile;708;352;356;72;464;172;;;;
079137;Soverato;8409;3929;4480;748;4967;2694;;;;
079138;Soveria Mannelli;2733;1314;1419;295;1628;810;;;;
079139;Soveria Simeri;1413;686;727;158;831;424;;;;
079142;Squillace;3600;1803;1797;448;2338;814;;;;
079143;Stalettì;2394;1228;1166;233;1495;666;;;;
079146;Taverna;2465;1246;1219;239;1588;638;;;;
079147;Tiriolo;3461;1724;1737;387;2124;950;;;;
079148;Torre di Ruggiero;933;437;496;101;535;297;;;;
079151;Vallefiorita;1430;670;760;155;833;442;;;;
079157;Zagarise;1313;641;672;119;781;413;;;;
079160;Lamezia Terme;67005;33242;33763;8595;43022;15388;;;;
080001;Africo;2670;1338;1332;453;1575;642;;;;
080002;Agnana Calabra;446;230;216;40;273;133;;;;
080003;Anoia;1995;948;1047;245;1261;489;;;;
080004;Antonimina;1152;583;569;134;731;287;;;;
080005;Ardore;4906;2435;2471;705;3051;1150;;;;
080006;Bagaladi;916;442;474;126;524;266;;;;
080007;Bagnara Calabra;9102;4527;4575;1191;5558;2353;;;;
080008;Benestare;2489;1252;1237;416;1527;546;;;;
080009;Bianco;4298;2128;2170;591;2642;1065;;;;
080010;Bivongi;1131;547;584;119;670;342;;;;
080011;Bova;460;247;213;38;322;100;;;;
080012;Bovalino;8743;4245;4498;1434;5371;1938;;;;
080013;Bova Marina;3925;1966;1959;445;2486;994;;;;
080014;Brancaleone;3124;1543;1581;370;1798;956;;;;
080015;Bruzzano Zeffirio;1010;493;517;128;528;354;;;;
080016;Calanna;735;356;379;80;413;242;;;;
080017;Camini;793;386;407;135;485;173;;;;
080018;Campo Calabro;4512;2223;2289;598;2896;1018;;;;
080019;Candidoni;407;214;193;61;253;93;;;;
080020;Canolo;684;340;344;80;397;207;;;;
080021;Caraffa del Bianco;429;205;224;36;256;137;;;;
080022;Cardeto;1237;588;649;86;711;440;;;;
080023;Careri;2049;995;1054;301;1283;465;;;;
080024;Casignana;680;327;353;74;422;184;;;;
080025;Caulonia;6649;3288;3361;746;4082;1821;;;;
080026;Ciminà;510;267;243;62;293;155;;;;
080027;Cinquefrondi;6235;3017;3218;884;3945;1406;;;;
080028;Cittanova;9580;4667;4913;1321;5942;2317;;;;
080029;Condofuri;4491;2174;2317;529;2751;1211;;;;
080030;Cosoleto;728;359;369;88;451;189;;;;
080031;Delianuova;3052;1469;1583;466;1900;686;;;;
080032;Feroleto della Chiesa;1489;719;770;128;902;459;;;;
080033;Ferruzzano;685;328;357;83;397;205;;;;
080034;Fiumara;789;383;406;70;478;241;;;;
080035;Galatro;1391;672;719;128;837;426;;;;
080036;Gerace;2275;1149;1126;265;1408;602;;;;
080037;Giffone;1553;755;798;204;960;389;;;;
080038;Gioia Tauro;19324;9627;9697;2830;12771;3723;;;;
080039;Gioiosa Ionica;6834;3382;3452;1016;4352;1466;;;;
080040;Grotteria;2815;1376;1439;353;1686;776;;;;
080041;Laganadi;321;153;168;21;205;95;;;;
080042;Laureana di Borrello;4557;2233;2324;593;2807;1157;;;;
080043;Locri;11856;5688;6168;1490;7375;2991;;;;
080044;Mammola;2335;1136;1199;293;1408;634;;;;
080045;Marina di Gioiosa Ionica;6303;3054;3249;875;3983;1445;;;;
080046;Maropati;1291;628;663;141;745;405;;;;
080047;Martone;476;240;236;62;291;123;;;;
080048;Melicuccà;780;368;412;71;475;234;;;;
080049;Melicucco;4842;2393;2449;767;3165;910;;;;
080050;Melito di Porto Salvo;10314;5070;5244;1135;6524;2655;;;;
080051;Molochio;2122;1033;1089;216;1311;595;;;;
080052;Monasterace;3234;1637;1597;378;2017;839;;;;
080053;Montebello Jonico;5451;2668;2783;641;3297;1513;;;;
080054;Motta San Giovanni;5377;2643;2734;549;3217;1611;;;;
080055;Oppido Mamertina;4674;2287;2387;561;2967;1146;;;;
080056;Palizzi;1826;899;927;139;1037;650;;;;
080057;Palmi;17983;8693;9290;2407;11373;4203;;;;
080058;Pazzano;497;252;245;59;262;176;;;;
080059;Placanica;977;479;498;92;542;343;;;;
080060;Platì;3646;1850;1796;788;2254;604;;;;
080061;Polistena;9822;4769;5053;1287;6447;2088;;;;
080062;Portigliola;994;470;524;125;588;281;;;;
080063;Reggio di Calabria;167925;80626;87299;20110;105272;42543;;;;
080064;Riace;1796;893;903;226;1129;441;;;;
080065;Rizziconi;7603;3920;3683;1053;4962;1588;;;;
080066;Roccaforte del Greco;291;147;144;3;167;121;;;;
080067;Roccella Ionica;6119;2919;3200;655;3756;1708;;;;
080068;Roghudi;897;433;464;120;589;188;;;;
080069;Rosarno;14528;7311;7217;2310;9409;2809;;;;
080070;Samo;679;335;344;55;388;236;;;;
080071;San Giorgio Morgeto;2945;1425;1520;418;1854;673;;;;
080072;San Giovanni di Gerace;394;188;206;30;235;129;;;;
080073;San Lorenzo;2068;1011;1057;192;1220;656;;;;
080074;San Luca;3297;1609;1688;565;1985;747;;;;
080075;San Pietro di Caridà;923;428;495;77;490;356;;;;
080076;San Procopio;469;227;242;73;276;120;;;;
080077;San Roberto;1479;740;739;145;902;432;;;;
080078;Santa Cristina d'Aspromonte;707;357;350;57;445;205;;;;
080079;Sant'Agata del Bianco;524;262;262;65;326;133;;;;
080080;Sant'Alessio in Aspromonte;299;153;146;32;195;72;;;;
080081;Sant'Eufemia d'Aspromonte;3625;1772;1853;535;2267;823;;;;
080082;Sant'Ilario dello Ionio;1308;655;653;185;788;335;;;;
080083;Santo Stefano in Aspromonte;1001;525;476;100;620;281;;;;
080084;Scido;797;382;415;97;475;225;;;;
080085;Scilla;4405;2158;2247;470;2670;1265;;;;
080086;Seminara;2473;1223;1250;322;1567;584;;;;
080087;Serrata;788;387;401;78;498;212;;;;
080088;Siderno;17619;8648;8971;2377;11493;3749;;;;
080089;Sinopoli;1798;900;898;271;1153;374;;;;
080090;Staiti;161;82;79;10;78;73;;;;
080091;Stignano;1143;596;547;133;674;336;;;;
080092;Stilo;2306;1179;1127;253;1529;524;;;;
080093;Taurianova;14643;7153;7490;2008;9311;3324;;;;
080094;Terranova Sappo Minulio;402;202;200;38;244;120;;;;
080095;Varapodio;2062;1014;1048;252;1349;461;;;;
080096;Villa San Giovanni;12676;6249;6427;1468;8018;3190;;;;
080097;San Ferdinando;4469;2419;2050;523;2948;998;;;;
081001;Alcamo;44661;22276;22385;5533;28094;11034;;;;
081002;Buseto Palizzolo;2727;1327;1400;316;1680;731;;;;
081003;Calatafimi-Segesta;5955;2942;3013;629;3545;1781;;;;
081004;Campobello di Mazara;11121;5567;5554;1368;6701;3052;;;;
081005;Castellammare del Golfo;14635;7421;7214;1709;9360;3566;;;;
081006;Castelvetrano;29357;14451;14906;3409;18495;7453;;;;
081007;Custonaci;5234;2607;2627;655;3319;1260;;;;
081008;Erice;25573;12324;13249;2972;15882;6719;;;;
081009;Favignana;4540;2327;2213;480;2836;1224;;;;
081010;Gibellina;3636;1743;1893;395;2175;1066;;;;
081011;Marsala;79521;39563;39958;9572;49731;20218;;;;
081012;Mazara del Vallo;50070;24865;25205;6710;31418;11942;;;;
081013;Paceco;10544;5144;5400;1230;6678;2636;;;;
081014;Pantelleria;7150;3611;3539;810;4609;1731;;;;
081015;Partanna;9835;4817;5018;1098;6059;2678;;;;
081016;Poggioreale;1272;632;640;108;769;395;;;;
081017;Salaparuta;1560;766;794;189;970;401;;;;
081018;Salemi;9719;4836;4883;1027;6012;2680;;;;
081019;Santa Ninfa;4713;2292;2421;519;2859;1335;;;;
081020;San Vito Lo Capo;4865;2456;2409;509;3182;1174;;;;
081021;Trapani;54636;26569;28067;6279;34462;13895;;;;
081022;Valderice;11239;5627;5612;1227;7083;2929;;;;
081023;Vita;1710;826;884;141;1014;555;;;;
081024;Petrosino;7883;4051;3832;1066;5031;1786;;;;
081025;Misiliscemi;8446;4297;4149;990;5215;2241;;;;
082001;Alia;3138;1526;1612;347;1854;937;;;;
082002;Alimena;1822;849;973;194;1112;516;;;;
082003;Aliminusa;1005;501;504;82;610;313;;;;
082004;Altavilla Milicia;9055;4550;4505;1293;5837;1925;;;;
082005;Altofonte;9742;4746;4996;1340;6217;2185;;;;
082006;Bagheria;53152;25946;27206;7401;34038;11713;;;;
082007;Balestrate;6379;3046;3333;733;3876;1770;;;;
082008;Baucina;1838;912;926;227;1113;498;;;;
082009;Belmonte Mezzagno;10678;5222;5456;1690;6823;2165;;;;
082010;Bisacquino;3938;1950;1988;436;2356;1146;;;;
082011;Bolognetta;4074;2012;2062;523;2642;909;;;;
082012;Bompietro;1140;544;596;80;655;405;;;;
082013;Borgetto;7167;3550;3617;1109;4565;1493;;;;
082014;Caccamo;7529;3713;3816;870;4668;1991;;;;
082015;Caltavuturo;3323;1629;1694;303;1941;1079;;;;
082016;Campofelice di Fitalia;411;217;194;41;256;114;;;;
082017;Campofelice di Roccella;7870;3881;3989;870;5178;1822;;;;
082018;Campofiorito;1113;554;559;107;659;347;;;;
082019;Camporeale;2842;1404;1438;369;1798;675;;;;
082020;Capaci;11482;5663;5819;1692;7308;2482;;;;
082021;Carini;41134;20510;20624;6762;26722;7650;;;;
082022;Castelbuono;7871;3847;4024;798;4708;2365;;;;
082023;Casteldaccia;11778;5805;5973;1676;7617;2485;;;;
082024;Castellana Sicula;2885;1373;1512;251;1749;885;;;;
082025;Castronovo di Sicilia;2729;1316;1413;266;1624;839;;;;
082026;Cefalà Diana;962;476;486;124;606;232;;;;
082027;Cefalù;13846;6705;7141;1461;8349;4036;;;;
082028;Cerda;4771;2344;2427;592;2976;1203;;;;
082029;Chiusa Sclafani;2378;1130;1248;225;1424;729;;;;
082030;Ciminna;3319;1595;1724;420;1881;1018;;;;
082031;Cinisi;12201;5984;6217;1605;7928;2668;;;;
082032;Collesano;3609;1736;1873;392;2109;1108;;;;
082033;Contessa Entellina;1437;706;731;126;844;467;;;;
082034;Corleone;10162;5046;5116;1296;6390;2476;;;;
082035;Ficarazzi;12913;6310;6603;2160;8584;2169;;;;
082036;Gangi;5918;2838;3080;573;3505;1840;;;;
082037;Geraci Siculo;1636;827;809;140;1004;492;;;;
082038;Giardinello;2229;1131;1098;305;1427;497;;;;
082039;Giuliana;1626;823;803;147;911;568;;;;
082040;Godrano;981;493;488;112;634;235;;;;
082041;Gratteri;853;421;432;75;479;299;;;;
082042;Isnello;1393;752;641;103;851;439;;;;
082043;Isola delle Femmine;6963;3390;3573;913;4571;1479;;;;
082044;Lascari;3769;1870;1899;437;2433;899;;;;
082045;Lercara Friddi;6042;2858;3184;640;3800;1602;;;;
082046;Marineo;5944;2903;3041;747;3672;1525;;;;
082047;Mezzojuso;2499;1226;1273;284;1568;647;;;;
082048;Misilmeri;29197;14466;14731;4505;18823;5869;;;;
082049;Monreale;38844;19163;19681;5628;25157;8059;;;;
082050;Montelepre;5653;2729;2924;668;3536;1449;;;;
082051;Montemaggiore Belsito;2745;1296;1449;238;1580;927;;;;
082052;Palazzo Adriano;1694;837;857;121;1047;526;;;;
082053;Palermo;626273;299720;326553;81873;393967;150433;;;;
082054;Partinico;30929;15369;15560;4224;19566;7139;;;;
082055;Petralia Soprana;2807;1380;1427;256;1700;851;;;;
082056;Petralia Sottana;2349;1097;1252;186;1376;787;;;;
082057;Piana degli Albanesi;5171;2517;2654;519;3185;1467;;;;
082058;Polizzi Generosa;2745;1337;1408;205;1571;969;;;;
082059;Pollina;2807;1385;1422;284;1707;816;;;;
082060;Prizzi;3999;1927;2072;371;2475;1153;;;;
082061;Roccamena;1283;622;661;142;771;370;;;;
082062;Roccapalumba;2119;1039;1080;207;1303;609;;;;
082063;San Cipirello;4787;2321;2466;630;3086;1071;;;;
082064;San Giuseppe Jato;7886;3838;4048;1075;4979;1832;;;;
082065;San Mauro Castelverde;1279;638;641;121;719;439;;;;
082066;Santa Cristina Gela;1006;518;488;98;696;212;;;;
082067;Santa Flavia;10983;5399;5584;1397;7014;2572;;;;
082068;Sciara;2424;1192;1232;308;1507;609;;;;
082069;Sclafani Bagni;344;170;174;29;194;121;;;;
082070;Termini Imerese;24625;12018;12607;3039;15370;6216;;;;
082071;Terrasini;13126;6490;6636;1875;8377;2874;;;;
082072;Torretta;4440;2185;2255;704;2870;866;;;;
082073;Trabia;10844;5483;5361;1373;7016;2455;;;;
082074;Trappeto;3143;1538;1605;392;1883;868;;;;
082075;Ustica;1323;674;649;127;796;400;;;;
082076;Valledolmo;3051;1460;1591;324;1819;908;;;;
082077;Ventimiglia di Sicilia;1708;830;878;189;1054;465;;;;
082078;Vicari;2347;1128;1219;246;1407;694;;;;
082079;Villabate;19380;9457;9923;3213;12578;3589;;;;
082080;Villafrati;3064;1490;1574;387;1846;831;;;;
082081;Scillato;564;264;300;59;316;189;;;;
082082;Blufi;822;394;428;66;468;288;;;;
083001;Alcara li Fusi;1589;746;843;121;891;577;;;;
083002;Alì;596;295;301;71;355;170;;;;
083003;Alì Terme;2317;1125;1192;260;1420;637;;;;
083004;Antillo;773;390;383;89;470;214;;;;
083005;Barcellona Pozzo di Gotto;39756;19490;20266;5158;25244;9354;;;;
083006;Basicò;614;290;324;42;403;169;;;;
083007;Brolo;5712;2713;2999;698;3619;1395;;;;
083008;Capizzi;2707;1320;1387;315;1758;634;;;;
083009;Capo d'Orlando;13065;6137;6928;1414;8252;3399;;;;
083010;Capri Leone;4401;2126;2275;567;2840;994;;;;
083011;Caronia;2917;1429;1488;310;1813;794;;;;
083012;Casalvecchio Siculo;675;364;311;74;394;207;;;;
083013;Castel di Lucio;1355;683;672;122;909;324;;;;
083014;Castell'Umberto;2731;1318;1413;266;1697;768;;;;
083015;Castelmola;1071;542;529;116;642;313;;;;
083016;Castroreale;2231;1111;1120;236;1331;664;;;;
083017;Cesarò;2060;1025;1035;193;1241;626;;;;
083018;Condrò;501;241;260;59;302;140;;;;
083019;Falcone;2826;1377;1449;336;1764;726;;;;
083020;Ficarra;1267;620;647;88;760;419;;;;
083021;Fiumedinisi;1250;607;643;172;777;301;;;;
083022;Floresta;458;227;231;30;284;144;;;;
083023;Fondachelli-Fantina;1058;631;427;79;752;227;;;;
083024;Forza d'Agrò;902;456;446;94;569;239;;;;
083025;Francavilla di Sicilia;3498;1735;1763;368;2106;1024;;;;
083026;Frazzanò;524;250;274;43;293;188;;;;
083027;Furci Siculo;3245;1569;1676;385;2036;824;;;;
083028;Furnari;4246;2110;2136;505;2719;1022;;;;
083029;Gaggi;3094;1506;1588;443;1953;698;;;;
083030;Galati Mamertino;2108;964;1144;165;1251;692;;;;
083031;Gallodoro;320;159;161;22;198;100;;;;
083032;Giardini-Naxos;9437;4519;4918;983;6119;2335;;;;
083033;Gioiosa Marea;6686;3269;3417;700;4166;1820;;;;
083034;Graniti;1434;732;702;179;878;377;;;;
083035;Gualtieri Sicaminò;1508;711;797;158;889;461;;;;
083036;Itala;1491;714;777;163;947;381;;;;
083037;Leni;669;342;327;63;408;198;;;;
083038;Letojanni;2979;1433;1546;358;1925;696;;;;
083039;Librizzi;1535;744;791;159;901;475;;;;
083040;Limina;703;325;378;55;379;269;;;;
083041;Lipari;12794;6542;6252;1474;8260;3060;;;;
083042;Longi;1251;604;647;120;782;349;;;;
083043;Malfa;1003;521;482;120;642;241;;;;
083044;Malvagna;575;270;305;41;348;186;;;;
083045;Mandanici;468;221;247;44;274;150;;;;
083046;Mazzarrà Sant'Andrea;1405;716;689;173;870;362;;;;
083047;Merì;2394;1187;1207;355;1552;487;;;;
083048;Messina;216458;104268;112190;24859;135308;56291;;;;
083049;Milazzo;29779;14586;15193;3183;18633;7963;;;;
083050;Militello Rosmarino;1168;578;590;123;715;330;;;;
083051;Mirto;852;409;443;73;513;266;;;;
083052;Mistretta;4150;1956;2194;433;2543;1174;;;;
083053;Moio Alcantara;679;337;342;70;413;196;;;;
083054;Monforte San Giorgio;2390;1169;1221;242;1427;721;;;;
083055;Mongiuffi Melia;506;252;254;39;317;150;;;;
083056;Montagnareale;1342;667;675;129;841;372;;;;
083057;Montalbano Elicona;2072;1045;1027;160;1328;584;;;;
083058;Motta Camastra;762;383;379;79;446;237;;;;
083059;Motta d'Affermo;646;318;328;31;376;239;;;;
083060;Naso;3344;1633;1711;288;1968;1088;;;;
083061;Nizza di Sicilia;3488;1729;1759;375;2181;932;;;;
083062;Novara di Sicilia;1045;511;534;81;599;365;;;;
083063;Oliveri;2226;1095;1131;219;1363;644;;;;
083064;Pace del Mela;5938;2907;3031;740;3793;1405;;;;
083065;Pagliara;1100;531;569;139;676;285;;;;
083066;Patti;12721;6064;6657;1412;7989;3320;;;;
083067;Pettineo;1222;601;621;117;776;329;;;;
083068;Piraino;3724;1848;1876;436;2329;959;;;;
083069;Raccuja;839;411;428;49;503;287;;;;
083070;Reitano;705;350;355;65;415;225;;;;
083071;Roccafiorita;154;77;77;10;94;50;;;;
083072;Roccalumera;4143;1984;2159;371;2637;1135;;;;
083073;Roccavaldina;965;466;499;93;597;275;;;;
083074;Roccella Valdemone;532;262;270;47;308;177;;;;
083075;Rodì Milici;1938;953;985;210;1202;526;;;;
083076;Rometta;6497;3181;3316;717;4100;1680;;;;
083077;San Filippo del Mela;6617;3258;3359;789;4194;1634;;;;
083078;San Fratello;3159;1570;1589;322;2007;830;;;;
083079;San Marco d'Alunzio;1775;855;920;190;1117;468;;;;
083080;San Pier Niceto;2518;1243;1275;234;1532;752;;;;
083081;San Piero Patti;2535;1222;1313;230;1536;769;;;;
083082;San Salvatore di Fitalia;1103;501;602;119;620;364;;;;
083083;Santa Domenica Vittoria;861;429;432;83;560;218;;;;
083084;Sant'Agata di Militello;12133;5770;6363;1263;7697;3173;;;;
083085;Sant'Alessio Siculo;1542;739;803;153;961;428;;;;
083086;Santa Lucia del Mela;4342;2167;2175;515;2719;1108;;;;
083087;Santa Marina Salina;877;458;419;79;551;247;;;;
083088;Sant'Angelo di Brolo;2625;1290;1335;256;1559;810;;;;
083089;Santa Teresa di Riva;9133;4395;4738;987;5686;2460;;;;
083090;San Teodoro;1185;559;626;129;722;334;;;;
083091;Santo Stefano di Camastra;4325;2070;2255;497;2656;1172;;;;
083092;Saponara;3620;1793;1827;369;2247;1004;;;;
083093;Savoca;1749;834;915;226;1133;390;;;;
083094;Scaletta Zanclea;1861;897;964;176;1135;550;;;;
083095;Sinagra;2418;1204;1214;270;1485;663;;;;
083096;Spadafora;4602;2241;2361;515;2791;1296;;;;
083097;Taormina;10476;5134;5342;1092;6629;2755;;;;
083098;Torregrotta;7283;3415;3868;900;4682;1701;;;;
083099;Tortorici;5432;2693;2739;635;3325;1472;;;;
083100;Tripi-Abakainon;704;334;370;61;422;221;;;;
083101;Tusa;2480;1242;1238;193;1524;763;;;;
083102;Ucria;841;402;439;84;479;278;;;;
083103;Valdina;1246;617;629;128;802;316;;;;
083104;Venetico;3961;1872;2089;453;2507;1001;;;;
083105;Villafranca Tirrena;7709;3621;4088;784;4751;2174;;;;
083106;Terme Vigliatore;7363;3632;3731;1023;4661;1679;;;;
083107;Acquedolci;5532;2669;2863;649;3528;1355;;;;
083108;Torrenova;4483;2185;2298;533;2933;1017;;;;
084001;Agrigento;55118;27032;28086;6346;34765;14007;;;;
084002;Alessandria della Rocca;2301;1104;1197;203;1340;758;;;;
084003;Aragona;8669;4241;4428;922;5531;2216;;;;
084004;Bivona;3000;1451;1549;228;1893;879;;;;
084005;Burgio;2409;1182;1227;276;1450;683;;;;
084006;Calamonaci;1127;553;574;106;702;319;;;;
084007;Caltabellotta;3065;1474;1591;297;1809;959;;;;
084008;Camastra;1973;1006;967;203;1282;488;;;;
084009;Cammarata;5801;2889;2912;669;3733;1399;;;;
084010;Campobello di Licata;8873;4335;4538;1070;5548;2255;;;;
084011;Canicattì;34249;16691;17558;4781;22142;7326;;;;
084012;Casteltermini;7035;3425;3610;667;4338;2030;;;;
084013;Castrofilippo;2557;1230;1327;337;1582;638;;;;
084014;Cattolica Eraclea;3232;1610;1622;344;2014;874;;;;
084015;Cianciana;2971;1411;1560;299;1751;921;;;;
084016;Comitini;919;469;450;112;611;196;;;;
084017;Favara;31167;15178;15989;4074;20099;6994;;;;
084018;Grotte;5044;2379;2665;602;3043;1399;;;;
084019;Joppolo Giancaxio;1064;506;558;109;637;318;;;;
084020;Lampedusa e Linosa;6485;3392;3093;830;4336;1319;;;;
084021;Licata;34203;17056;17147;4209;21833;8161;;;;
084022;Lucca Sicula;1700;842;858;248;1022;430;;;;
084023;Menfi;11727;5689;6038;1386;7246;3095;;;;
084024;Montallegro;2342;1155;1187;291;1425;626;;;;
084025;Montevago;2679;1301;1378;315;1609;755;;;;
084026;Naro;6733;3313;3420;718;4113;1902;;;;
084027;Palma di Montechiaro;21302;10231;11071;3135;13303;4864;;;;
084028;Porto Empedocle;15430;7544;7886;1938;9827;3665;;;;
084029;Racalmuto;7501;3782;3719;930;4731;1840;;;;
084030;Raffadali;11769;5724;6045;1417;7429;2923;;;;
084031;Ravanusa;10124;4911;5213;1302;6277;2545;;;;
084032;Realmonte;4368;2149;2219;511;2756;1101;;;;
084033;Ribera;17744;8609;9135;2135;10974;4635;;;;
084034;Sambuca di Sicilia;5202;2583;2619;562;3257;1383;;;;
084035;San Biagio Platani;2744;1300;1444;259;1600;885;;;;
084036;San Giovanni Gemini;7383;3684;3699;853;4562;1968;;;;
084037;Santa Elisabetta;2208;1117;1091;258;1372;578;;;;
084038;Santa Margherita di Belice;5981;2910;3071;652;3828;1501;;;;
084039;Sant'Angelo Muxaro;1119;539;580;119;606;394;;;;
084040;Santo Stefano Quisquina;3854;1873;1981;289;2383;1182;;;;
084041;Sciacca;38387;18633;19754;4695;23693;9999;;;;
084042;Siculiana;4187;2126;2061;454;2646;1087;;;;
084043;Villafranca Sicula;1295;630;665;150;797;348;;;;
085001;Acquaviva Platani;819;408;411;80;478;261;;;;
085002;Bompensiere;468;224;244;41;270;157;;;;
085003;Butera;4053;1999;2054;412;2549;1092;;;;
085004;Caltanissetta;57922;28223;29699;6776;36512;14634;;;;
085005;Campofranco;2512;1168;1344;193;1467;852;;;;
085006;Delia;3851;1812;2039;459;2482;910;;;;
085007;Gela;70109;34154;35955;9078;45303;15728;;;;
085008;Marianopoli;1505;727;778;137;924;444;;;;
085009;Mazzarino;10567;5058;5509;1207;6779;2581;;;;
085010;Milena;2599;1270;1329;234;1553;812;;;;
085011;Montedoro;1320;641;679;134;805;381;;;;
085012;Mussomeli;9742;4709;5033;1088;6086;2568;;;;
085013;Niscemi;24535;12118;12417;3254;15787;5494;;;;
085014;Resuttano;1687;824;863;160;992;535;;;;
085015;Riesi;10158;4863;5295;1366;6396;2396;;;;
085016;San Cataldo;20229;9727;10502;2421;12817;4991;;;;
085017;Santa Caterina Villarmosa;4421;2090;2331;441;2660;1320;;;;
085018;Serradifalco;5342;2536;2806;565;3323;1454;;;;
085019;Sommatino;6220;2954;3266;739;3745;1736;;;;
085020;Sutera;1096;514;582;89;643;364;;;;
085021;Vallelunga Pratameno;3003;1451;1552;348;1828;827;;;;
085022;Villalba;1343;650;693;125;800;418;;;;
086001;Agira;7529;3726;3803;934;4813;1782;;;;
086002;Aidone;4205;2137;2068;382;2662;1161;;;;
086003;Assoro;4749;2359;2390;487;2964;1298;;;;
086004;Barrafranca;11456;5402;6054;1362;7217;2877;;;;
086005;Calascibetta;3948;1930;2018;419;2466;1063;;;;
086006;Catenanuova;4458;2204;2254;571;2869;1018;;;;
086007;Centuripe;4981;2438;2543;585;3049;1347;;;;
086008;Cerami;1867;913;954;178;1162;527;;;;
086009;Enna;24884;11884;13000;2600;15144;7140;;;;
086010;Gagliano Castelferrato;3111;1504;1607;323;1876;912;;;;
086011;Leonforte;12023;5824;6199;1518;7622;2883;;;;
086012;Nicosia;12382;6027;6355;1255;7858;3269;;;;
086013;Nissoria;2781;1403;1378;321;1815;645;;;;
086014;Piazza Armerina;20558;10227;10331;2294;13114;5150;;;;
086015;Pietraperzia;6183;2951;3232;714;3804;1665;;;;
086016;Regalbuto;6556;3291;3265;794;4104;1658;;;;
086017;Sperlinga;639;316;323;44;386;209;;;;
086018;Troina;8201;3980;4221;852;4981;2368;;;;
086019;Valguarnera Caropepe;6743;3195;3548;790;4147;1806;;;;
086020;Villarosa;4271;2063;2208;478;2584;1209;;;;
087001;Aci Bonaccorsi;3559;1689;1870;468;2319;772;;;;
087002;Aci Castello;17482;8419;9063;1906;10800;4776;;;;
087003;Aci Catena;27349;13429;13920;3723;17966;5660;;;;
087004;Acireale;50528;24648;25880;6079;32147;12302;;;;
087005;Aci Sant'Antonio;18091;8953;9138;2594;11897;3600;;;;
087006;Adrano;33506;16276;17230;5149;21253;7104;;;;
087007;Belpasso;28321;14064;14257;4432;18653;5236;;;;
087008;Biancavilla;22917;11160;11757;3513;14634;4770;;;;
087009;Bronte;18101;8767;9334;2229;11646;4226;;;;
087010;Calatabiano;5145;2550;2595;613;3242;1290;;;;
087011;Caltagirone;35373;17428;17945;4225;22315;8833;;;;
087012;Camporotondo Etneo;5208;2624;2584;959;3483;766;;;;
087013;Castel di Iudica;4163;2053;2110;494;2632;1037;;;;
087014;Castiglione di Sicilia;2832;1391;1441;340;1718;774;;;;
087015;Catania;296984;143549;153435;39571;186282;71131;;;;
087016;Fiumefreddo di Sicilia;8965;4256;4709;1109;5588;2268;;;;
087017;Giarre;26466;12849;13617;3274;16336;6856;;;;
087018;Grammichele;12127;5949;6178;1660;7353;3114;;;;
087019;Gravina di Catania;25330;12047;13283;3188;15773;6369;;;;
087020;Licodia Eubea;2762;1385;1377;313;1747;702;;;;
087021;Linguaglossa;4987;2398;2589;597;3169;1221;;;;
087022;Maletto;3522;1708;1814;434;2157;931;;;;
087023;Mascali;14486;7155;7331;1897;9474;3115;;;;
087024;Mascalucia;32124;15615;16509;4531;20991;6602;;;;
087025;Militello in Val di Catania;6605;3293;3312;750;4060;1795;;;;
087026;Milo;1017;522;495;106;621;290;;;;
087027;Mineo;4345;2116;2229;412;2714;1219;;;;
087028;Mirabella Imbaccari;4132;1952;2180;443;2422;1267;;;;
087029;Misterbianco;48620;23715;24905;7677;31502;9441;;;;
087030;Motta Sant'Anastasia;12139;5968;6171;1915;7862;2362;;;;
087031;Nicolosi;7720;3841;3879;1000;5082;1638;;;;
087032;Palagonia;15369;7576;7793;2417;9945;3007;;;;
087033;Paternò;44502;21725;22777;6277;28490;9735;;;;
087034;Pedara;15522;7735;7787;2279;10243;3000;;;;
087035;Piedimonte Etneo;3865;1924;1941;454;2456;955;;;;
087036;Raddusa;2751;1373;1378;360;1737;654;;;;
087037;Ramacca;10029;5028;5001;1451;6472;2106;;;;
087038;Randazzo;9959;4791;5168;1139;6199;2621;;;;
087039;Riposto;13901;6818;7083;1611;8609;3681;;;;
087040;San Cono;2363;1198;1165;288;1503;572;;;;
087041;San Giovanni la Punta;24458;11806;12652;3397;15508;5553;;;;
087042;San Gregorio di Catania;11518;5517;6001;1385;7318;2815;;;;
087043;San Michele di Ganzaria;2807;1372;1435;297;1705;805;;;;
087044;San Pietro Clarenza;8372;4155;4217;1445;5467;1460;;;;
087045;Sant'Agata li Battiati;9217;4287;4930;1039;5646;2532;;;;
087046;Sant'Alfio;1521;732;789;194;946;381;;;;
087047;Santa Maria di Licodia;7675;3775;3900;1171;4935;1569;;;;
087048;Santa Venerina;8487;4150;4337;1098;5490;1899;;;;
087049;Scordia;15885;7967;7918;1947;10108;3830;;;;
087050;Trecastagni;11396;5626;5770;1552;7421;2423;;;;
087051;Tremestieri Etneo;19172;9116;10056;2236;12168;4768;;;;
087052;Valverde;7810;3860;3950;1062;5010;1738;;;;
087053;Viagrande;8943;4359;4584;1220;5794;1929;;;;
087054;Vizzini;5636;2704;2932;635;3482;1519;;;;
087055;Zafferana Etnea;9341;4694;4647;1244;6037;2060;;;;
087056;Mazzarrone;4010;2020;1990;605;2609;796;;;;
087057;Maniace;3739;1872;1867;635;2323;781;;;;
087058;Ragalna;4396;2255;2141;630;2818;948;;;;
088001;Acate;10657;5928;4729;1602;7277;1778;;;;
088002;Chiaramonte Gulfi;8045;4188;3857;926;5122;1997;;;;
088003;Comiso;30437;15291;15146;4169;19671;6597;;;;
088004;Giarratana;2994;1520;1474;294;1904;796;;;;
088005;Ispica;16706;8605;8101;2169;10821;3716;;;;
088006;Modica;53622;26139;27483;6931;34319;12372;;;;
088007;Monterosso Almo;2705;1323;1382;236;1666;803;;;;
088008;Pozzallo;18958;9396;9562;2613;11981;4364;;;;
088009;Ragusa;74122;36524;37598;9060;46931;18131;;;;
088010;Santa Croce Camerina;11649;6198;5451;1600;7779;2270;;;;
088011;Scicli;26920;13393;13527;3576;17113;6231;;;;
088012;Vittoria;66329;34536;31793;9890;43913;12526;;;;
089001;Augusta;34697;17260;17437;3809;22013;8875;;;;
089002;Avola;30683;15133;15550;3886;19762;7035;;;;
089003;Buccheri;1692;788;904;135;984;573;;;;
089004;Buscemi;935;479;456;76;587;272;;;;
089005;Canicattini Bagni;6482;3122;3360;765;4003;1714;;;;
089006;Carlentini;16883;8204;8679;1979;10444;4460;;;;
089007;Cassaro;721;365;356;59;457;205;;;;
089008;Ferla;2219;1098;1121;239;1308;672;;;;
089009;Floridia;20997;10285;10712;2726;13814;4457;;;;
089010;Francofonte;11484;5649;5835;1589;7088;2807;;;;
089011;Lentini;21022;10220;10802;2413;13023;5586;;;;
089012;Melilli;13127;6648;6479;1709;8463;2955;;;;
089013;Noto;24656;12496;12160;3213;15952;5491;;;;
089014;Pachino;22355;11521;10834;3118;14745;4492;;;;
089015;Palazzolo Acreide;7912;3859;4053;789;4927;2196;;;;
089016;Rosolini;20655;10311;10344;2845;13250;4560;;;;
089017;Siracusa;115515;56764;58751;13573;73009;28933;;;;
089018;Solarino;7510;3694;3816;1005;4842;1663;;;;
089019;Sortino;7977;3947;4030;878;4898;2201;;;;
089020;Portopalo di Capo Passero;3890;1975;1915;484;2529;877;;;;
089021;Priolo Gargallo;11038;5421;5617;1404;7105;2529;;;;
090001;Aggius;1378;659;719;131;820;427;;;;
090002;Alà dei Sardi;1745;873;872;199;1078;468;;;;
090003;Alghero;41765;20088;21677;3633;25894;12238;;;;
090004;Anela;553;284;269;47;308;198;;;;
090005;Ardara;680;344;336;70;437;173;;;;
090006;Arzachena;13456;6796;6660;1434;8770;3252;;;;
090007;Banari;508;258;250;48;263;197;;;;
090008;Benetutti;1623;790;833;152;996;475;;;;
090009;Berchidda;2604;1288;1316;247;1618;739;;;;
090010;Bessude;369;178;191;22;200;147;;;;
090011;Bonnanaro;894;435;459;83;510;301;;;;
090012;Bono;3232;1602;1630;379;2005;848;;;;
090013;Bonorva;3030;1542;1488;263;1820;947;;;;
090014;Bortigiadas;692;350;342;67;393;232;;;;
090015;Borutta;244;121;123;11;142;91;;;;
090016;Bottidda;627;311;316;69;358;200;;;;
090017;Buddusò;3487;1755;1732;453;2162;872;;;;
090018;Bultei;776;379;397;54;462;260;;;;
090019;Bulzi;507;262;245;39;290;178;;;;
090020;Burgos;817;401;416;91;474;252;;;;
090021;Calangianus;3692;1842;1850;340;2241;1111;;;;
090022;Cargeghe;590;300;290;71;370;149;;;;
090023;Castelsardo;5624;2820;2804;494;3471;1659;;;;
090024;Cheremule;378;195;183;29;210;139;;;;
090025;Chiaramonti;1494;732;762;144;908;442;;;;
090026;Codrongianos;1252;624;628;111;791;350;;;;
090027;Cossoine;739;361;378;54;409;276;;;;
090028;Esporlatu;360;172;188;31;226;103;;;;
090029;Florinas;1459;706;753;156;900;403;;;;
090030;Giave;471;241;230;43;263;165;;;;
090031;Illorai;698;324;374;55;404;239;;;;
090032;Ittireddu;457;238;219;32;277;148;;;;
090033;Ittiri;7730;3802;3928;756;4866;2108;;;;
090034;Laerru;806;407;399;58;515;233;;;;
090035;La Maddalena;10449;5243;5206;948;6552;2949;;;;
090036;Luogosanto;1838;940;898;186;1156;496;;;;
090037;Luras;2369;1156;1213;245;1533;591;;;;
090038;Mara;518;251;267;44;262;212;;;;
090039;Martis;455;228;227;40;259;156;;;;
090040;Monteleone Rocca Doria;105;53;52;9;68;28;;;;
090041;Monti;2406;1199;1207;276;1477;653;;;;
090042;Mores;1663;831;832;178;1012;473;;;;
090043;Muros;822;408;414;96;541;185;;;;
090044;Nughedu San Nicolò;710;364;346;48;416;246;;;;
090045;Nule;1259;645;614;130;739;390;;;;
090046;Nulvi;2572;1292;1280;293;1600;679;;;;
090047;Olbia;61739;30530;31209;7113;41899;12727;;;;
090048;Olmedo;4240;2113;2127;451;2812;977;;;;
090049;Oschiri;2885;1461;1424;239;1704;942;;;;
090050;Osilo;2732;1340;1392;212;1692;828;;;;
090051;Ossi;5344;2642;2702;492;3420;1432;;;;
090052;Ozieri;9559;4777;4782;873;5942;2744;;;;
090053;Padria;574;293;281;48;305;221;;;;
090054;Palau;4058;2057;2001;407;2633;1018;;;;
090055;Pattada;2763;1408;1355;301;1625;837;;;;
090056;Perfugas;2212;1109;1103;214;1315;683;;;;
090057;Ploaghe;4201;2093;2108;457;2553;1191;;;;
090058;Porto Torres;20624;10089;10535;2074;12980;5570;;;;
090059;Pozzomaggiore;2286;1124;1162;187;1371;728;;;;
090060;Putifigari;658;332;326;53;451;154;;;;
090061;Romana;457;217;240;34;259;164;;;;
090062;Aglientu;1195;602;593;118;698;379;;;;
090063;Santa Teresa Gallura;5144;2598;2546;444;3253;1447;;;;
090064;Sassari;120231;58292;61939;11241;76277;32713;;;;
090065;Sedini;1183;573;610;105;739;339;;;;
090066;Semestene;127;58;69;5;71;51;;;;
090067;Sennori;6657;3299;3358;601;4324;1732;;;;
090068;Siligo;734;378;356;72;382;280;;;;
090069;Sorso;14394;7289;7105;1453;9349;3592;;;;
090070;Tempio Pausania;12878;6412;6466;1117;8177;3584;;;;
090071;Thiesi;2635;1329;1306;242;1561;832;;;;
090072;Tissi;2352;1181;1171;273;1587;492;;;;
090073;Torralba;854;420;434;85;535;234;;;;
090074;Trinità d'Agultu e Vignola;2579;1388;1191;196;1709;674;;;;
090075;Tula;1425;724;701;166;844;415;;;;
090076;Uri;2822;1447;1375;304;1822;696;;;;
090077;Usini;4120;2070;2050;450;2703;967;;;;
090078;Villanova Monteleone;2039;1017;1022;196;1225;618;;;;
090079;Valledoria;4321;2179;2142;374;2691;1256;;;;
090080;Telti;2281;1143;1138;255;1438;588;;;;
090081;Badesi;1812;899;913;183;1121;508;;;;
090082;Viddalba;1570;772;798;151;981;438;;;;
090083;Golfo Aranci;2373;1152;1221;176;1530;667;;;;
090084;Loiri Porto San Paolo;3929;1991;1938;439;2598;892;;;;
090085;Sant'Antonio di Gallura;1432;706;726;144;896;392;;;;
090086;Tergu;612;295;317;64;382;166;;;;
090087;Santa Maria Coghinas;1346;702;644;135;805;406;;;;
090088;Erula;702;351;351;80;400;222;;;;
090089;Stintino;1567;813;754;117;990;460;;;;
090090;Padru;2130;1074;1056;238;1345;547;;;;
090091;Budoni;5685;2841;2844;567;3756;1362;;;;
090092;San Teodoro;5224;2657;2567;482;3465;1277;;;;
091001;Aritzo;1272;755;517;104;819;349;;;;
091002;Arzana;2199;1104;1095;249;1358;592;;;;
091003;Atzara;974;495;479;72;538;364;;;;
091004;Austis;711;357;354;62;421;228;;;;
091005;Bari Sardo;3770;1825;1945;376;2274;1120;;;;
091006;Baunei;3366;1656;1710;355;2022;989;;;;
091007;Belvì;529;279;250;42;330;157;;;;
091008;Birori;481;233;248;45;287;149;;;;
091009;Bitti;2476;1190;1286;250;1425;801;;;;
091010;Bolotana;2244;1042;1202;167;1294;783;;;;
091011;Borore;1902;940;962;180;1107;615;;;;
091012;Bortigali;1218;578;640;98;692;428;;;;
091016;Desulo;1995;994;1001;168;1241;586;;;;
091017;Dorgali;8238;4122;4116;952;5232;2054;;;;
091018;Dualchi;559;268;291;47;311;201;;;;
091019;Elini;555;271;284;70;358;127;;;;
091024;Fonni;3552;1727;1825;446;2102;1004;;;;
091025;Gadoni;638;307;331;39;338;261;;;;
091026;Gairo;1272;626;646;130;778;364;;;;
091027;Galtellì;2377;1171;1206;308;1481;588;;;;
091028;Gavoi;2404;1180;1224;240;1429;735;;;;
091031;Girasole;1369;687;682;188;895;286;;;;
091032;Ilbono;1966;959;1007;208;1195;563;;;;
091033;Irgoli;2194;1098;1096;250;1366;578;;;;
091035;Jerzu;2912;1444;1468;331;1781;800;;;;
091037;Lanusei;4881;2396;2485;452;2971;1458;;;;
091038;Lei;433;226;207;25;242;166;;;;
091039;Loceri;1345;658;687;176;800;369;;;;
091040;Loculi;476;257;219;62;288;126;;;;
091041;Lodè;1455;733;722;86;870;499;;;;
091042;Lotzorai;2122;1020;1102;216;1298;608;;;;
091043;Lula;1198;609;589;103;749;346;;;;
091044;Macomer;8948;4407;4541;694;5503;2751;;;;
091046;Mamoiada;2349;1159;1190;303;1429;617;;;;
091047;Meana Sardo;1518;762;756;113;885;520;;;;
091050;Noragugume;269;128;141;14;178;77;;;;
091051;Nuoro;32718;15684;17034;2885;20278;9555;;;;
091055;Oliena;6405;3166;3239;582;3970;1853;;;;
091056;Ollolai;1129;563;566;106;668;355;;;;
091057;Olzai;752;383;369;71;424;257;;;;
091058;Onanì;337;164;173;31;204;102;;;;
091059;Onifai;728;341;387;73;439;216;;;;
091060;Oniferi;823;417;406;106;514;203;;;;
091061;Orani;2576;1280;1296;243;1497;836;;;;
091062;Orgosolo;3803;1891;1912;399;2442;962;;;;
091063;Orosei;6838;3450;3388;730;4477;1631;;;;
091064;Orotelli;1824;909;915;195;1079;550;;;;
091066;Ortueri;961;488;473;64;551;346;;;;
091067;Orune;2022;1011;1011;192;1225;605;;;;
091068;Osidda;209;103;106;25;124;60;;;;
091069;Osini;681;360;321;56;369;256;;;;
091070;Ottana;2147;1073;1074;230;1328;589;;;;
091071;Ovodda;1429;720;709;162;852;415;;;;
091072;Perdasdefogu;1689;864;825;138;1031;520;;;;
091073;Posada;3079;1561;1518;317;1980;782;;;;
091077;Sarule;1450;702;748;128;879;443;;;;
091083;Silanus;1891;927;964;198;1107;586;;;;
091084;Sindia;1558;748;810;161;881;516;;;;
091085;Siniscola;11139;5622;5517;1245;7015;2879;;;;
091086;Sorgono;1434;723;711;122;836;476;;;;
091088;Talana;913;437;476;126;548;239;;;;
091089;Tertenia;3834;1911;1923;453;2321;1060;;;;
091090;Teti;561;301;260;59;328;174;;;;
091091;Tiana;418;210;208;26;255;137;;;;
091093;Tonara;1806;957;849;152;1104;550;;;;
091094;Torpè;2757;1432;1325;318;1743;696;;;;
091095;Tortolì;10994;5429;5565;1125;7011;2858;;;;
091097;Triei;1060;537;523;120;651;289;;;;
091098;Ulassai;1365;659;706;157;783;425;;;;
091099;Urzulei;1024;511;513;87;639;298;;;;
091100;Ussassai;432;223;209;26;225;181;;;;
091101;Villagrande Strisaili;2834;1415;1419;253;1729;852;;;;
091103;Cardedu;2002;974;1028;265;1253;484;;;;
091104;Lodine;292;145;147;28;178;86;;;;
092003;Assemini;25575;12507;13068;2556;16951;6068;;;;
092009;Cagliari;145981;68229;77752;12068;89328;44585;;;;
092011;Capoterra;23015;11463;11552;2327;15082;5606;;;;
092015;Decimomannu;8375;4197;4178;913;5612;1850;;;;
092037;Maracalagonis;7885;4018;3867;875;5279;1731;;;;
092050;Pula;7048;3544;3504;640;4369;2039;;;;
092051;Quartu Sant'Elena;67869;33159;34710;6077;43728;18064;;;;
092066;Sarroch;4980;2490;2490;429;3095;1456;;;;
092068;Selargius;28272;13599;14673;2693;18137;7442;;;;
092074;Sestu;20630;10358;10272;2258;14586;3786;;;;
092075;Settimo San Pietro;6968;3456;3512;855;4570;1543;;;;
092080;Sinnai;17447;8750;8697;1862;11643;3942;;;;
092090;Uta;8899;4554;4345;1072;5998;1829;;;;
092099;Villa San Pietro;2095;1056;1039;234;1359;502;;;;
092105;Quartucciu;12723;6194;6529;1290;8506;2927;;;;
092108;Elmas;9480;4679;4801;994;6191;2295;;;;
092109;Monserrato;18624;8850;9774;1506;11559;5559;;;;
093001;Andreis;243;121;122;18;127;98;;;;
093002;Arba;1344;718;626;174;828;342;;;;
093004;Aviano;8973;4511;4462;944;5632;2397;;;;
093005;Azzano Decimo;15760;7820;7940;1993;10023;3744;;;;
093006;Barcis;225;112;113;19;118;88;;;;
093007;Brugnera;9192;4608;4584;1126;5843;2223;;;;
093008;Budoia;2561;1260;1301;281;1563;717;;;;
093009;Caneva;6194;3050;3144;655;3769;1770;;;;
093010;Casarsa della Delizia;8314;4156;4158;1013;5216;2085;;;;
093011;Castelnovo del Friuli;800;405;395;68;477;255;;;;
093012;Cavasso Nuovo;1463;731;732;165;873;425;;;;
093013;Chions;4991;2490;2501;586;3183;1222;;;;
093014;Cimolais;343;175;168;25;176;142;;;;
093015;Claut;855;423;432;62;502;291;;;;
093016;Clauzetto;385;215;170;20;218;147;;;;
093017;Cordenons;17701;8695;9006;1865;10930;4906;;;;
093018;Cordovado;2671;1319;1352;285;1725;661;;;;
093019;Erto e Casso;359;181;178;40;218;101;;;;
093020;Fanna;1467;732;735;147;883;437;;;;
093021;Fiume Veneto;11806;5806;6000;1488;7521;2797;;;;
093022;Fontanafredda;12952;6451;6501;1832;8329;2791;;;;
093024;Frisanco;599;306;293;49;364;186;;;;
093025;Maniago;11444;5685;5759;1357;7032;3055;;;;
093026;Meduno;1480;746;734;128;898;454;;;;
093027;Montereale Valcellina;4187;2042;2145;443;2501;1243;;;;
093028;Morsano al Tagliamento;2754;1413;1341;306;1673;775;;;;
093029;Pasiano di Pordenone;7890;3969;3921;1017;5105;1768;;;;
093030;Pinzano al Tagliamento;1493;746;747;157;858;478;;;;
093031;Polcenigo;3060;1501;1559;304;1878;878;;;;
093032;Porcia;14947;7294;7653;1577;9338;4032;;;;
093033;Pordenone;52744;25718;27026;5783;32938;14023;;;;
093034;Prata di Pordenone;8353;4248;4105;1082;5400;1871;;;;
093035;Pravisdomini;3471;1731;1740;495;2265;711;;;;
093036;Roveredo in Piano;5760;2801;2959;655;3649;1456;;;;
093037;Sacile;19947;9745;10202;2363;12498;5086;;;;
093038;San Giorgio della Richinvelda;4541;2409;2132;473;2903;1165;;;;
093039;San Martino al Tagliamento;1517;782;735;142;998;377;;;;
093040;San Quirino;4333;2149;2184;496;2694;1143;;;;
093041;San Vito al Tagliamento;15293;7519;7774;1846;9619;3828;;;;
093042;Sequals;2212;1092;1120;250;1345;617;;;;
093043;Sesto al Reghena;6299;3186;3113;731;4012;1556;;;;
093044;Spilimbergo;11799;5805;5994;1398;7221;3180;;;;
093045;Tramonti di Sopra;274;133;141;12;127;135;;;;
093046;Tramonti di Sotto;335;168;167;23;176;136;;;;
093047;Travesio;1809;889;920;231;1098;480;;;;
093049;Vito d'Asio;705;358;347;55;405;245;;;;
093050;Vivaro;1350;717;633;169;847;334;;;;
093051;Zoppola;8360;4214;4146;991;5184;2185;;;;
093052;Vajont;1599;807;792;217;1058;324;;;;
093053;Valvasone Arzene;3960;1968;1992;415;2544;1001;;;;
094001;Acquaviva d'Isernia;346;183;163;19;236;91;;;;
094002;Agnone;4545;2353;2192;416;2702;1427;;;;
094003;Bagnoli del Trigno;607;320;287;76;320;211;;;;
094004;Belmonte del Sannio;602;287;315;56;335;211;;;;
094005;Cantalupo nel Sannio;726;393;333;85;444;197;;;;
094006;Capracotta;742;381;361;45;418;279;;;;
094007;Carovilli;1240;630;610;119;744;377;;;;
094008;Carpinone;980;469;511;101;573;306;;;;
094009;Castel del Giudice;306;151;155;42;178;86;;;;
094010;Castelpetroso;1496;769;727;147;910;439;;;;
094011;Castelpizzuto;135;73;62;3;93;39;;;;
094012;Castel San Vincenzo;418;215;203;25;251;142;;;;
094013;Castelverrino;87;50;37;5;53;29;;;;
094014;Cerro al Volturno;1103;588;515;75;679;349;;;;
094015;Chiauci;189;103;86;12;109;68;;;;
094016;Civitanova del Sannio;863;445;418;95;503;265;;;;
094017;Colli a Volturno;1253;630;623;120;833;300;;;;
094018;Conca Casale;162;87;75;22;77;63;;;;
094019;Filignano;564;297;267;34;317;213;;;;
094020;Forlì del Sannio;627;324;303;44;378;205;;;;
094021;Fornelli;1778;885;893;186;1153;439;;;;
094022;Frosolone;2721;1388;1333;303;1644;774;;;;
094023;Isernia;20491;9900;10591;2307;12717;5467;;;;
094024;Longano;618;311;307;75;349;194;;;;
094025;Macchia d'Isernia;1020;525;495;146;614;260;;;;
094026;Macchiagodena;1655;826;829;168;940;547;;;;
094027;Miranda;913;447;466;99;510;304;;;;
094028;Montaquila;2218;1127;1091;237;1368;613;;;;
094029;Montenero Val Cocchiara;464;241;223;36;277;151;;;;
094030;Monteroduni;2121;1122;999;191;1310;620;;;;
094031;Pesche;1437;745;692;164;917;356;;;;
094032;Pescolanciano;780;397;383;77;488;215;;;;
094033;Pescopennataro;225;113;112;25;108;92;;;;
094034;Pettoranello del Molise;451;249;202;46;302;103;;;;
094035;Pietrabbondante;559;299;260;24;326;209;;;;
094036;Pizzone;287;159;128;17;185;85;;;;
094037;Poggio Sannita;513;257;256;27;279;207;;;;
094038;Pozzilli;2163;1071;1092;263;1333;567;;;;
094039;Rionero Sannitico;941;510;431;67;580;294;;;;
094040;Roccamandolfi;803;396;407;55;489;259;;;;
094041;Roccasicura;460;240;220;29;311;120;;;;
094042;Rocchetta a Volturno;1066;544;522;101;624;341;;;;
094043;San Pietro Avellana;390;194;196;25;222;143;;;;
094044;Sant'Agapito;1333;657;676;171;784;378;;;;
094045;Santa Maria del Molise;645;337;308;55;390;200;;;;
094046;Sant'Angelo del Pesco;300;157;143;19;171;110;;;;
094047;Sant'Elena Sannita;298;179;119;24;191;83;;;;
094048;Scapoli;559;280;279;37;330;192;;;;
094049;Sessano del Molise;664;305;359;32;385;247;;;;
094050;Sesto Campano;2134;1078;1056;218;1309;607;;;;
094051;Vastogirardi;574;293;281;35;338;201;;;;
094052;Venafro;10645;5238;5407;1235;6801;2609;;;;
095001;Abbasanta;2539;1244;1295;267;1548;724;;;;
095002;Aidomaggiore;374;185;189;36;211;127;;;;
095003;Albagiara;219;107;112;15;117;87;;;;
095004;Ales;1229;625;604;80;717;432;;;;
095005;Allai;333;170;163;21;199;113;;;;
095006;Arborea;3701;1843;1858;370;2326;1005;;;;
095007;Ardauli;738;350;388;51;378;309;;;;
095008;Assolo;321;168;153;24;182;115;;;;
095009;Asuni;295;148;147;27;162;106;;;;
095010;Baradili;80;40;40;5;50;25;;;;
095011;Baratili San Pietro;1194;587;607;94;727;373;;;;
095012;Baressa;528;263;265;35;270;223;;;;
095013;Bauladu;613;305;308;47;396;170;;;;
095014;Bidonì;112;59;53;8;64;40;;;;
095015;Bonarcado;1521;752;769;176;899;446;;;;
095016;Boroneddu;135;61;74;8;67;60;;;;
095017;Busachi;1099;537;562;79;604;416;;;;
095018;Cabras;8726;4415;4311;836;5415;2475;;;;
095019;Cuglieri;2411;1206;1205;194;1368;849;;;;
095020;Fordongianus;797;381;416;60;468;269;;;;
095021;Ghilarza;4038;1917;2121;351;2518;1169;;;;
095022;Gonnoscodina;421;221;200;24;244;153;;;;
095023;Gonnosnò;673;334;339;53;393;227;;;;
095024;Gonnostramatza;777;380;397;69;472;236;;;;
095025;Marrubiu;4499;2276;2223;427;2769;1303;;;;
095026;Masullas;979;498;481;73;579;327;;;;
095027;Milis;1394;712;682;138;815;441;;;;
095028;Mogorella;388;198;190;28;235;125;;;;
095029;Mogoro;3784;1886;1898;311;2256;1217;;;;
095030;Morgongiori;597;302;295;37;355;205;;;;
095031;Narbolia;1620;812;808;154;987;479;;;;
095032;Neoneli;589;288;301;44;323;222;;;;
095033;Norbello;1125;607;518;108;688;329;;;;
095034;Nughedu Santa Vittoria;422;205;217;34;224;164;;;;
095035;Nurachi;1660;821;839;151;1085;424;;;;
095036;Nureci;282;142;140;15;161;106;;;;
095037;Ollastra;1067;536;531;92;674;301;;;;
095038;Oristano;29888;14157;15731;2414;18380;9094;;;;
095039;Palmas Arborea;1494;736;758;173;961;360;;;;
095040;Pau;271;133;138;20;152;99;;;;
095041;Paulilatino;2038;1038;1000;216;1192;630;;;;
095042;Pompu;217;115;102;13;125;79;;;;
095043;Riola Sardo;1955;1006;949;150;1187;618;;;;
095044;Ruinas;569;276;293;47;312;210;;;;
095045;Samugheo;2636;1311;1325;240;1566;830;;;;
095046;San Nicolò d'Arcidano;2396;1185;1211;219;1488;689;;;;
095047;Santa Giusta;4558;2283;2275;411;2908;1239;;;;
095048;Villa Sant'Antonio;313;163;150;18;161;134;;;;
095049;Santu Lussurgiu;2150;1084;1066;231;1220;699;;;;
095050;San Vero Milis;2414;1212;1202;195;1468;751;;;;
095051;Scano di Montiferro;1360;664;696;136;785;439;;;;
095052;Sedilo;1919;961;958;184;1169;566;;;;
095053;Seneghe;1577;782;795;171;900;506;;;;
095054;Senis;369;170;199;17;186;166;;;;
095055;Sennariolo;153;77;76;9;88;56;;;;
095056;Siamaggiore;848;421;427;76;487;285;;;;
095057;Siamanna;735;370;365;52;417;266;;;;
095058;Simala;281;140;141;15;150;116;;;;
095059;Simaxis;2120;1065;1055;194;1331;595;;;;
095060;Sini;520;301;219;27;301;192;;;;
095061;Siris;227;127;100;19;130;78;;;;
095062;Solarussa;2191;1098;1093;207;1303;681;;;;
095063;Sorradile;333;162;171;29;183;121;;;;
095064;Tadasuni;125;67;58;8;67;50;;;;
095065;Terralba;9550;4872;4678;842;5990;2718;;;;
095066;Tramatza;887;443;444;74;525;288;;;;
095067;Tresnuraghes;1037;500;537;80;596;361;;;;
095068;Ulà Tirso;447;215;232;39;257;151;;;;
095069;Uras;2598;1269;1329;247;1564;787;;;;
095070;Usellus;664;339;325;34;385;245;;;;
095071;Villanova Truschedu;283;133;150;27;154;102;;;;
095072;Villaurbana;1439;722;717;99;838;502;;;;
095073;Villa Verde;258;122;136;17;141;100;;;;
095074;Zeddiani;1107;548;559;118;670;319;;;;
095075;Zerfaliu;979;470;509;94;618;267;;;;
095076;Siapiccia;334;166;168;32;196;106;;;;
095077;Curcuris;289;146;143;31;178;80;;;;
095078;Soddì;115;54;61;16;55;44;;;;
095079;Bosa;7292;3560;3732;648;4616;2028;;;;
095080;Flussio;386;179;207;30;218;138;;;;
095082;Laconi;1589;786;803;118;871;600;;;;
095083;Magomadas;594;304;290;40;335;219;;;;
095084;Modolo;170;82;88;16;104;50;;;;
095085;Montresta;434;218;216;39;245;150;;;;
095086;Sagama;186;96;90;23;109;54;;;;
095087;Suni;968;465;503;77;573;318;;;;
095088;Tinnura;242;119;123;18;133;91;;;;
096001;Ailoche;289;140;149;27;171;91;;;;
096002;Andorno Micca;3014;1487;1527;275;1769;970;;;;
096003;Benna;1157;568;589;137;717;303;;;;
096004;Biella;43356;20754;22602;4244;26261;12851;;;;
096005;Bioglio;888;455;433;70;540;278;;;;
096006;Borriana;855;415;440;87;494;274;;;;
096007;Brusnengo;1845;892;953;142;1111;592;;;;
096008;Callabiana;145;73;72;12;95;38;;;;
096009;Camandona;321;166;155;20;186;115;;;;
096010;Camburzano;1127;546;581;121;650;356;;;;
096012;Candelo;7196;3484;3712;687;4303;2206;;;;
096013;Caprile;191;100;91;16;110;65;;;;
096014;Casapinta;365;167;198;23;234;108;;;;
096015;Castelletto Cervo;758;392;366;80;491;187;;;;
096016;Cavaglià;3464;1757;1707;379;2102;983;;;;
096018;Cerrione;2750;1350;1400;301;1683;766;;;;
096019;Coggiola;1617;782;835;138;894;585;;;;
096020;Cossato;13833;6671;7162;1321;8172;4340;;;;
096021;Crevacuore;1373;681;692;123;781;469;;;;
096023;Curino;466;218;248;43;277;146;;;;
096024;Donato;681;347;334;56;394;231;;;;
096025;Dorzano;528;272;256;46;341;141;;;;
096026;Gaglianico;3803;1814;1989;365;2300;1138;;;;
096027;Gifflenga;104;55;49;12;67;25;;;;
096028;Graglia;1440;695;745;134;839;467;;;;
096030;Magnano;339;180;159;22;216;101;;;;
096031;Massazza;581;322;259;67;377;137;;;;
096032;Masserano;1895;943;952;153;1160;582;;;;
096033;Mezzana Mortigliengo;475;237;238;31;248;196;;;;
096034;Miagliano;535;251;284;53;318;164;;;;
096035;Mongrando;3555;1729;1826;298;2123;1134;;;;
096037;Mottalciata;1272;642;630;126;772;374;;;;
096038;Muzzano;551;256;295;45;317;189;;;;
096039;Netro;895;452;443;54;523;318;;;;
096040;Occhieppo Inferiore;3793;1816;1977;404;2245;1144;;;;
096041;Occhieppo Superiore;2531;1214;1317;214;1506;811;;;;
096042;Pettinengo;1443;730;713;115;863;465;;;;
096043;Piatto;470;239;231;31;283;156;;;;
096044;Piedicavallo;168;89;79;6;99;63;;;;
096046;Pollone;1947;943;1004;180;1146;621;;;;
096047;Ponderano;3608;1736;1872;385;2157;1066;;;;
096048;Portula;1077;547;530;70;629;378;;;;
096049;Pralungo;2293;1126;1167;198;1379;716;;;;
096050;Pray;1999;950;1049;174;1153;672;;;;
096053;Ronco Biellese;1409;713;696;132;877;400;;;;
096054;Roppolo;805;386;419;74;437;294;;;;
096055;Rosazza;95;45;50;2;57;36;;;;
096056;Sagliano Micca;1594;769;825;167;976;451;;;;
096057;Sala Biellese;531;265;266;44;323;164;;;;
096058;Salussola;1835;947;888;192;1140;503;;;;
096059;Sandigliano;2563;1231;1332;226;1575;762;;;;
096063;Sordevolo;1260;623;637;124;779;357;;;;
096064;Sostegno;732;353;379;68;454;210;;;;
096065;Strona;941;462;479;86;559;296;;;;
096066;Tavigliano;884;443;441;77;552;255;;;;
096067;Ternengo;264;130;134;19;157;88;;;;
096068;Tollegno;2342;1122;1220;250;1436;656;;;;
096069;Torrazzo;192;99;93;16;115;61;;;;
096071;Valdengo;2341;1148;1193;229;1401;711;;;;
096072;Vallanzengo;189;88;101;16;116;57;;;;
096074;Valle San Nicolao;815;415;400;49;500;266;;;;
096075;Veglio;421;214;207;39;251;131;;;;
096076;Verrone;1160;578;582;125;715;320;;;;
096077;Vigliano Biellese;7577;3626;3951;765;4489;2323;;;;
096078;Villa del Bosco;312;145;167;17;209;86;;;;
096079;Villanova Biellese;173;86;87;15;104;54;;;;
096080;Viverone;1318;629;689;129;787;402;;;;
096081;Zimone;377;194;183;32;213;132;;;;
096082;Zubiena;1138;581;557;83;673;382;;;;
096083;Zumaglia;959;462;497;84;572;303;;;;
096085;Lessona;2590;1253;1337;256;1558;776;;;;
096086;Campiglia Cervo;488;260;228;36;279;173;;;;
096087;Quaregna Cerreto;2045;1012;1033;230;1286;529;;;;
096088;Valdilana;9880;4829;5051;836;5697;3347;;;;
097001;Abbadia Lariana;3138;1537;1601;321;1948;869;;;;
097002;Airuno;2928;1537;1391;357;1865;706;;;;
097003;Annone di Brianza;2283;1145;1138;259;1448;576;;;;
097004;Ballabio;4181;2144;2037;491;2825;865;;;;
097005;Barzago;2407;1199;1208;264;1542;601;;;;
097006;Barzanò;5047;2463;2584;552;3089;1406;;;;
097007;Barzio;1269;631;638;124;762;383;;;;
097008;Bellano;3357;1667;1690;346;1955;1056;;;;
097009;Bosisio Parini;3199;1606;1593;376;2069;754;;;;
097010;Brivio;4351;2217;2134;416;2784;1151;;;;
097011;Bulciago;2925;1494;1431;405;1811;709;;;;
097012;Calco;5476;2731;2745;688;3577;1211;;;;
097013;Calolziocorte;13593;6695;6898;1576;8278;3739;;;;
097014;Carenno;1390;691;699;138;873;379;;;;
097015;Casargo;833;418;415;94;481;258;;;;
097016;Casatenovo;13234;6502;6732;1624;8213;3397;;;;
097017;Cassago Brianza;4395;2228;2167;562;2771;1062;;;;
097018;Cassina Valsassina;549;280;269;63;328;158;;;;
097019;Castello di Brianza;2633;1321;1312;323;1727;583;;;;
097020;Cernusco Lombardone;3837;1885;1952;447;2369;1021;;;;
097021;Cesana Brianza;2327;1158;1169;281;1414;632;;;;
097022;Civate;3709;1853;1856;403;2257;1049;;;;
097023;Colico;8188;4112;4076;963;5229;1996;;;;
097024;Colle Brianza;1860;964;896;232;1204;424;;;;
097025;Cortenova;1173;572;601;114;751;308;;;;
097026;Costa Masnaga;4738;2390;2348;638;2956;1144;;;;
097027;Crandola Valsassina;261;139;122;32;148;81;;;;
097028;Cremella;1689;837;852;191;1070;428;;;;
097029;Cremeno;1839;1001;838;202;1259;378;;;;
097030;Dervio;2518;1241;1277;239;1490;789;;;;
097031;Dolzago;2544;1249;1295;336;1631;577;;;;
097032;Dorio;325;155;170;28;199;98;;;;
097033;Ello;1187;574;613;123;711;353;;;;
097034;Erve;644;319;325;53;412;179;;;;
097035;Esino Lario;751;384;367;84;427;240;;;;
097036;Galbiate;8426;4131;4295;942;5144;2340;;;;
097037;Garbagnate Monastero;2503;1298;1205;331;1613;559;;;;
097038;Garlate;2661;1320;1341;309;1640;712;;;;
097039;Imbersago;2565;1272;1293;271;1647;647;;;;
097040;Introbio;1948;992;956;222;1217;509;;;;
097042;Lecco;47326;22798;24528;5158;29314;12854;;;;
097043;Lierna;2111;1071;1040;227;1339;545;;;;
097044;Lomagna;5118;2559;2559;653;3306;1159;;;;
097045;Malgrate;4146;2028;2118;470;2554;1122;;;;
097046;Mandello del Lario;9856;4823;5033;944;5837;3075;;;;
097047;Margno;421;225;196;40;276;105;;;;
097048;Merate;15031;7218;7813;1716;8982;4333;;;;
097049;Missaglia;9010;4498;4512;1119;5662;2229;;;;
097050;Moggio;492;247;245;42;313;137;;;;
097051;Molteno;3528;1785;1743;444;2335;749;;;;
097052;Monte Marenzo;1775;883;892;183;1145;447;;;;
097053;Montevecchia;2680;1356;1324;339;1642;699;;;;
097054;Monticello Brianza;4184;2060;2124;453;2517;1214;;;;
097055;Morterone;30;18;12;4;15;11;;;;
097056;Nibionno;3588;1797;1791;466;2268;854;;;;
097057;Oggiono;9218;4582;4636;1176;5716;2326;;;;
097058;Olgiate Molgora;6414;3228;3186;780;4039;1595;;;;
097059;Olginate;6925;3470;3455;779;4323;1823;;;;
097060;Oliveto Lario;1148;595;553;80;741;327;;;;
097061;Osnago;4831;2337;2494;561;3050;1220;;;;
097062;Paderno d'Adda;3891;1919;1972;452;2491;948;;;;
097063;Pagnona;309;159;150;10;177;122;;;;
097064;Parlasco;135;72;63;10;77;48;;;;
097065;Pasturo;1959;1008;951;240;1251;468;;;;
097067;Perledo;830;407;423;68;483;279;;;;
097068;Pescate;2134;1083;1051;243;1375;516;;;;
097069;Premana;2150;1101;1049;251;1355;544;;;;
097070;Primaluna;2274;1139;1135;324;1443;507;;;;
097071;Robbiate;6441;3251;3190;794;4138;1509;;;;
097072;Rogeno;3050;1572;1478;354;1972;724;;;;
097074;Santa Maria Hoè;2079;1057;1022;224;1341;514;;;;
097075;Sirone;2333;1167;1166;283;1512;538;;;;
097076;Sirtori;2790;1405;1385;339;1726;725;;;;
097077;Sueglio;157;83;74;22;80;55;;;;
097078;Suello;1704;835;869;219;1045;440;;;;
097079;Taceno;595;312;283;75;386;134;;;;
097082;Valgreghentino;3357;1693;1664;352;2172;833;;;;
097083;Valmadrera;11233;5551;5682;1310;7013;2910;;;;
097084;Varenna;646;322;324;58;351;237;;;;
097086;Vercurago;2671;1272;1399;266;1575;830;;;;
097090;Viganò;2108;1058;1050;255;1324;529;;;;
097091;Verderio;5516;2755;2761;637;3637;1242;;;;
097092;La Valletta Brianza;4637;2339;2298;518;3016;1103;;;;
097093;Valvarrone;499;260;239;38;296;165;;;;
098001;Abbadia Cerreto;280;139;141;32;170;78;;;;
098002;Bertonico;1081;552;529;133;651;297;;;;
098003;Boffalora d'Adda;1737;860;877;213;1191;333;;;;
098004;Borghetto Lodigiano;4430;2242;2188;600;2799;1031;;;;
098005;Borgo San Giovanni;2444;1219;1225;339;1654;451;;;;
098006;Brembio;2807;1459;1348;335;1808;664;;;;
098008;Casaletto Lodigiano;3019;1538;1481;428;2040;551;;;;
098009;Casalmaiocco;3218;1594;1624;396;2135;687;;;;
098010;Casalpusterlengo;16069;8134;7935;2127;10298;3644;;;;
098011;Caselle Landi;1431;726;705;136;839;456;;;;
098012;Caselle Lurani;3071;1593;1478;434;2063;574;;;;
098013;Castelnuovo Bocca d'Adda;1544;778;766;139;955;450;;;;
098014;Castiglione d'Adda;4524;2279;2245;467;2903;1154;;;;
098015;Castiraga Vidardo;3048;1550;1498;419;2052;577;;;;
098017;Cavenago d'Adda;2128;1057;1071;255;1362;511;;;;
098018;Cervignano d'Adda;2247;1123;1124;280;1513;454;;;;
098019;Codogno;15652;7620;8032;1813;9834;4005;;;;
098020;Comazzo;2379;1233;1146;316;1613;450;;;;
098021;Cornegliano Laudense;2861;1388;1473;321;1877;663;;;;
098022;Corno Giovine;1144;557;587;151;702;291;;;;
098023;Cornovecchio;199;100;99;15;118;66;;;;
098024;Corte Palasio;1522;792;730;180;992;350;;;;
098025;Crespiatica;2208;1144;1064;278;1511;419;;;;
098026;Fombio;2266;1170;1096;267;1536;463;;;;
098027;Galgagnano;1308;669;639;174;912;222;;;;
098028;Graffignana;2602;1335;1267;311;1540;751;;;;
098029;Guardamiglio;2730;1371;1359;332;1751;647;;;;
098030;Livraga;2534;1264;1270;297;1586;651;;;;
098031;Lodi;45643;22326;23317;5256;28727;11660;;;;
098032;Lodi Vecchio;7717;3811;3906;1022;4956;1739;;;;
098033;Maccastorna;67;43;24;11;40;16;;;;
098034;Mairago;1375;700;675;172;886;317;;;;
098035;Maleo;3055;1492;1563;326;1887;842;;;;
098036;Marudo;1757;888;869;222;1150;385;;;;
098037;Massalengo;4456;2272;2184;592;2969;895;;;;
098038;Meleti;456;235;221;47;260;149;;;;
098039;Merlino;1655;844;811;208;1135;312;;;;
098040;Montanaso Lombardo;2256;1114;1142;260;1437;559;;;;
098041;Mulazzano;5829;2929;2900;768;3797;1264;;;;
098042;Orio Litta;2076;1042;1034;250;1310;516;;;;
098043;Ospedaletto Lodigiano;2008;1066;942;259;1318;431;;;;
098044;Ossago Lodigiano;1422;721;701;140;958;324;;;;
098045;Pieve Fissiraga;1753;875;878;213;1200;340;;;;
098046;Salerano sul Lambro;2690;1341;1349;316;1733;641;;;;
098047;San Fiorano;1893;962;931;216;1181;496;;;;
098048;San Martino in Strada;3776;1898;1878;453;2445;878;;;;
098049;San Rocco al Porto;3452;1702;1750;397;2201;854;;;;
098050;Sant'Angelo Lodigiano;13577;6857;6720;1794;8687;3096;;;;
098051;Santo Stefano Lodigiano;1852;939;913;205;1153;494;;;;
098052;Secugnago;2001;986;1015;251;1244;506;;;;
098053;Senna Lodigiana;1813;928;885;189;1137;487;;;;
098054;Somaglia;3864;1942;1922;538;2451;875;;;;
098055;Sordio;3444;1758;1686;456;2330;658;;;;
098056;Tavazzano con Villavesco;6098;3056;3042;763;4013;1322;;;;
098057;Terranova dei Passerini;952;485;467;132;619;201;;;;
098058;Turano Lodigiano;1576;805;771;197;1000;379;;;;
098059;Valera Fratta;1698;873;825;229;1124;345;;;;
098060;Villanova del Sillaro;1899;988;911;253;1309;337;;;;
098061;Zelo Buon Persico;7434;3632;3802;1003;4922;1509;;;;
098062;Castelgerundo;1454;728;726;158;935;361;;;;
099001;Bellaria-Igea Marina;19562;9601;9961;2155;12825;4582;;;;
099002;Cattolica;16614;7816;8798;1597;10379;4638;;;;
099003;Coriano;10487;5222;5265;1196;6783;2508;;;;
099004;Gemmano;1156;574;582;126;725;305;;;;
099005;Misano Adriatico;14171;7020;7151;1706;9262;3203;;;;
099006;Mondaino;1357;687;670;123;867;367;;;;
099008;Montefiore Conca;2312;1158;1154;255;1565;492;;;;
099009;Montegridolfo;1025;511;514;110;672;243;;;;
099011;Morciano di Romagna;7282;3547;3735;863;4594;1825;;;;
099013;Riccione;34367;16224;18143;3419;21363;9585;;;;
099014;Rimini;150774;72814;77960;16772;95546;38456;;;;
099015;Saludecio;3274;1645;1629;367;2166;741;;;;
099016;San Clemente;5749;2841;2908;795;3898;1056;;;;
099017;San Giovanni in Marignano;9425;4635;4790;1127;5992;2306;;;;
099018;Santarcangelo di Romagna;22366;10965;11401;2576;14252;5538;;;;
099020;Verucchio;10044;5076;4968;1189;6357;2498;;;;
099021;Casteldelci;349;172;177;32;196;121;;;;
099022;Maiolo;783;400;383;61;516;206;;;;
099023;Novafeltria;7031;3516;3515;774;4265;1992;;;;
099024;Pennabilli;2692;1350;1342;254;1602;836;;;;
099025;San Leo;2877;1486;1391;322;1849;706;;;;
099026;Sant'Agata Feltria;1957;982;975;179;1166;612;;;;
099027;Talamello;1081;521;560;106;668;307;;;;
099028;Poggio Torriana;5097;2576;2521;600;3304;1193;;;;
099029;Montescudo-Monte Colombo;7004;3534;3470;931;4724;1349;;;;
099030;Montecopiolo;1029;517;512;110;591;328;;;;
099031;Sassofeltrio;1379;667;712;159;881;339;;;;
100001;Cantagallo;3088;1587;1501;302;1966;820;;;;
100002;Carmignano;14500;7183;7317;1579;9631;3290;;;;
100003;Montemurlo;19169;9507;9662;2269;12089;4811;;;;
100004;Poggio a Caiano;9908;4824;5084;1139;6253;2516;;;;
100005;Prato;198327;98099;100228;22613;130763;44951;;;;
100006;Vaiano;9965;4846;5119;1027;6036;2902;;;;
100007;Vernio;6195;3087;3108;586;3825;1784;;;;
101001;Belvedere di Spinello;1878;920;958;212;1076;590;;;;
101002;Caccuri;1497;751;746;178;892;427;;;;
101003;Carfizzi;534;277;257;22;300;212;;;;
101004;Casabona;2163;1033;1130;222;1274;667;;;;
101005;Castelsilano;902;450;452;97;509;296;;;;
101006;Cerenzia;983;484;499;87;584;312;;;;
101007;Cirò;2321;1096;1225;243;1415;663;;;;
101008;Cirò Marina;14233;6943;7290;2062;9095;3076;;;;
101009;Cotronei;5068;2501;2567;655;3153;1260;;;;
101010;Crotone;58136;28661;29475;7560;37497;13079;;;;
101011;Crucoli;2752;1311;1441;320;1605;827;;;;
101012;Cutro;9165;4548;4617;1142;5550;2473;;;;
101013;Isola di Capo Rizzuto;18985;10255;8730;3039;12953;2993;;;;
101014;Melissa;3297;1626;1671;421;2062;814;;;;
101015;Mesoraca;5701;2793;2908;779;3521;1401;;;;
101016;Pallagorio;882;434;448;64;434;384;;;;
101017;Petilia Policastro;8430;4223;4207;1155;5331;1944;;;;
101018;Roccabernarda;3045;1500;1545;356;1883;806;;;;
101019;Rocca di Neto;5286;2623;2663;787;3356;1143;;;;
101020;San Mauro Marchesato;1868;906;962;233;1117;518;;;;
101021;San Nicola dell'Alto;645;330;315;43;331;271;;;;
101022;Santa Severina;1829;907;922;217;1130;482;;;;
101023;Savelli;1005;519;486;76;555;374;;;;
101024;Scandale;2856;1404;1452;352;1781;723;;;;
101025;Strongoli;6113;2990;3123;816;3904;1393;;;;
101026;Umbriatico;685;340;345;75;392;218;;;;
101027;Verzino;1506;725;781;158;879;469;;;;
102001;Acquaro;1780;855;925;175;999;606;;;;
102002;Arena;1144;565;579;96;720;328;;;;
102003;Briatico;3578;1815;1763;448;2208;922;;;;
102004;Brognaturo;719;414;305;70;504;145;;;;
102005;Capistrano;931;454;477;99;529;303;;;;
102006;Cessaniti;2844;1431;1413;319;1723;802;;;;
102007;Dasà;1067;532;535;149;643;275;;;;
102008;Dinami;1642;803;839;154;921;567;;;;
102009;Drapia;2095;1045;1050;209;1285;601;;;;
102010;Fabrizia;1928;921;1007;243;1197;488;;;;
102011;Filadelfia;4942;2417;2525;604;2976;1362;;;;
102012;Filandari;1737;857;880;250;1140;347;;;;
102013;Filogaso;1306;668;638;180;825;301;;;;
102014;Francavilla Angitola;1798;925;873;171;1112;515;;;;
102015;Francica;1608;813;795;267;1007;334;;;;
102016;Gerocarne;1856;934;922;210;1198;448;;;;
102017;Jonadi;4768;2333;2435;848;3232;688;;;;
102018;Joppolo;1711;866;845;133;1034;544;;;;
102019;Limbadi;3184;1569;1615;393;2008;783;;;;
102020;Maierato;2152;1052;1100;251;1471;430;;;;
102021;Mileto;6228;3154;3074;760;4015;1453;;;;
102022;Mongiana;573;288;285;53;367;153;;;;
102023;Monterosso Calabro;1440;696;744;118;853;469;;;;
102024;Nardodipace;1018;497;521;121;639;258;;;;
102025;Nicotera;7079;3629;3450;697;4821;1561;;;;
102026;Parghelia;1271;620;651;145;789;337;;;;
102027;Pizzo;8668;4253;4415;967;5469;2232;;;;
102028;Pizzoni;916;448;468;106;532;278;;;;
102029;Polia;770;371;399;70;429;271;;;;
102030;Ricadi;5048;2597;2451;606;3224;1218;;;;
102031;Rombiolo;4201;2124;2077;578;2666;957;;;;
102032;San Calogero;3712;1836;1876;484;2311;917;;;;
102033;San Costantino Calabro;2031;995;1036;262;1244;525;;;;
102034;San Gregorio d'Ippona;2574;1327;1247;415;1656;503;;;;
102035;San Nicola da Crissa;1174;610;564;121;675;378;;;;
102036;Sant'Onofrio;2655;1323;1332;316;1650;689;;;;
102037;Serra San Bruno;6252;3150;3102;837;3996;1419;;;;
102038;Simbario;910;460;450;94;570;246;;;;
102039;Sorianello;1068;547;521;155;668;245;;;;
102040;Soriano Calabro;2783;1377;1406;393;1912;478;;;;
102041;Spadola;795;403;392;97;506;192;;;;
102042;Spilinga;1345;680;665;137;823;385;;;;
102043;Stefanaconi;2248;1123;1125;312;1404;532;;;;
102044;Tropea;5668;2725;2943;556;3552;1560;;;;
102045;Vallelonga;828;475;353;101;535;192;;;;
102046;Vazzano;919;442;477;96;523;300;;;;
102047;Vibo Valentia;30753;14918;15835;3598;19241;7914;;;;
102048;Zaccanopoli;646;318;328;61;384;201;;;;
102049;Zambrone;1766;863;903;232;1110;424;;;;
102050;Zungri;1793;905;888;228;1162;403;;;;
103001;Antrona Schieranco;392;198;194;34;207;151;;;;
103002;Anzola d'Ossola;378;191;187;31;229;118;;;;
103003;Arizzano;1951;937;1014;177;1239;535;;;;
103004;Arola;238;121;117;17;144;77;;;;
103005;Aurano;111;59;52;6;64;41;;;;
103006;Baceno;862;415;447;81;490;291;;;;
103007;Bannio Anzino;453;235;218;46;243;164;;;;
103008;Baveno;4504;2188;2316;425;2730;1349;;;;
103009;Bee;777;379;398;75;500;202;;;;
103010;Belgirate;450;206;244;20;275;155;;;;
103011;Beura-Cardezza;1429;735;694;142;887;400;;;;
103012;Bognanco;198;112;86;12;120;66;;;;
103013;Brovello-Carpugnino;804;412;392;91;520;193;;;;
103014;Calasca-Castiglione;581;287;294;55;332;194;;;;
103015;Cambiasca;1630;780;850;178;1017;435;;;;
103016;Cannero Riviera;885;443;442;55;554;276;;;;
103017;Cannobio;5012;2430;2582;501;3150;1361;;;;
103018;Caprezzo;175;94;81;7;106;62;;;;
103019;Casale Corte Cerro;3278;1629;1649;323;2091;864;;;;
103021;Ceppo Morelli;285;150;135;15;149;121;;;;
103022;Cesara;666;385;281;56;446;164;;;;
103023;Cossogno;662;339;323;72;421;169;;;;
103024;Craveggia;789;412;377;77;516;196;;;;
103025;Crevoladossola;4385;2141;2244;460;2706;1219;;;;
103026;Crodo;1413;701;712;137;831;445;;;;
103028;Domodossola;17625;8384;9241;1770;10653;5202;;;;
103029;Druogno;1029;521;508;128;652;249;;;;
103031;Formazza;410;205;205;30;244;136;;;;
103032;Germagno;185;101;84;15;111;59;;;;
103033;Ghiffa;2165;1071;1094;188;1311;666;;;;
103034;Gignese;1119;568;551;121;675;323;;;;
103035;Gravellona Toce;7642;3708;3934;861;4647;2134;;;;
103036;Gurro;159;84;75;9;87;63;;;;
103037;Intragna;85;47;38;9;45;31;;;;
103038;Loreglia;197;99;98;10;103;84;;;;
103039;Macugnaga;485;252;233;24;277;184;;;;
103040;Madonna del Sasso;347;177;170;21;230;96;;;;
103041;Malesco;1339;668;671;119;843;377;;;;
103042;Masera;1487;739;748;154;907;426;;;;
103043;Massiola;103;57;46;8;60;35;;;;
103044;Mergozzo;2131;1059;1072;209;1342;580;;;;
103045;Miazzina;402;208;194;23;256;123;;;;
103046;Montecrestese;1249;603;646;140;723;386;;;;
103047;Montescheno;356;175;181;23;214;119;;;;
103048;Nonio;820;398;422;79;495;246;;;;
103049;Oggebbio;794;386;408;77;482;235;;;;
103050;Omegna;14182;6865;7317;1335;8562;4285;;;;
103051;Ornavasso;3301;1664;1637;381;2073;847;;;;
103052;Pallanzeno;1064;529;535;103;640;321;;;;
103053;Piedimulera;1426;721;705;136;859;431;;;;
103054;Pieve Vergonte;2412;1185;1227;230;1424;758;;;;
103055;Premeno;732;373;359;59;440;233;;;;
103056;Premia;568;278;290;57;328;183;;;;
103057;Premosello-Chiovenda;1864;898;966;161;1179;524;;;;
103058;Quarna Sopra;240;116;124;19;136;85;;;;
103059;Quarna Sotto;373;188;185;30;227;116;;;;
103060;Re;707;351;356;79;429;199;;;;
103061;San Bernardino Verbano;1226;620;606;93;809;324;;;;
103062;Santa Maria Maggiore;1305;638;667;145;797;363;;;;
103064;Stresa;4548;2174;2374;385;2718;1445;;;;
103065;Toceno;765;397;368;91;479;195;;;;
103066;Trarego Viggiona;383;204;179;35;245;103;;;;
103067;Trasquera;173;87;86;10;108;55;;;;
103068;Trontano;1667;831;836;153;1027;487;;;;
103069;Valstrona;1111;562;549;113;702;296;;;;
103070;Vanzone con San Carlo;397;193;204;42;244;111;;;;
103071;Varzo;1896;946;950;179;1120;597;;;;
103072;Verbania;29825;14239;15586;2916;18362;8547;;;;
103074;Vignone;1187;583;604;120;772;295;;;;
103075;Villadossola;6249;3049;3200;606;3713;1930;;;;
103076;Villette;270;133;137;31;161;78;;;;
103077;Vogogna;1669;854;815;117;1064;488;;;;
103078;Borgomezzavalle;284;148;136;16;161;107;;;;
103079;Valle Cannobina;416;225;191;25;240;151;;;;
108001;Agrate Brianza;15891;7877;8014;1985;10404;3502;;;;
108002;Aicurzio;2072;1014;1058;229;1303;540;;;;
108003;Albiate;6720;3271;3449;824;4504;1392;;;;
108004;Arcore;17938;8739;9199;2013;11239;4686;;;;
108005;Barlassina;6985;3452;3533;807;4435;1743;;;;
108006;Bellusco;7487;3699;3788;881;4759;1847;;;;
108007;Bernareggio;11706;5878;5828;1484;7740;2482;;;;
108008;Besana in Brianza;15503;7663;7840;1604;9834;4065;;;;
108009;Biassono;12430;6026;6404;1420;7791;3219;;;;
108010;Bovisio-Masciago;16953;8258;8695;2028;11077;3848;;;;
108011;Briosco;6131;3021;3110;734;3759;1638;;;;
108012;Brugherio;35471;17235;18236;4291;22526;8654;;;;
108013;Burago di Molgora;4370;2138;2232;475;2676;1219;;;;
108014;Camparada;2261;1206;1055;268;1543;450;;;;
108015;Carate Brianza;18054;8836;9218;2083;11376;4595;;;;
108016;Carnate;7992;4031;3961;962;4932;2098;;;;
108017;Cavenago di Brianza;7590;3796;3794;1038;4971;1581;;;;
108018;Ceriano Laghetto;6675;3285;3390;820;4322;1533;;;;
108019;Cesano Maderno;40177;20104;20073;5106;26172;8899;;;;
108020;Cogliate;8469;4158;4311;953;5415;2101;;;;
108021;Concorezzo;16153;7924;8229;1945;10358;3850;;;;
108022;Correzzana;3289;1644;1645;475;2184;630;;;;
108023;Desio;41872;20683;21189;5220;26806;9846;;;;
108024;Giussano;26509;13213;13296;3346;16967;6196;;;;
108025;Lazzate;7722;3796;3926;854;4967;1901;;;;
108026;Lesmo;8376;4116;4260;957;5379;2040;;;;
108027;Limbiate;35865;17946;17919;4733;23118;8014;;;;
108028;Lissone;46792;23047;23745;6097;30428;10267;;;;
108029;Macherio;7582;3778;3804;849;4807;1926;;;;
108030;Meda;23735;11746;11989;2751;15025;5959;;;;
108031;Mezzago;4479;2253;2226;560;2905;1014;;;;
108032;Misinto;5749;2886;2863;693;3788;1268;;;;
108033;Monza;123672;59781;63891;14597;77774;31301;;;;
108034;Muggiò;23585;11511;12074;2839;14990;5756;;;;
108035;Nova Milanese;23068;11291;11777;2776;14601;5691;;;;
108036;Ornago;5487;2700;2787;692;3629;1166;;;;
108037;Renate;3983;2014;1969;471;2489;1023;;;;
108038;Ronco Briantino;3777;1910;1867;439;2561;777;;;;
108039;Seregno;45240;21824;23416;5475;28480;11285;;;;
108040;Seveso;23982;11802;12180;3133;15470;5379;;;;
108041;Sovico;8313;4070;4243;951;5286;2076;;;;
108042;Sulbiate;4532;2301;2231;595;2958;979;;;;
108043;Triuggio;8776;4412;4364;1091;5535;2150;;;;
108044;Usmate Velate;10740;5338;5402;1357;6851;2532;;;;
108045;Varedo;14039;6872;7167;1773;8684;3582;;;;
108046;Vedano al Lambro;7363;3513;3850;748;4455;2160;;;;
108047;Veduggio con Colzano;4182;2095;2087;444;2605;1133;;;;
108048;Verano Brianza;9126;4525;4601;1067;5793;2266;;;;
108049;Villasanta;14305;6910;7395;1644;8825;3836;;;;
108050;Vimercate;26341;12832;13509;2948;15929;7464;;;;
108051;Busnago;6882;3429;3453;872;4455;1555;;;;
108052;Caponago;5050;2523;2527;586;3359;1105;;;;
108053;Cornate d'Adda;11134;5607;5527;1406;7219;2509;;;;
108054;Lentate sul Seveso;16049;8071;7978;1909;9944;4196;;;;
108055;Roncello;4772;2382;2390;766;3152;854;;;;
109001;Altidona;3799;1833;1966;499;2462;838;;;;
109002;Amandola;3206;1611;1595;300;1918;988;;;;
109003;Belmonte Piceno;545;263;282;53;301;191;;;;
109004;Campofilone;1930;971;959;206;1191;533;;;;
109005;Falerone;3148;1602;1546;332;1880;936;;;;
109006;Fermo;35853;17505;18348;3732;22072;10049;;;;
109007;Francavilla d'Ete;914;476;438;100;513;301;;;;
109008;Grottazzolina;3239;1584;1655;354;2076;809;;;;
109009;Lapedona;1144;572;572;104;689;351;;;;
109010;Magliano di Tenna;1405;718;687;163;899;343;;;;
109011;Massa Fermana;819;394;425;81;492;246;;;;
109012;Monsampietro Morico;582;289;293;61;319;202;;;;
109013;Montappone;1537;761;776;150;936;451;;;;
109014;Montefalcone Appennino;363;180;183;31;194;138;;;;
109015;Montefortino;1014;506;508;72;603;339;;;;
109016;Monte Giberto;737;368;369;72;442;223;;;;
109017;Montegiorgio;6236;3085;3151;659;3749;1828;;;;
109018;Montegranaro;12482;6265;6217;1424;7668;3390;;;;
109019;Monteleone di Fermo;351;182;169;18;196;137;;;;
109020;Montelparo;684;355;329;58;376;250;;;;
109021;Monte Rinaldo;302;155;147;24;168;110;;;;
109022;Monterubbiano;1964;989;975;203;1144;617;;;;
109023;Monte San Pietrangeli;2147;1047;1100;221;1264;662;;;;
109024;Monte Urano;7777;3867;3910;898;4768;2111;;;;
109025;Monte Vidon Combatte;394;189;205;35;237;122;;;;
109026;Monte Vidon Corrado;666;340;326;70;402;194;;;;
109027;Montottone;890;413;477;79;500;311;;;;
109028;Moresco;510;247;263;52;273;185;;;;
109029;Ortezzano;730;366;364;87;413;230;;;;
109030;Pedaso;2819;1359;1460;339;1795;685;;;;
109031;Petritoli;2086;1031;1055;173;1262;651;;;;
109032;Ponzano di Fermo;1589;806;783;173;996;420;;;;
109033;Porto San Giorgio;15488;7298;8190;1662;9222;4604;;;;
109034;Porto Sant'Elpidio;25735;12621;13114;3056;16320;6359;;;;
109035;Rapagnano;1908;962;946;226;1187;495;;;;
109036;Santa Vittoria in Matenano;1109;530;579;93;633;383;;;;
109037;Sant'Elpidio a Mare;16325;8129;8196;1775;10234;4316;;;;
109038;Servigliano;2205;1129;1076;203;1409;593;;;;
109039;Smerillo;330;169;161;27;200;103;;;;
109040;Torre San Patrizio;1810;905;905;174;1076;560;;;;
110001;Andria;96520;47615;48905;12365;63808;20347;;;;
110002;Barletta;92067;45661;46406;11367;59947;20753;;;;
110003;Bisceglie;53242;26342;26900;6476;34582;12184;;;;
110004;Canosa di Puglia;27275;13579;13696;2912;17676;6687;;;;
110005;Margherita di Savoia;11025;5364;5661;1121;6862;3042;;;;
110006;Minervino Murge;7811;3843;3968;737;4920;2154;;;;
110007;San Ferdinando di Puglia;13855;6977;6878;2125;8850;2880;;;;
110008;Spinazzola;5794;2853;2941;568;3565;1661;;;;
110009;Trani;54731;27037;27694;6270;35687;12774;;;;
110010;Trinitapoli;13613;6662;6951;1857;8699;3057;;;;
111001;Arbus;5532;2740;2792;432;3283;1817;;;;
111002;Armungia;395;209;186;23;221;151;;;;
111003;Ballao;706;359;347;56;406;244;;;;
111004;Barrali;1087;566;521;126;678;283;;;;
111005;Barumini;1084;553;531;92;651;341;;;;
111006;Buggerru;1007;519;488;89;581;337;;;;
111007;Burcei;2571;1286;1285;293;1641;637;;;;
111008;Calasetta;2776;1393;1383;254;1582;940;;;;
111009;Carbonia;25353;12176;13177;1945;14660;8748;;;;
111010;Carloforte;5851;2881;2970;468;3466;1917;;;;
111011;Castiadas;1740;890;850;180;1082;478;;;;
111012;Collinas;741;362;379;52;423;266;;;;
111013;Decimoputzu;4165;2131;2034;490;2619;1056;;;;
111014;Dolianova;9357;4693;4664;1013;6008;2336;;;;
111015;Domus de Maria;1630;817;813;130;972;528;;;;
111016;Domusnovas;5694;2815;2879;469;3512;1713;;;;
111017;Donori;1912;960;952;190;1199;523;;;;
111018;Escalaplano;2017;1089;928;207;1197;613;;;;
111019;Escolca;531;255;276;43;308;180;;;;
111020;Esterzili;536;263;273;37;306;193;;;;
111021;Fluminimaggiore;2575;1265;1310;193;1547;835;;;;
111022;Furtei;1474;734;740;120;897;457;;;;
111023;Genoni;716;356;360;49;385;282;;;;
111024;Genuri;295;141;154;23;143;129;;;;
111025;Gergei;1095;560;535;104;639;352;;;;
111026;Gesico;698;359;339;46;449;203;;;;
111027;Gesturi;1113;550;563;122;641;350;;;;
111028;Giba;1861;912;949;140;1096;625;;;;
111029;Goni;434;246;188;30;261;143;;;;
111030;Gonnesa;4456;2216;2240;348;2643;1465;;;;
111031;Gonnosfanadiga;5959;2913;3046;532;3690;1737;;;;
111032;Guamaggiore;872;435;437;84;531;257;;;;
111033;Guasila;2411;1198;1213;228;1489;694;;;;
111034;Guspini;10563;5219;5344;939;6396;3228;;;;
111035;Iglesias;24409;11756;12653;1959;14885;7565;;;;
111036;Isili;2429;1220;1209;205;1423;801;;;;
111037;Las Plassas;208;110;98;15;119;74;;;;
111038;Lunamatrona;1582;771;811;131;892;559;;;;
111039;Mandas;1938;988;950;184;1126;628;;;;
111040;Masainas;1203;572;631;84;684;435;;;;
111041;Monastir;4884;2655;2229;480;3137;1267;;;;
111042;Muravera;4973;2424;2549;373;3140;1460;;;;
111043;Musei;1512;771;741;171;919;422;;;;
111044;Narcao;2967;1510;1457;246;1779;942;;;;
111045;Nuragus;795;393;402;66;440;289;;;;
111046;Nurallao;1089;557;532;80;654;355;;;;
111047;Nuraminis;2337;1165;1172;222;1376;739;;;;
111048;Nurri;1988;993;995;216;1181;591;;;;
111049;Nuxis;1382;673;709;105;801;476;;;;
111050;Orroli;1909;969;940;158;1099;652;;;;
111051;Ortacesus;859;445;414;84;516;259;;;;
111052;Pabillonis;2404;1227;1177;192;1528;684;;;;
111053;Pauli Arbarei;524;269;255;38;337;149;;;;
111054;Perdaxius;1276;639;637;110;752;414;;;;
111055;Pimentel;1078;557;521;95;660;323;;;;
111056;Piscinas;758;370;388;67;453;238;;;;
111057;Portoscuso;4689;2317;2372;404;2776;1509;;;;
111058;Sadali;772;378;394;66;422;284;;;;
111059;Samassi;4674;2302;2372;396;2828;1450;;;;
111060;Samatzai;1502;750;752;148;936;418;;;;
111061;San Basilio;1067;550;517;110;678;279;;;;
111062;San Gavino Monreale;7823;3794;4029;668;4646;2509;;;;
111063;San Giovanni Suergiu;5523;2763;2760;489;3206;1828;;;;
111064;San Nicolò Gerrei;709;368;341;73;410;226;;;;
111065;San Sperate;8625;4318;4307;968;5687;1970;;;;
111066;San Vito;3409;1709;1700;291;2040;1078;;;;
111067;Sanluri;7996;3950;4046;704;5087;2205;;;;
111068;Santadi;3029;1490;1539;259;1720;1050;;;;
111069;Sant'Andrea Frius;1659;858;801;159;1003;497;;;;
111070;Sant'Anna Arresi;2626;1328;1298;211;1552;863;;;;
111071;Sant'Antioco;10404;5097;5307;852;6100;3452;;;;
111072;Sardara;3711;1839;1872;348;2237;1126;;;;
111073;Segariu;1074;536;538;89;668;317;;;;
111074;Selegas;1253;616;637;119;790;344;;;;
111075;Senorbì;4810;2407;2403;506;3150;1154;;;;
111076;Serdiana;2643;1322;1321;281;1734;628;;;;
111077;Serramanna;8388;4155;4233;752;5228;2408;;;;
111078;Serrenti;4425;2233;2192;408;2653;1364;;;;
111079;Serri;588;292;296;39;360;189;;;;
111080;Setzu;127;65;62;10;74;43;;;;
111081;Seui;1137;587;550;99;681;357;;;;
111082;Seulo;745;404;341;69;435;241;;;;
111083;Siddi;541;270;271;21;297;223;;;;
111084;Siliqua;3468;1732;1736;302;2071;1095;;;;
111085;Silius;987;532;455;62;642;283;;;;
111086;Siurgus Donigala;1820;907;913;178;1100;542;;;;
111087;Soleminis;1902;958;944;195;1254;453;;;;
111088;Suelli;1049;533;516;110;641;298;;;;
111089;Teulada;3156;1631;1525;212;1812;1132;;;;
111090;Tratalias;988;507;481;76;592;320;;;;
111091;Tuili;882;432;450;65;484;333;;;;
111092;Turri;375;190;185;32;192;151;;;;
111093;Ussana;3997;1986;2011;391;2557;1049;;;;
111094;Ussaramanna;466;238;228;30;261;175;;;;
111095;Vallermosa;1782;898;884;178;1056;548;;;;
111096;Villacidro;12878;6403;6475;1297;8072;3509;;;;
111097;Villamar;2392;1206;1186;220;1496;676;;;;
111098;Villamassargia;3278;1651;1627;271;1979;1028;;;;
111099;Villanova Tulo;977;506;471;107;561;309;;;;
111100;Villanovaforru;789;529;260;59;555;175;;;;
111101;Villanovafranca;1135;573;562;79;681;375;;;;
111102;Villaperuccio;1007;487;520;93;604;310;;;;
111103;Villaputzu;4364;2142;2222;365;2605;1394;;;;
111104;Villasalto;876;440;436;49;492;335;;;;
111105;Villasimius;3762;1916;1846;326;2484;952;;;;
111106;Villasor;6480;3247;3233;584;4034;1862;;;;
111107;Villaspeciosa;2700;1358;1342;348;1835;517;;;;
Nota: lo stato civile è in corso di validazione.;;0;0;0;0;0;0;;;;
