istat_code,name,region,population,eligibility_reason
095001,Abbasanta,Sardegna,5078,southern_italy
068001,Abbateggio,Abruzzo,690,southern_italy
076001,Abriola,Basilicata,2390,southern_italy
071001,Accadia,Puglia,4408,southern_italy
077001,Accettura,Basilicata,3150,southern_italy
066001,Acciano,Abruzzo,504,southern_italy
057001,Accumoli,Lazio,986,sisma_2016
076002,Acerenza,Basilicata,4014,southern_italy
065001,Acerno,Campania,4836,southern_italy
087001,Aci Bonaccorsi,Sicilia,7118,southern_italy
078001,Acquaformosa,Calabria,1860,southern_italy
078002,Acquappesa,Calabria,3508,southern_italy
102001,Acquaro,Calabria,3560,southern_italy
044001,Acquasanta Terme,Marche,4822,sisma_2016
070001,Acquaviva Collecroce,Molise,1072,southern_italy
094001,Acquaviva d'Isernia,Molise,692,southern_italy
085001,Acquaviva Platani,Sicilia,1638,southern_italy
083107,Acquedolci,Sicilia,11064,southern_italy
080001,Africo,Calabria,5340,southern_italy
063003,Agerola,Campania,15688,southern_italy
090001,Aggius,Sardegna,2756,southern_italy
086001,Agira,Sicilia,15058,southern_italy
090062,Aglientu,Sardegna,2390,southern_italy
080002,Agnana Calabra,Calabria,892,southern_italy
094002,Agnone,Molise,9090,southern_italy
095002,Aidomaggiore,Sardegna,748,southern_italy
086002,Aidone,Sicilia,8410,southern_italy
066002,Aielli,Abruzzo,2740,southern_italy
078004,Aiello Calabro,Calabria,2648,southern_italy
064001,Aiello del Sabato,Campania,8090,southern_italy
078005,Aieta,Calabria,1406,southern_italy
061001,Ailano,Campania,2254,southern_italy
062001,Airola,Campania,16178,southern_italy
090002,Alà dei Sardi,Sardegna,3490,southern_italy
068002,Alanno,Abruzzo,6524,southern_italy
095003,Albagiara,Sardegna,438,southern_italy
065003,Albanella,Campania,12678,southern_italy
076003,Albano di Lucania,Basilicata,2550,southern_italy
071002,Alberona,Puglia,1672,southern_italy
079002,Albi,Calabria,1478,southern_italy
078006,Albidona,Calabria,2094,southern_italy
083001,Alcara li Fusi,Sicilia,3178,southern_italy
095004,Ales,Sardegna,2458,southern_italy
078007,Alessandria del Carretto,Calabria,674,southern_italy
084002,Alessandria della Rocca,Sicilia,4602,southern_italy
075002,Alessano,Puglia,11964,southern_italy
075003,Alezio,Puglia,11288,southern_italy
065004,Alfano,Campania,1782,southern_italy
066003,Alfedena,Abruzzo,1834,southern_italy
083002,Alì,Sicilia,1192,southern_italy
083003,Alì Terme,Sicilia,4634,southern_italy
082001,Alia,Sicilia,6276,southern_italy
077002,Aliano,Basilicata,1608,southern_italy
061002,Alife,Campania,14498,southern_italy
082002,Alimena,Sicilia,3644,southern_italy
082003,Aliminusa,Sicilia,2010,southern_italy
095005,Allai,Sardegna,666,southern_italy
075004,Alliste,Puglia,12688,southern_italy
064002,Altavilla Irpina,Campania,7606,southern_italy
082004,Altavilla Milicia,Sicilia,18110,southern_italy
065005,Altavilla Silentina,Campania,14116,southern_italy
078008,Altilia,Calabria,1338,southern_italy
069001,Altino,Abruzzo,6020,southern_italy
082005,Altofonte,Sicilia,19484,southern_italy
078009,Altomonte,Calabria,7886,southern_italy
061003,Alvignano,Campania,8866,southern_italy
065006,Amalfi,Campania,9144,southern_italy
109002,Amandola,Marche,6412,sisma_2016
079003,Amaroni,Calabria,3190,southern_italy
079004,Amato,Calabria,1538,southern_italy
057002,Amatrice,Lazio,4292,sisma_2016
078011,Amendolara,Calabria,5180,southern_italy
062002,Amorosi,Campania,5258,southern_italy
063004,Anacapri,Campania,13492,southern_italy
067002,Ancarano,Abruzzo,3748,southern_italy
079005,Andali,Calabria,1162,southern_italy
075005,Andrano,Puglia,8812,southern_italy
064003,Andretta,Campania,3260,southern_italy
090004,Anela,Sardegna,1106,southern_italy
080003,Anoia,Calabria,3990,southern_italy
083004,Antillo,Sicilia,1546,southern_italy
080004,Antonimina,Calabria,2304,southern_italy
057003,Antrodoco,Lazio,4476,sisma_2016
066004,Anversa degli Abruzzi,Abruzzo,608,southern_italy
071003,Anzano di Puglia,Puglia,2110,southern_italy
076004,Anzi,Basilicata,2890,southern_italy
062003,Apice,Campania,10350,southern_italy
043002,Apiro,Marche,4030,sisma_2016
062004,Apollosa,Campania,4838,southern_italy
044005,Appignano del Tronto,Marche,3282,sisma_2016
078012,Aprigliano,Calabria,4614,southern_italy
065008,Aquara,Campania,2474,southern_italy
064004,Aquilonia,Campania,2762,southern_italy
075006,Aradeo,Puglia,17596,southern_italy
084003,Aragona,Sicilia,17338,southern_italy
095006,Arborea,Sardegna,7402,southern_italy
111001,Arbus,Sardegna,11064,southern_italy
069002,Archi,Abruzzo,3858,southern_italy
090005,Ardara,Sardegna,1360,southern_italy
095007,Ardauli,Sardegna,1476,southern_italy
080005,Ardore,Calabria,9812,southern_italy
102002,Arena,Calabria,2288,southern_italy
079007,Argusto,Calabria,800,southern_italy
069003,Ari,Abruzzo,2142,southern_italy
069004,Arielli,Abruzzo,2084,southern_italy
061004,Arienzo,Campania,10798,southern_italy
091001,Aritzo,Sardegna,2544,southern_italy
076005,Armento,Basilicata,1070,southern_italy
111002,Armungia,Sardegna,790,southern_italy
075007,Arnesano,Puglia,7806,southern_italy
062005,Arpaia,Campania,3966,southern_italy
062006,Arpaise,Campania,1444,southern_italy
044006,Arquata del Tronto,Marche,1820,sisma_2016
055005,Arrone,Umbria,5008,sisma_2016
067003,Arsita,Abruzzo,1434,southern_italy
091002,Arzana,Sardegna,4398,southern_italy
065009,Ascea,Campania,11828,southern_italy
071005,Ascoli Satriano,Puglia,11268,southern_italy
095008,Assolo,Sardegna,642,southern_italy
086003,Assoro,Sicilia,9498,southern_italy
095009,Asuni,Sardegna,590,southern_italy
066005,Ateleta,Abruzzo,2206,southern_italy
076006,Atella,Basilicata,7148,southern_italy
065010,Atena Lucana,Campania,4800,southern_italy
065011,Atrani,Campania,1502,southern_italy
067004,Atri,Abruzzo,19628,southern_italy
091003,Atzara,Sardegna,1948,southern_italy
065012,Auletta,Campania,4212,southern_italy
091004,Austis,Sardegna,1422,southern_italy
064007,Avella,Campania,14834,southern_italy
073001,Avetrana,Puglia,12218,southern_italy
090081,Badesi,Sardegna,3624,southern_italy
079008,Badolato,Calabria,5658,southern_italy
080006,Bagaladi,Calabria,1832,southern_italy
080007,Bagnara Calabra,Calabria,18204,southern_italy
094003,Bagnoli del Trigno,Molise,1214,southern_italy
064009,Bagnoli Irpino,Campania,5980,southern_italy
075008,Bagnolo del Salento,Puglia,3396,southern_italy
061006,Baia e Latina,Campania,3964,southern_italy
064010,Baiano,Campania,8742,southern_italy
082007,Balestrate,Sicilia,12758,southern_italy
111003,Ballao,Sardegna,1412,southern_italy
066007,Balsorano,Abruzzo,6392,southern_italy
076008,Balvano,Basilicata,3300,southern_italy
090007,Banari,Sardegna,1016,southern_italy
076009,Banzi,Basilicata,2262,southern_italy
095010,Baradili,Sardegna,160,southern_italy
076010,Baragiano,Basilicata,4954,southern_italy
070002,Baranello,Molise,4848,southern_italy
063007,Barano d'Ischia,Campania,19906,southern_italy
095011,Baratili San Pietro,Sardegna,2388,southern_italy
095012,Baressa,Sardegna,1056,southern_italy
066008,Barete,Abruzzo,1268,southern_italy+sisma_2016
091005,Bari Sardo,Sardegna,7540,southern_italy
076011,Barile,Basilicata,4982,southern_italy
066009,Barisciano,Abruzzo,3274,southern_italy
111004,Barrali,Sardegna,2174,southern_italy
066010,Barrea,Abruzzo,1354,southern_italy
111005,Barumini,Sardegna,2168,southern_italy
067005,Basciano,Abruzzo,4624,southern_italy
062007,Baselice,Campania,3960,southern_italy
083006,Basicò,Sicilia,1228,southern_italy
082008,Baucina,Sicilia,3676,southern_italy
095013,Bauladu,Sardegna,1226,southern_italy
091006,Baunei,Sardegna,6732,southern_italy
079009,Belcastro,Calabria,2422,southern_italy
043004,Belforte del Chienti,Marche,3658,sisma_2016
076012,Bella,Basilicata,9060,southern_italy
067006,Bellante,Abruzzo,13666,southern_italy
061007,Bellona,Campania,12110,southern_italy
065015,Bellosguardo,Campania,1278,southern_italy
078013,Belmonte Calabro,Calabria,3328,southern_italy
094004,Belmonte del Sannio,Molise,1204,southern_italy
109003,Belmonte Piceno,Marche,1090,sisma_2016
078014,Belsito,Calabria,1784,southern_italy
101001,Belvedere di Spinello,Calabria,3756,southern_italy
078015,Belvedere Marittimo,Calabria,17854,southern_italy
091007,Belvì,Sardegna,1058,southern_italy
080008,Benestare,Calabria,4978,southern_italy
090008,Benetutti,Sardegna,3246,southern_italy
090009,Berchidda,Sardegna,5208,southern_italy
090010,Bessude,Sardegna,738,southern_italy
078016,Bianchi,Calabria,2282,southern_italy
080009,Bianco,Calabria,8596,southern_italy
071006,Biccari,Puglia,5158,southern_italy
095014,Bidonì,Sardegna,224,southern_italy
072008,Binetto,Puglia,4368,southern_italy
091008,Birori,Sardegna,962,southern_italy
064011,Bisaccia,Campania,6848,southern_italy
082010,Bisacquino,Sicilia,7876,southern_italy
066011,Bisegna,Abruzzo,424,southern_italy
067007,Bisenti,Abruzzo,3284,southern_italy
078017,Bisignano,Calabria,18856,southern_italy
091009,Bitti,Sardegna,4952,southern_italy
084004,Bivona,Sicilia,6000,southern_italy
080010,Bivongi,Calabria,2262,southern_italy
082082,Blufi,Sicilia,1644,southern_italy
078018,Bocchigliero,Calabria,2076,southern_italy
070003,Bojano,Molise,14992,southern_italy
068003,Bolognano,Abruzzo,2006,southern_italy
082011,Bolognetta,Sicilia,8148,southern_italy
043005,Bolognola,Marche,296,sisma_2016
091010,Bolotana,Sardegna,4488,southern_italy
069006,Bomba,Abruzzo,1372,southern_italy
085002,Bompensiere,Sicilia,936,southern_italy
082012,Bompietro,Sicilia,2280,southern_italy
095015,Bonarcado,Sardegna,3042,southern_italy
062009,Bonea,Campania,2672,southern_italy
070004,Bonefro,Molise,2256,southern_italy
078019,Bonifati,Calabria,5008,southern_italy
064012,Bonito,Campania,4338,southern_italy
090011,Bonnanaro,Sardegna,1788,southern_italy
090012,Bono,Sardegna,6464,southern_italy
090013,Bonorva,Sardegna,6060,southern_italy
057006,Borbona,Lazio,1146,sisma_2016
082013,Borgetto,Sicilia,14334,southern_italy
079011,Borgia,Calabria,14370,southern_italy
057008,Borgo Velino,Lazio,1802,sisma_2016
095016,Boroneddu,Sardegna,270,southern_italy
091011,Borore,Sardegna,3804,southern_italy
069007,Borrello,Abruzzo,656,southern_italy
091012,Bortigali,Sardegna,2436,southern_italy
090014,Bortigiadas,Sardegna,1384,southern_italy
090015,Borutta,Sardegna,488,southern_italy
095079,Bosa,Sardegna,14584,southern_italy
063009,Boscotrecase,Campania,19592,southern_italy
079012,Botricello,Calabria,10044,southern_italy
075009,Botrugno,Puglia,5140,southern_italy
090016,Bottidda,Sardegna,1254,southern_italy
080011,Bova,Calabria,920,southern_italy
080013,Bova Marina,Calabria,7850,southern_italy
080012,Bovalino,Calabria,17486,southern_italy
071007,Bovino,Puglia,5724,southern_italy
065016,Bracigliano,Campania,10686,southern_italy
080014,Brancaleone,Calabria,6248,southern_italy
102003,Briatico,Calabria,7156,southern_italy
076013,Brienza,Basilicata,7688,southern_italy
076014,Brindisi Montagna,Basilicata,1514,southern_italy
068004,Brittoli,Abruzzo,472,southern_italy
102004,Brognaturo,Calabria,1438,southern_italy
083007,Brolo,Sicilia,11424,southern_italy
080015,Bruzzano Zeffirio,Calabria,2020,southern_italy
089003,Buccheri,Sicilia,3384,southern_italy
069008,Bucchianico,Abruzzo,9784,southern_italy
062010,Bucciano,Campania,3900,southern_italy
065017,Buccino,Campania,8924,southern_italy
090017,Buddusò,Sardegna,6974,southern_italy
090091,Budoni,Sardegna,11370,southern_italy
111006,Buggerru,Sardegna,2014,southern_italy
066012,Bugnara,Abruzzo,1996,southern_italy
090018,Bultei,Sardegna,1552,southern_italy
090019,Bulzi,Sardegna,1014,southern_italy
065018,Buonabitacolo,Campania,4908,southern_italy
062011,Buonalbergo,Campania,2956,southern_italy
078020,Buonvicino,Calabria,3942,southern_italy
111007,Burcei,Sardegna,5142,southern_italy
084005,Burgio,Sicilia,4818,southern_italy
090020,Burgos,Sardegna,1634,southern_italy
095017,Busachi,Sardegna,2198,southern_italy
089004,Buscemi,Sicilia,1870,southern_italy
081002,Buseto Palizzolo,Sicilia,5454,southern_italy
068005,Bussi sul Tirino,Abruzzo,4376,southern_italy
070005,Busso,Molise,2284,southern_italy
085003,Butera,Sicilia,8106,southern_italy
095018,Cabras,Sardegna,17452,southern_italy
082014,Caccamo,Sicilia,15058,southern_italy
101002,Caccuri,Calabria,2994,southern_italy
065019,Caggiano,Campania,4972,southern_italy
066013,Cagnano Amiterno,Abruzzo,2158,southern_italy+sisma_2016
071008,Cagnano Varano,Puglia,13050,southern_italy
061008,Caianello,Campania,3650,southern_italy
061009,Caiazzo,Campania,10154,southern_italy
064013,Cairano,Campania,562,southern_italy
064014,Calabritto,Campania,4192,southern_italy
084006,Calamonaci,Sicilia,2254,southern_italy
090021,Calangianus,Sardegna,7384,southern_italy
080016,Calanna,Calabria,1470,southern_italy
086005,Calascibetta,Sicilia,7896,southern_italy
066014,Calascio,Abruzzo,238,southern_italy
111008,Calasetta,Sardegna,5552,southern_italy
087010,Calatabiano,Sicilia,10290,southern_italy
081003,Calatafimi-Segesta,Sicilia,11910,southern_italy
077004,Calciano,Basilicata,1232,southern_italy
043006,Caldarola,Marche,3242,sisma_2016
075010,Calimera,Puglia,13266,southern_italy
064015,Calitri,Campania,8180,southern_italy
078021,Calopezzati,Calabria,2448,southern_italy
078022,Caloveto,Calabria,2092,southern_italy
084007,Caltabellotta,Sicilia,6130,southern_italy
082015,Caltavuturo,Sicilia,6646,southern_italy
065020,Calvanico,Campania,2814,southern_italy
076015,Calvello,Basilicata,3418,southern_italy
076016,Calvera,Basilicata,694,southern_italy
062012,Calvi,Campania,4930,southern_italy
061010,Calvi Risorta,Campania,10760,southern_italy
084008,Camastra,Sicilia,3946,southern_italy
043007,Camerino,Marche,11870,sisma_2016
065021,Camerota,Campania,13482,southern_italy
061011,Camigliano,Campania,3942,southern_italy
080017,Camini,Calabria,1586,southern_italy
084009,Cammarata,Sicilia,11602,southern_italy
078023,Campana,Calabria,2674,southern_italy
075011,Campi Salentina,Puglia,19230,southern_italy
067008,Campli,Abruzzo,13224,southern_italy+sisma_2016
080018,Campo Calabro,Calabria,9024,southern_italy
066015,Campo di Giove,Abruzzo,1484,southern_italy
084010,Campobello di Licata,Sicilia,17746,southern_italy
070007,Campochiaro,Molise,1112,southern_italy
070008,Campodipietra,Molise,4806,southern_italy
082016,Campofelice di Fitalia,Sicilia,822,southern_italy
082017,Campofelice di Roccella,Sicilia,15740,southern_italy
082018,Campofiorito,Sicilia,2226,southern_italy
085005,Campofranco,Sicilia,5024,southern_italy
062013,Campolattaro,Campania,1918,southern_italy
062014,Campoli del Monte Taburno,Campania,3284,southern_italy
070009,Campolieto,Molise,1586,southern_italy
076017,Campomaggiore,Basilicata,1378,southern_italy
070010,Campomarino,Molise,15948,southern_italy
065023,Campora,Campania,594,southern_italy
082019,Camporeale,Sicilia,5684,southern_italy
043008,Camporotondo di Fiastrone,Marche,922,sisma_2016
087012,Camporotondo Etneo,Sicilia,10416,southern_italy
063013,Camposano,Campania,10020,southern_italy
066016,Campotosto,Abruzzo,856,southern_italy+sisma_2016
076018,Cancellara,Basilicata,2176,southern_italy
061012,Cancello ed Arnone,Campania,11566,southern_italy
071009,Candela,Puglia,5392,southern_italy
064016,Candida,Campania,2166,southern_italy
080019,Candidoni,Calabria,814,southern_italy
089005,Canicattini Bagni,Sicilia,12964,southern_italy
066017,Canistro,Abruzzo,1898,southern_italy
078024,Canna,Calabria,1154,southern_italy
065024,Cannalonga,Campania,1878,southern_italy
075012,Cannole,Puglia,3136,southern_italy
080020,Canolo,Calabria,1368,southern_italy
069010,Canosa Sannita,Abruzzo,2414,southern_italy
066018,Cansano,Abruzzo,432,southern_italy
057009,Cantalice,Lazio,4772,sisma_2016
094005,Cantalupo nel Sannio,Molise,1452,southern_italy
067009,Canzano,Abruzzo,3472,southern_italy
066019,Capestrano,Abruzzo,1622,southern_italy
102005,Capistrano,Calabria,1862,southern_italy
066020,Capistrello,Abruzzo,9192,southern_italy
066021,Capitignano,Abruzzo,1204,southern_italy+sisma_2016
083008,Capizzi,Sicilia,5414,southern_italy
066022,Caporciano,Abruzzo,402,southern_italy
064017,Caposele,Campania,6370,southern_italy
066023,Cappadocia,Abruzzo,1176,southern_italy
068006,Cappelle sul Tavo,Abruzzo,8212,southern_italy
094006,Capracotta,Molise,1484,southern_italy
075013,Caprarica di Lecce,Puglia,4486,southern_italy
063014,Capri,Campania,13410,southern_italy
083010,Capri Leone,Sicilia,8802,southern_italy
061014,Capriati a Volturno,Campania,2762,southern_italy
064018,Capriglia Irpina,Campania,4368,southern_italy
080021,Caraffa del Bianco,Calabria,858,southern_italy
079017,Caraffa di Catanzaro,Calabria,3364,southern_italy
068007,Caramanico Terme,Abruzzo,3406,southern_italy
071010,Carapelle,Puglia,13736,southern_italy
066024,Carapelle Calvisio,Abruzzo,136,southern_italy
063015,Carbonara di Nola,Campania,4926,southern_italy
076019,Carbone,Basilicata,950,southern_italy
091103,Cardedu,Sardegna,4004,southern_italy
080022,Cardeto,Calabria,2474,southern_italy
079018,Cardinale,Calabria,3426,southern_italy
080023,Careri,Calabria,4098,southern_italy
101003,Carfizzi,Calabria,1068,southern_italy
090022,Cargeghe,Sardegna,1180,southern_italy
078025,Cariati,Calabria,15164,southern_italy
064019,Carife,Campania,2484,southern_italy
061016,Carinaro,Campania,14364,southern_italy
061017,Carinola,Campania,14084,southern_italy
071011,Carlantino,Puglia,1492,southern_italy
111010,Carloforte,Sardegna,11702,southern_italy
079020,Carlopoli,Calabria,2606,southern_italy
078026,Carolei,Calabria,6054,southern_italy
083011,Caronia,Sicilia,5834,southern_italy
073002,Carosino,Puglia,12760,southern_italy
094007,Carovilli,Molise,2480,southern_italy
078027,Carpanzano,Calabria,370,southern_italy
075015,Carpignano Salentino,Puglia,7230,southern_italy
068008,Carpineto della Nora,Abruzzo,996,southern_italy
069011,Carpineto Sinello,Abruzzo,972,southern_italy
071012,Carpino,Puglia,7396,southern_italy
094008,Carpinone,Molise,1960,southern_italy
066025,Carsoli,Abruzzo,9904,southern_italy
069012,Carunchio,Abruzzo,1070,southern_italy
101004,Casabona,Calabria,4326,southern_italy
070011,Casacalenda,Molise,3648,southern_italy
069013,Casacanditella,Abruzzo,2344,southern_italy
065028,Casal Velino,Campania,10736,southern_italy
069014,Casalanguida,Abruzzo,1578,southern_italy
069015,Casalbordino,Abruzzo,11182,southern_italy
064020,Casalbore,Campania,3028,southern_italy
065026,Casalbuono,Campania,2026,southern_italy
070012,Casalciprano,Molise,848,southern_italy
062015,Casalduni,Campania,2352,southern_italy
065027,Casaletto Spartano,Campania,2444,southern_italy
078156,Casali del Manco,Calabria,18538,southern_italy
069016,Casalincontrada,Abruzzo,5920,southern_italy
071013,Casalnuovo Monterotaro,Puglia,2804,southern_italy
061020,Casaluce,Campania,18792,southern_italy
071014,Casalvecchio di Puglia,Puglia,3240,southern_italy
083012,Casalvecchio Siculo,Sicilia,1350,southern_italy
063018,Casamarciano,Campania,5980,southern_italy
063019,Casamicciola Terme,Campania,14722,southern_italy
061103,Casapesenna,Campania,14854,southern_italy
061021,Casapulla,Campania,16528,southern_italy
054007,Cascia,Umbria,5860,sisma_2016
065029,Caselle in Pittari,Campania,3720,southern_italy
080024,Casignana,Calabria,1360,southern_italy
063022,Casola di Napoli,Campania,7196,southern_italy
069017,Casoli,Abruzzo,10066,southern_italy
064021,Cassano Irpino,Campania,1918,southern_italy
089007,Cassaro,Sicilia,1442,southern_italy
064022,Castel Baronia,Campania,2094,southern_italy
061023,Castel Campagnano,Campania,2830,southern_italy
067010,Castel Castagna,Abruzzo,800,southern_italy
094009,Castel del Giudice,Molise,612,southern_italy
066026,Castel del Monte,Abruzzo,758,southern_italy
066027,Castel di Ieri,Abruzzo,546,southern_italy
087013,Castel di Iudica,Sicilia,8326,southern_italy
044011,Castel di Lama,Marche,16824,sisma_2016
083013,Castel di Lucio,Sicilia,2710,southern_italy
066028,Castel di Sangro,Abruzzo,13180,southern_italy
061024,Castel di Sasso,Campania,1990,southern_italy
069018,Castel Frentano,Abruzzo,8362,southern_italy
061026,Castel Morrone,Campania,7148,southern_italy
065035,Castel San Lorenzo,Campania,4364,southern_italy
094012,Castel San Vincenzo,Molise,836,southern_italy
057015,Castel Sant'Angelo,Lazio,2312,sisma_2016
070013,Castelbottaccio,Molise,446,southern_italy
082022,Castelbuono,Sicilia,15742,southern_italy
065030,Castelcivita,Campania,2740,southern_italy
064023,Castelfranci,Campania,3332,southern_italy
062016,Castelfranco in Miscano,Campania,1522,southern_italy
076021,Castelgrande,Basilicata,1566,southern_italy
069019,Castelguidone,Abruzzo,540,southern_italy
083014,Castell'Umberto,Sicilia,5462,southern_italy
065031,Castellabate,Campania,17344,southern_italy
066029,Castellafiume,Abruzzo,2154,southern_italy
067011,Castellalto,Abruzzo,14468,southern_italy
082024,Castellana Sicula,Sicilia,5770,southern_italy
067012,Castelli,Abruzzo,1814,southern_italy+sisma_2016
070014,Castellino del Biferno,Molise,834,southern_italy
061025,Castello del Matese,Campania,2644,southern_italy
063025,Castello di Cisterna,Campania,15710,southern_italy
071015,Castelluccio dei Sauri,Puglia,3916,southern_italy
076022,Castelluccio Inferiore,Basilicata,3708,southern_italy
076023,Castelluccio Superiore,Basilicata,1406,southern_italy
071016,Castelluccio Valmaggiore,Puglia,2354,southern_italy
070015,Castelmauro,Molise,2150,southern_italy
076024,Castelmezzano,Basilicata,1368,southern_italy
083015,Castelmola,Sicilia,2142,southern_italy
065032,Castelnuovo Cilento,Campania,5698,southern_italy
071017,Castelnuovo della Daunia,Puglia,2436,southern_italy
065033,Castelnuovo di Conza,Campania,1114,southern_italy
062017,Castelpagano,Campania,2634,southern_italy
094010,Castelpetroso,Molise,2992,southern_italy
094011,Castelpizzuto,Molise,270,southern_italy
062018,Castelpoto,Campania,2186,southern_italy
043009,Castelraimondo,Marche,8360,sisma_2016
043010,Castelsantangelo sul Nera,Marche,414,sisma_2016
076025,Castelsaraceno,Basilicata,2224,southern_italy
090023,Castelsardo,Sardegna,11248,southern_italy
101005,Castelsilano,Calabria,1804,southern_italy
084012,Casteltermini,Sicilia,14070,southern_italy
066030,Castelvecchio Calvisio,Abruzzo,250,southern_italy
066031,Castelvecchio Subequo,Abruzzo,1606,southern_italy
062019,Castelvenere,Campania,4734,southern_italy
094013,Castelverrino,Molise,174,southern_italy
062020,Castelvetere in Val Fortore,Campania,1830,southern_italy
064024,Castelvetere sul Calore,Campania,2908,southern_italy
111011,Castiadas,Sardegna,3480,southern_italy
068009,Castiglione a Casauria,Abruzzo,1446,southern_italy
078030,Castiglione Cosentino,Calabria,5462,southern_italy
065036,Castiglione del Genovesi,Campania,2560,southern_italy
087014,Castiglione di Sicilia,Sicilia,5664,southern_italy
069020,Castiglione Messer Marino,Abruzzo,2796,southern_italy
067013,Castiglione Messer Raimondo,Abruzzo,3922,southern_italy
044012,Castignano,Marche,5022,sisma_2016
067014,Castilenti,Abruzzo,2614,southern_italy
044013,Castorano,Marche,4548,sisma_2016
075017,Castri di Lecce,Puglia,5388,southern_italy
075018,Castrignano de' Greci,Puglia,7264,southern_italy
075019,Castrignano del Capo,Puglia,10110,southern_italy
075096,Castro,Puglia,4548,southern_italy
084013,Castrofilippo,Sicilia,5114,southern_italy
078031,Castrolibero,Calabria,18148,southern_italy
082025,Castronovo di Sicilia,Sicilia,5458,southern_italy
076026,Castronuovo di Sant'Andrea,Basilicata,1666,southern_italy
070016,Castropignano,Molise,1678,southern_italy
083016,Castroreale,Sicilia,4462,southern_italy
078032,Castroregio,Calabria,416,southern_italy
086006,Catenanuova,Sicilia,8916,southern_italy
068010,Catignano,Abruzzo,2464,southern_italy
084014,Cattolica Eraclea,Sicilia,6464,southern_italy
080025,Caulonia,Calabria,13298,southern_italy
062021,Cautano,Campania,3700,southern_italy
082026,Cefalà Diana,Sicilia,1924,southern_italy
069021,Celenza sul Trigno,Abruzzo,1516,southern_italy
071018,Celenza Valfortore,Puglia,2534,southern_italy
078034,Celico,Calabria,4842,southern_italy
072018,Cellamare,Puglia,11522,southern_italy
078035,Cellara,Calabria,946,southern_italy
065038,Celle di Bulgheria,Campania,3354,southern_italy
071019,Celle di San Vito,Puglia,286,southern_italy
067015,Cellino Attanasio,Abruzzo,4368,southern_italy
074004,Cellino San Marco,Puglia,11778,southern_italy
061102,Cellole,Campania,16584,southern_italy
079024,Cenadi,Calabria,1004,southern_italy
065039,Centola,Campania,10040,southern_italy
079025,Centrache,Calabria,706,southern_italy
086007,Centuripe,Sicilia,9962,southern_italy
062022,Ceppaloni,Campania,6362,southern_italy
086008,Cerami,Sicilia,3734,southern_italy
065040,Ceraso,Campania,4390,southern_italy
070017,Cercemaggiore,Molise,7058,southern_italy
070018,Cercepiccola,Molise,1320,southern_italy
078036,Cerchiara di Calabria,Calabria,4148,southern_italy
066033,Cerchio,Abruzzo,3084,southern_italy
082028,Cerda,Sicilia,9542,southern_italy
101006,Cerenzia,Calabria,1966,southern_italy
078037,Cerisano,Calabria,5818,southern_italy
067016,Cermignano,Abruzzo,2794,southern_italy
042013,Cerreto d'Esi,Marche,6666,sisma_2016
054010,Cerreto di Spoleto,Umbria,1922,sisma_2016
062023,Cerreto Sannita,Campania,6996,southern_italy
094014,Cerro al Volturno,Molise,2206,southern_italy
076027,Cersosimo,Basilicata,992,southern_italy
079027,Cerva,Calabria,2022,southern_italy
078038,Cervicati,Calabria,1534,southern_italy
064025,Cervinara,Campania,17436,southern_italy
061028,Cervino,Campania,9438,southern_italy
078039,Cerzeto,Calabria,2416,southern_italy
061029,Cesa,Campania,19696,southern_italy
083017,Cesarò,Sicilia,4120,southern_italy
064026,Cesinali,Campania,5024,southern_italy
102006,Cessaniti,Calabria,5688,southern_italy
043011,Cessapalombo,Marche,818,sisma_2016
065041,Cetara,Campania,3772,southern_italy
078040,Cetraro,Calabria,18318,southern_italy
090024,Cheremule,Sardegna,756,southern_italy
064027,Chianche,Campania,916,southern_italy
088002,Chiaramonte Gulfi,Sicilia,16090,southern_italy
090025,Chiaramonti,Sardegna,2988,southern_italy
079029,Chiaravalle Centrale,Calabria,10144,southern_italy
076028,Chiaromonte,Basilicata,3370,southern_italy
094015,Chiauci,Molise,378,southern_italy
071021,Chieuti,Puglia,2934,southern_italy
082029,Chiusa Sclafani,Sicilia,4756,southern_italy
064028,Chiusano di San Domenico,Campania,4110,southern_italy
084015,Cianciana,Sicilia,5942,southern_italy
079030,Cicala,Calabria,1664,southern_italy
065042,Cicerale,Campania,2356,southern_italy
080026,Ciminà,Calabria,1020,southern_italy
082030,Ciminna,Sicilia,6638,southern_italy
063028,Cimitile,Campania,13814,southern_italy
043012,Cingoli,Marche,18876,sisma_2016
080027,Cinquefrondi,Calabria,12470,southern_italy
061030,Ciorlano,Campania,694,southern_italy
062024,Circello,Campania,4116,southern_italy
077005,Cirigliano,Basilicata,558,southern_italy
101007,Cirò,Calabria,4642,southern_italy
057016,Cittaducale,Lazio,12800,sisma_2016
080028,Cittanova,Calabria,19160,southern_italy
057017,Cittareale,Lazio,748,sisma_2016
078041,Civita,Calabria,1546,southern_italy
066034,Civita d'Antino,Abruzzo,1846,southern_italy
070019,Civitacampomarano,Molise,554,southern_italy
069023,Civitaluparella,Abruzzo,544,southern_italy
094016,Civitanova del Sannio,Molise,1726,southern_italy
068013,Civitaquana,Abruzzo,2312,southern_italy
066035,Civitella Alfedena,Abruzzo,574,southern_italy
068014,Civitella Casanova,Abruzzo,3010,southern_italy
067017,Civitella del Tronto,Abruzzo,9110,southern_italy+sisma_2016
069024,Civitella Messer Raimondo,Abruzzo,1476,southern_italy
066036,Civitella Roveto,Abruzzo,6036,southern_italy
078042,Cleto,Calabria,2540,southern_italy
066037,Cocullo,Abruzzo,406,southern_italy
090026,Codrongianos,Sardegna,2504,southern_italy
066038,Collarmele,Abruzzo,1504,southern_italy
070020,Colle d'Anchise,Molise,1418,southern_italy
062025,Colle Sannita,Campania,4310,southern_italy
068015,Collecorvino,Abruzzo,12130,southern_italy
067018,Colledara,Abruzzo,4156,southern_italy+sisma_2016
069025,Colledimacine,Abruzzo,298,southern_italy
069026,Colledimezzo,Abruzzo,802,southern_italy
066039,Collelongo,Abruzzo,2110,southern_italy
075021,Collepasso,Puglia,10904,southern_italy
066040,Collepietro,Abruzzo,400,southern_italy
082032,Collesano,Sicilia,7218,southern_italy
070021,Colletorto,Molise,3236,southern_italy
094017,Colli a Volturno,Molise,2506,southern_italy
044014,Colli del Tronto,Marche,7362,sisma_2016
065043,Colliano,Campania,6774,southern_italy
111012,Collinas,Sardegna,1482,southern_italy
043014,Colmurano,Marche,2242,sisma_2016
077006,Colobraro,Basilicata,2028,southern_italy
067019,Colonnella,Abruzzo,7436,southern_italy
078043,Colosimi,Calabria,2154,southern_italy
084016,Comitini,Sicilia,1838,southern_italy
063029,Comiziano,Campania,3330,southern_italy
044015,Comunanza,Marche,5838,sisma_2016
094018,Conca Casale,Molise,324,southern_italy
065044,Conca dei Marini,Campania,1270,southern_italy
061031,Conca della Campania,Campania,2252,southern_italy
080029,Condofuri,Calabria,8982,southern_italy
083018,Condrò,Sicilia,1002,southern_italy
079033,Conflenti,Calabria,2634,southern_italy
082033,Contessa Entellina,Sicilia,2874,southern_italy
064029,Contrada,Campania,6174,southern_italy
067020,Controguerra,Abruzzo,4348,southern_italy
065045,Controne,Campania,1514,southern_italy
065046,Contursi Terme,Campania,6316,southern_italy
064030,Conza della Campania,Campania,2538,southern_italy
065047,Corbara,Campania,5036,southern_italy
066041,Corfinio,Abruzzo,1894,southern_italy
075023,Corigliano d'Otranto,Puglia,11038,southern_italy
065048,Corleto Monforte,Campania,924,southern_italy
076029,Corleto Perticara,Basilicata,4606,southern_italy
067021,Corropoli,Abruzzo,10316,southern_italy
075024,Corsano,Puglia,10098,southern_italy
079034,Cortale,Calabria,3604,southern_italy
067022,Cortino,Abruzzo,1082,southern_italy+sisma_2016
068016,Corvara,Abruzzo,372,southern_italy
080030,Cosoleto,Calabria,1456,southern_italy
044016,Cossignano,Marche,1758,sisma_2016
090027,Cossoine,Sardegna,1478,southern_italy
101009,Cotronei,Calabria,10136,southern_italy
077007,Craco,Basilicata,1140,southern_italy
069027,Crecchio,Abruzzo,5100,southern_italy
067023,Crognaleto,Abruzzo,2018,southern_italy+sisma_2016
078046,Cropalati,Calabria,1894,southern_italy
079036,Cropani,Calabria,9824,southern_italy
078047,Crosia,Calabria,19232,southern_italy
101011,Crucoli,Calabria,5504,southern_italy
065049,Cuccaro Vetere,Campania,1020,southern_italy
095019,Cuglieri,Sardegna,4822,southern_italy
068017,Cugnoli,Abruzzo,2648,southern_italy
069028,Cupello,Abruzzo,9798,southern_italy
095077,Curcuris,Sardegna,578,southern_italy
079039,Curinga,Calabria,12716,southern_italy
075025,Cursi,Puglia,7538,southern_italy
061032,Curti,Campania,13234,southern_italy
062026,Cusano Mutri,Campania,7466,southern_italy
081007,Custonaci,Sicilia,10468,southern_italy
101012,Cutro,Calabria,18330,southern_italy
075026,Cutrofiano,Puglia,17276,southern_italy
102007,Dasà,Calabria,2134,southern_italy
079042,Davoli,Calabria,11358,southern_italy
092015,Decimomannu,Sardegna,16750,southern_italy
111013,Decimoputzu,Sardegna,8330,southern_italy
079043,Decollatura,Calabria,5634,southern_italy
085006,Delia,Sicilia,7702,southern_italy
080031,Delianuova,Calabria,6104,southern_italy
071022,Deliceto,Puglia,6848,southern_italy
091016,Desulo,Sardegna,3990,southern_italy
078048,Diamante,Calabria,9894,southern_italy
102008,Dinami,Calabria,3284,southern_italy
078049,Dipignano,Calabria,8108,southern_italy
075027,Diso,Puglia,5584,southern_italy
069029,Dogliola,Abruzzo,608,southern_italy
111014,Dolianova,Sardegna,18714,southern_italy
078050,Domanico,Calabria,1830,southern_italy
064031,Domicella,Campania,3588,southern_italy
111015,Domus de Maria,Sardegna,3260,southern_italy
111016,Domusnovas,Sardegna,11388,southern_italy
111017,Donori,Sardegna,3824,southern_italy
091017,Dorgali,Sardegna,16476,southern_italy
061033,Dragoni,Campania,3724,southern_italy
102009,Drapia,Calabria,4190,southern_italy
091018,Dualchi,Sardegna,1118,southern_italy
062027,Dugenta,Campania,5254,southern_italy
062028,Durazzano,Campania,4114,southern_italy
070022,Duronia,Molise,756,southern_italy
068018,Elice,Abruzzo,3230,southern_italy
091019,Elini,Sardegna,1110,southern_italy
092108,Elmas,Sardegna,18960,southern_italy
076030,Episcopia,Basilicata,2376,southern_italy
074006,Erchie,Puglia,16082,southern_italy
090088,Erula,Sardegna,1404,southern_italy
043016,Esanatoglia,Marche,3754,sisma_2016
111018,Escalaplano,Sardegna,4034,southern_italy
111019,Escolca,Sardegna,1062,southern_italy
090028,Esporlatu,Sardegna,720,southern_italy
111020,Esterzili,Sardegna,1072,southern_italy
102010,Fabrizia,Calabria,3856,southern_italy
071023,Faeto,Puglia,1248,southern_italy
073005,Faggiano,Puglia,6732,southern_italy
066042,Fagnano Alto,Abruzzo,674,southern_italy
078051,Fagnano Castello,Calabria,6514,southern_italy
062029,Faicchio,Campania,6322,southern_italy
061101,Falciano del Massico,Campania,6858,southern_italy
078052,Falconara Albanese,Calabria,3014,southern_italy
083019,Falcone,Sicilia,5652,southern_italy
079047,Falerna,Calabria,8026,southern_italy
109005,Falerone,Marche,6296,sisma_2016
069104,Fallo,Abruzzo,242,southern_italy
067024,Fano Adriano,Abruzzo,486,southern_italy+sisma_2016
069030,Fara Filiorum Petri,Abruzzo,3944,southern_italy
069031,Fara San Martino,Abruzzo,2506,southern_italy
076031,Fardella,Basilicata,1136,southern_italy
068019,Farindola,Abruzzo,2586,southern_italy+sisma_2016
081009,Favignana,Sicilia,9080,southern_italy
065051,Felitto,Campania,2280,southern_italy
055012,Ferentillo,Umbria,3534,sisma_2016
089008,Ferla,Sicilia,4438,southern_italy
079048,Feroleto Antico,Calabria,3862,southern_italy
080032,Feroleto della Chiesa,Calabria,2978,southern_italy
077008,Ferrandina,Basilicata,15626,southern_italy
070023,Ferrazzano,Molise,6780,southern_italy
080033,Ferruzzano,Calabria,1370,southern_italy
043017,Fiastra,Marche,1200,sisma_2016
083020,Ficarra,Sicilia,2534,southern_italy
078053,Figline Vegliaturo,Calabria,2176,southern_italy
102011,Filadelfia,Calabria,9884,southern_italy
102012,Filandari,Calabria,3474,southern_italy
069032,Filetto,Abruzzo,1614,southern_italy
076032,Filiano,Basilicata,5218,southern_italy
094019,Filignano,Molise,1128,southern_italy
102013,Filogaso,Calabria,2612,southern_italy
078054,Firmo,Calabria,3516,southern_italy
080034,Fiumara,Calabria,1578,southern_italy
083021,Fiumedinisi,Sicilia,2500,southern_italy
078055,Fiumefreddo Bruzio,Calabria,7958,southern_italy
087016,Fiumefreddo di Sicilia,Sicilia,17930,southern_italy
043019,Fiuminata,Marche,2388,sisma_2016
083022,Floresta,Sicilia,916,southern_italy
090029,Florinas,Sardegna,2918,southern_italy
064032,Flumeri,Campania,4924,southern_italy
111021,Fluminimaggiore,Sardegna,5150,southern_italy
095080,Flussio,Sardegna,772,southern_italy
062030,Foglianise,Campania,6202,southern_italy
062031,Foiano di Val Fortore,Campania,2602,southern_italy
044020,Folignano,Marche,17298,sisma_2016
083023,Fondachelli-Fantina,Sicilia,2116,southern_italy
091024,Fonni,Sardegna,7104,southern_italy
064033,Fontanarosa,Campania,5664,southern_italy
066043,Fontecchio,Abruzzo,560,southern_italy
061034,Fontegreca,Campania,1474,southern_italy
044021,Force,Marche,2160,sisma_2016
062032,Forchia,Campania,2380,southern_italy
095020,Fordongianus,Sardegna,1594,southern_italy
076033,Forenza,Basilicata,3452,southern_italy
064034,Forino,Campania,10436,southern_italy
094020,Forlì del Sannio,Molise,1254,southern_italy
061035,Formicola,Campania,2786,southern_italy
094021,Fornelli,Molise,3556,southern_italy
083024,Forza d'Agrò,Sicilia,1804,southern_italy
066044,Fossa,Abruzzo,1364,southern_italy
069033,Fossacesia,Abruzzo,12538,southern_italy
070024,Fossalto,Molise,2198,southern_italy
079052,Fossato Serralta,Calabria,1054,southern_italy
073006,Fragagnano,Puglia,9778,southern_italy
062033,Fragneto l'Abate,Campania,1786,southern_italy
062034,Fragneto Monforte,Campania,3292,southern_italy
069034,Fraine,Abruzzo,476,southern_italy
102014,Francavilla Angitola,Calabria,3596,southern_italy
083025,Francavilla di Sicilia,Sicilia,6996,southern_italy
076034,Francavilla in Sinni,Basilicata,7646,southern_italy
078056,Francavilla Marittima,Calabria,5416,southern_italy
102015,Francica,Calabria,3216,southern_italy
061036,Francolise,Campania,9322,southern_italy
078057,Frascineto,Calabria,3624,southern_italy
062035,Frasso Telesino,Campania,3892,southern_italy
083026,Frazzanò,Sicilia,1048,southern_italy
069036,Fresagrandinaria,Abruzzo,1826,southern_italy
064035,Frigento,Campania,6792,southern_italy
061037,Frignano,Campania,17948,southern_italy
069037,Frisa,Abruzzo,3188,southern_italy
094022,Frosolone,Molise,5442,southern_italy
069038,Furci,Abruzzo,1558,southern_italy
083027,Furci Siculo,Sicilia,6490,southern_italy
083028,Furnari,Sicilia,8492,southern_italy
065053,Furore,Campania,1356,southern_italy
111022,Furtei,Sardegna,2948,southern_italy
078058,Fuscaldo,Calabria,15846,southern_italy
065054,Futani,Campania,2096,southern_italy
091025,Gadoni,Sardegna,1276,southern_italy
083029,Gaggi,Sicilia,6188,southern_italy
066045,Gagliano Aterno,Abruzzo,442,southern_italy
086010,Gagliano Castelferrato,Sicilia,6222,southern_italy
075028,Gagliano del Capo,Puglia,9558,southern_italy
079055,Gagliato,Calabria,822,southern_italy
043020,Gagliole,Marche,1026,sisma_2016
091026,Gairo,Sardegna,2544,southern_italy
083030,Galati Mamertino,Sicilia,4216,southern_italy
080035,Galatro,Calabria,2782,southern_italy
076035,Gallicchio,Basilicata,1494,southern_italy
061038,Gallo Matese,Campania,878,southern_italy
083031,Gallodoro,Sicilia,640,southern_italy
061039,Galluccio,Campania,3974,southern_italy
091027,Galtellì,Sardegna,4754,southern_italy
070025,Gambatesa,Molise,2466,southern_italy
069039,Gamberale,Abruzzo,534,southern_italy
082036,Gangi,Sicilia,11836,southern_italy
077009,Garaguso,Basilicata,1774,southern_italy
079056,Gasperina,Calabria,3720,southern_italy
091028,Gavoi,Sardegna,4808,southern_italy
111023,Genoni,Sardegna,1432,southern_italy
111024,Genuri,Sardegna,590,southern_italy
076036,Genzano di Lucania,Basilicata,10072,southern_italy
080036,Gerace,Calabria,4550,southern_italy
082037,Geraci Siculo,Sicilia,3272,southern_italy
111025,Gergei,Sardegna,2190,southern_italy
102016,Gerocarne,Calabria,3712,southern_italy
111026,Gesico,Sardegna,1396,southern_italy
069040,Gessopalena,Abruzzo,2274,southern_italy
111027,Gesturi,Sardegna,2226,southern_italy
064036,Gesualdo,Campania,6388,southern_italy
095021,Ghilarza,Sardegna,8076,southern_italy
061040,Giano Vetusto,Campania,1330,southern_italy
082038,Giardinello,Sicilia,4458,southern_italy
083032,Giardini-Naxos,Sicilia,18874,southern_italy
088004,Giarratana,Sicilia,5988,southern_italy
090030,Giave,Sardegna,942,southern_italy
111028,Giba,Sardegna,3722,southern_italy
081010,Gibellina,Sicilia,7272,southern_italy
080037,Giffone,Calabria,3106,southern_italy
065055,Giffoni Sei Casali,Campania,9902,southern_italy
070026,Gildone,Molise,1414,southern_italy
079058,Gimigliano,Calabria,5790,southern_italy
076099,Ginestra,Basilicata,1310,southern_italy
062036,Ginestra degli Schiavoni,Campania,756,southern_italy
065057,Gioi,Campania,2116,southern_italy
066046,Gioia dei Marsi,Abruzzo,3376,southern_italy
061041,Gioia Sannitica,Campania,6412,southern_italy
080039,Gioiosa Ionica,Calabria,13668,southern_italy
083033,Gioiosa Marea,Sicilia,13372,southern_italy
091031,Girasole,Sardegna,2738,southern_italy
079059,Girifalco,Calabria,10802,southern_italy
069041,Gissi,Abruzzo,4802,southern_italy
075032,Giuggianello,Puglia,2236,southern_italy
082039,Giuliana,Sicilia,3252,southern_italy
069042,Giuliano Teatino,Abruzzo,2210,southern_italy
065058,Giungano,Campania,2610,southern_italy
075033,Giurdignano,Puglia,3872,southern_italy
079060,Gizzeria,Calabria,10778,southern_italy
082040,Godrano,Sicilia,1962,southern_italy
090083,Golfo Aranci,Sardegna,4746,southern_italy
111029,Goni,Sardegna,868,southern_italy
111030,Gonnesa,Sardegna,8912,southern_italy
095022,Gonnoscodina,Sardegna,842,southern_italy
111031,Gonnosfanadiga,Sardegna,11918,southern_italy
095023,Gonnosnò,Sardegna,1346,southern_italy
095024,Gonnostramatza,Sardegna,1554,southern_italy
077010,Gorgoglione,Basilicata,1656,southern_italy
066047,Goriano Sicoli,Abruzzo,1046,southern_italy
083034,Graniti,Sicilia,2868,southern_italy
077011,Grassano,Basilicata,9060,southern_italy
082041,Gratteri,Sicilia,1706,southern_italy
061042,Grazzanise,Campania,13610,southern_italy
064037,Greci,Campania,1188,southern_italy
078059,Grimaldi,Calabria,2978,southern_italy
078060,Grisolia,Calabria,4322,southern_italy
064038,Grottaminarda,Campania,15128,southern_italy
084018,Grotte,Sicilia,10088,southern_italy
080040,Grotteria,Calabria,5630,southern_italy
077012,Grottole,Basilicata,3870,southern_italy
064039,Grottolella,Campania,3622,southern_italy
076037,Grumento Nova,Basilicata,3028,southern_italy
075034,Guagnano,Puglia,10558,southern_italy
043021,Gualdo,Marche,1400,sisma_2016
083035,Gualtieri Sicaminò,Sicilia,3016,southern_italy
111032,Guamaggiore,Sardegna,1744,southern_italy
079061,Guardavalle,Calabria,8008,southern_italy
064040,Guardia Lombardi,Campania,2892,southern_italy
076038,Guardia Perticara,Basilicata,1004,southern_italy
078061,Guardia Piemontese,Calabria,3534,southern_italy
062037,Guardia Sanframondi,Campania,8930,southern_italy
069043,Guardiagrele,Abruzzo,16322,southern_italy
070027,Guardialfiera,Molise,1884,southern_italy
070028,Guardiaregia,Molise,1318,southern_italy
111033,Guasila,Sardegna,4822,southern_italy
070029,Guglionesi,Molise,9748,southern_italy
069044,Guilmi,Abruzzo,886,southern_italy
091032,Ilbono,Sardegna,3932,southern_italy
090031,Illorai,Sardegna,1396,southern_italy
066048,Introdacqua,Abruzzo,3856,southern_italy
091033,Irgoli,Sardegna,4388,southern_italy
077013,Irsina,Basilicata,8584,southern_italy
079063,Isca sullo Ionio,Calabria,2960,southern_italy
071025,Ischitella,Puglia,8056,southern_italy
111036,Isili,Sardegna,4858,southern_italy
082042,Isnello,Sicilia,2786,southern_italy
067026,Isola del Gran Sasso d'Italia,Abruzzo,8800,southern_italy+sisma_2016
082043,Isola delle Femmine,Sicilia,13926,southern_italy
071026,Isole Tremiti,Puglia,940,southern_italy
065059,Ispani,Campania,1942,southern_italy
083036,Itala,Sicilia,2982,southern_italy
090032,Ittireddu,Sardegna,914,southern_italy
090033,Ittiri,Sardegna,15460,southern_italy
079065,Jacurso,Calabria,1024,southern_italy
070030,Jelsi,Molise,3060,southern_italy
091035,Jerzu,Sardegna,5824,southern_italy
102017,Jonadi,Calabria,9536,southern_italy
102018,Joppolo,Calabria,3422,southern_italy
084019,Joppolo Giancaxio,Sicilia,2128,southern_italy
063038,Lacco Ameno,Campania,8938,southern_italy
064041,Lacedonia,Campania,4022,southern_italy
095082,Laconi,Sardegna,3178,southern_italy
090034,Laerru,Sardegna,1612,southern_italy
080041,Laganadi,Calabria,642,southern_italy
078062,Lago,Calabria,4724,southern_italy
076039,Lagonegro,Basilicata,9810,southern_italy
078063,Laino Borgo,Calabria,3156,southern_italy
078064,Laino Castello,Calabria,1498,southern_italy
069045,Lama dei Peligni,Abruzzo,2014,southern_italy
084020,Lampedusa e Linosa,Sicilia,12970,southern_italy
091037,Lanusei,Sardegna,9762,southern_italy
064042,Lapio,Campania,2842,southern_italy
078065,Lappano,Calabria,1698,southern_italy
070031,Larino,Molise,12514,southern_italy
111037,Las Plassas,Sardegna,416,southern_italy
082044,Lascari,Sicilia,7538,southern_italy
076040,Latronico,Basilicata,7900,southern_italy
078066,Lattarico,Calabria,7342,southern_italy
065060,Laureana Cilento,Campania,2510,southern_italy
080042,Laureana di Borrello,Calabria,9114,southern_italy
076041,Laurenzana,Basilicata,3056,southern_italy
065061,Laurino,Campania,2400,southern_italy
065062,Laurito,Campania,1294,southern_italy
064043,Lauro,Campania,6486,southern_italy
065063,Laviano,Campania,2522,southern_italy
066050,Lecce nei Marsi,Abruzzo,2952,southern_italy
091038,Lei,Sardegna,866,southern_italy
083037,Leni,Sicilia,1338,southern_italy
069047,Lentella,Abruzzo,1306,southern_italy
057033,Leonessa,Lazio,4038,sisma_2016
073010,Leporano,Puglia,16404,southern_italy
075036,Lequile,Puglia,17200,southern_italy
082045,Lercara Friddi,Sicilia,12084,southern_italy
071027,Lesina,Puglia,12510,southern_italy
061044,Letino,Campania,1220,southern_italy
083038,Letojanni,Sicilia,5958,southern_italy
063039,Lettere,Campania,12038,southern_italy
068020,Lettomanoppello,Abruzzo,5206,southern_italy
069048,Lettopalena,Abruzzo,612,southern_italy
061045,Liberi,Campania,2016,southern_italy
083039,Librizzi,Sicilia,3070,southern_italy
087020,Licodia Eubea,Sicilia,5524,southern_italy
062038,Limatola,Campania,8440,southern_italy
102019,Limbadi,Calabria,6368,southern_italy
083040,Limina,Sicilia,1406,southern_italy
070032,Limosano,Molise,1322,southern_italy
087021,Linguaglossa,Sicilia,9974,southern_italy
064044,Lioni,Campania,11724,southern_italy
069049,Liscia,Abruzzo,1246,southern_italy
063040,Liveri,Campania,2948,southern_italy
073011,Lizzano,Puglia,18888,southern_italy
091039,Loceri,Sardegna,2690,southern_italy
091040,Loculi,Sardegna,952,southern_italy
091041,Lodè,Sardegna,2910,southern_italy
091104,Lodine,Sardegna,584,southern_italy
090084,Loiri Porto San Paolo,Sardegna,7858,southern_italy
094024,Longano,Molise,1236,southern_italy
083042,Longi,Sicilia,2502,southern_italy
078067,Longobardi,Calabria,6436,southern_italy
078068,Longobucco,Calabria,4870,southern_italy
068021,Loreto Aprutino,Abruzzo,14074,southern_italy
043022,Loro Piceno,Marche,4310,sisma_2016
091042,Lotzorai,Sardegna,4244,southern_italy
084022,Lucca Sicula,Sicilia,3400,southern_italy
070033,Lucito,Molise,1232,southern_italy
066051,Luco dei Marsi,Abruzzo,11870,southern_italy
066052,Lucoli,Abruzzo,1694,southern_italy
091043,Lula,Sardegna,2396,southern_italy
111038,Lunamatrona,Sardegna,3164,southern_italy
078069,Lungro,Calabria,4092,southern_italy
064045,Luogosano,Campania,2124,southern_italy
090036,Luogosanto,Sardegna,3676,southern_italy
070034,Lupara,Molise,782,southern_italy
090037,Luras,Sardegna,4738,southern_italy
065064,Lustra,Campania,2010,southern_italy
078070,Luzzi,Calabria,17360,southern_italy
094025,Macchia d'Isernia,Molise,2040,southern_italy
070035,Macchia Valfortore,Molise,878,southern_italy
094026,Macchiagodena,Molise,3310,southern_italy
091044,Macomer,Sardegna,17896,southern_italy
070036,Mafalda,Molise,2148,southern_italy
079068,Magisano,Calabria,2084,southern_italy
066053,Magliano de' Marsi,Abruzzo,6800,southern_italy
065065,Magliano Vetere,Campania,1146,southern_italy
095083,Magomadas,Sardegna,1188,southern_italy
079069,Maida,Calabria,8930,southern_italy
078071,Maierà,Calabria,2214,southern_italy
102020,Maierato,Calabria,4304,southern_italy
065066,Maiori,Campania,10422,southern_italy
087022,Maletto,Sicilia,7044,southern_italy
083043,Malfa,Sicilia,2006,southern_italy
078072,Malito,Calabria,1362,southern_italy
044027,Maltignano,Marche,4346,sisma_2016
083044,Malvagna,Sicilia,1150,southern_italy
078073,Malvito,Calabria,3134,southern_italy
080044,Mammola,Calabria,4670,southern_italy
091046,Mamoiada,Sardegna,4698,southern_italy
083045,Mandanici,Sicilia,936,southern_italy
111039,Mandas,Sardegna,3876,southern_italy
078074,Mandatoriccio,Calabria,4784,southern_italy
078075,Mangone,Calabria,3790,southern_italy
087057,Maniace,Sicilia,7478,southern_italy
064046,Manocalzati,Campania,5982,southern_italy
068022,Manoppello,Abruzzo,13524,southern_italy
090038,Mara,Sardegna,1036,southern_italy
092037,Maracalagonis,Sardegna,15770,southern_italy
078076,Marano Marchesato,Calabria,6658,southern_italy
078077,Marano Principato,Calabria,5990,southern_italy
076044,Maratea,Basilicata,9028,southern_italy
079071,Marcedusa,Calabria,708,southern_italy
079072,Marcellinara,Calabria,4296,southern_italy
085008,Marianopoli,Sicilia,3010,southern_italy
063042,Mariglianella,Campania,16094,southern_italy
080045,Marina di Gioiosa Ionica,Calabria,12606,southern_italy
082046,Marineo,Sicilia,11888,southern_italy
080046,Maropati,Calabria,2582,southern_italy
095025,Marrubiu,Sardegna,8998,southern_italy
076045,Marsico Nuovo,Basilicata,7360,southern_italy
076046,Marsicovetere,Basilicata,11360,southern_italy
075040,Martano,Puglia,16794,southern_italy
075041,Martignano,Puglia,3050,southern_italy
079073,Martirano,Calabria,1568,southern_italy
079074,Martirano Lombardo,Calabria,1846,southern_italy
090039,Martis,Sardegna,910,southern_italy
080047,Martone,Calabria,952,southern_italy
073014,Maruggio,Puglia,10276,southern_italy
061050,Marzano Appio,Campania,3826,southern_italy
064047,Marzano di Nola,Campania,3312,southern_italy
078078,Marzi,Calabria,1878,southern_italy
111040,Masainas,Sardegna,2406,southern_italy
076047,Maschito,Basilicata,2796,southern_italy
066054,Massa d'Albe,Abruzzo,2674,southern_italy
063092,Massa di Somma,Campania,9866,southern_italy
109011,Massa Fermana,Marche,1638,sisma_2016
095026,Masullas,Sardegna,1958,southern_italy
043024,Matelica,Marche,18052,sisma_2016
070037,Matrice,Molise,2038,southern_italy
071031,Mattinata,Puglia,11680,southern_italy
083046,Mazzarrà Sant'Andrea,Sicilia,2810,southern_italy
087056,Mazzarrone,Sicilia,8020,southern_italy
091047,Meana Sardo,Sardegna,3036,southern_italy
080048,Melicuccà,Calabria,1560,southern_italy
080049,Melicucco,Calabria,9684,southern_italy
101014,Melissa,Calabria,6594,southern_italy
075044,Melissano,Puglia,13074,southern_italy
064048,Melito Irpino,Campania,3518,southern_italy
062039,Melizzano,Campania,3272,southern_italy
075045,Melpignano,Puglia,4308,southern_italy
078079,Mendicino,Calabria,17784,southern_italy
083047,Merì,Sicilia,4788,southern_italy
101015,Mesoraca,Calabria,11402,southern_italy
063046,Meta,Campania,15710,southern_italy
082047,Mezzojuso,Sicilia,4998,southern_italy
057037,Micigliano,Lazio,238,sisma_2016
075046,Miggiano,Puglia,6444,southern_italy
069050,Miglianico,Abruzzo,9240,southern_italy
079077,Miglierina,Calabria,1342,southern_italy
077015,Miglionico,Basilicata,4672,southern_italy
061051,Mignano Monte Lungo,Campania,5948,southern_italy
085010,Milena,Sicilia,5198,southern_italy
102021,Mileto,Calabria,12456,southern_italy
095027,Milis,Sardegna,2788,southern_italy
087025,Militello in Val di Catania,Sicilia,13210,southern_italy
083050,Militello Rosmarino,Sicilia,2336,southern_italy
087026,Milo,Sicilia,2034,southern_italy
087027,Mineo,Sicilia,8690,southern_italy
075047,Minervino di Lecce,Puglia,6784,southern_italy
110006,Minervino Murge,Puglia,15622,southern_italy
065068,Minori,Campania,5056,southern_italy
064050,Mirabella Eclano,Campania,13092,southern_italy
087028,Mirabella Imbaccari,Sicilia,8264,southern_italy
070038,Mirabello Sannitico,Molise,4068,southern_italy
094027,Miranda,Molise,1826,southern_italy
083051,Mirto,Sicilia,1704,southern_italy
081025,Misiliscemi,Sicilia,16892,southern_italy
076049,Missanello,Basilicata,928,southern_italy
083052,Mistretta,Sicilia,8300,southern_italy
095084,Modolo,Sardegna,340,southern_italy
043025,Mogliano,Marche,8490,sisma_2016
095028,Mogorella,Sardegna,776,southern_italy
095029,Mogoro,Sardegna,7568,southern_italy
062040,Moiano,Campania,7972,southern_italy
083053,Moio Alcantara,Sicilia,1358,southern_italy
065069,Moio della Civitella,Campania,3620,southern_italy
066055,Molina Aterno,Abruzzo,656,southern_italy
062041,Molinara,Campania,2776,southern_italy
070039,Molise,Molise,288,southern_italy
076050,Moliterno,Basilicata,6974,southern_italy
080051,Molochio,Calabria,4244,southern_italy
070040,Monacilioni,Molise,878,southern_italy
080052,Monasterace,Calabria,6468,southern_italy
111041,Monastir,Sardegna,9768,southern_italy
083054,Monforte San Giorgio,Sicilia,4780,southern_italy
102022,Mongiana,Calabria,1146,southern_italy
083055,Mongiuffi Melia,Sicilia,1012,southern_italy
078080,Mongrassano,Calabria,2892,southern_italy
070041,Montagano,Molise,1902,southern_italy
083056,Montagnareale,Sicilia,2684,southern_italy
064051,Montaguto,Campania,666,southern_italy
083057,Montalbano Elicona,Sicilia,4144,southern_italy
077016,Montalbano Jonico,Basilicata,12922,southern_italy
084024,Montallegro,Sicilia,4684,southern_italy
044032,Montalto delle Marche,Marche,3628,sisma_2016
065070,Montano Antilia,Campania,3288,southern_italy
109013,Montappone,Marche,3074,sisma_2016
094028,Montaquila,Molise,4436,southern_italy
079080,Montauro,Calabria,3860,southern_italy
069051,Montazzoli,Abruzzo,1580,southern_italy
109021,Monte Rinaldo,Marche,604,sisma_2016
065075,Monte San Giacomo,Campania,2708,southern_italy
043032,Monte San Martino,Marche,1336,sisma_2016
109026,Monte Vidon Corrado,Marche,1332,sisma_2016
068023,Montebello di Bertona,Abruzzo,1606,southern_italy
080053,Montebello Jonico,Calabria,10902,southern_italy
069009,Montebello sul Sangro,Abruzzo,160,southern_italy
064052,Montecalvo Irpino,Campania,6452,southern_italy
070042,Montecilfone,Molise,2440,southern_italy
065071,Montecorice,Campania,5184,southern_italy
044034,Montedinove,Marche,886,sisma_2016
085011,Montedoro,Sicilia,2640,southern_italy
064053,Montefalcione,Campania,6084,southern_italy
109014,Montefalcone Appennino,Marche,726,sisma_2016
062042,Montefalcone di Val Fortore,Campania,2520,southern_italy
070043,Montefalcone nel Sannio,Molise,2626,southern_italy
069052,Monteferrante,Abruzzo,200,southern_italy
067027,Montefino,Abruzzo,1792,southern_italy
065074,Monteforte Cilento,Campania,1062,southern_italy
109015,Montefortino,Marche,2028,sisma_2016
055019,Montefranco,Umbria,2486,sisma_2016
064055,Montefredane,Campania,4306,southern_italy
064056,Montefusco,Campania,2366,southern_italy
044038,Montegallo,Marche,728,sisma_2016
078082,Montegiordano,Calabria,2996,southern_italy
109017,Montegiorgio,Marche,12472,sisma_2016
073016,Monteiasi,Puglia,10380,southern_italy
069053,Montelapiano,Abruzzo,136,southern_italy
109019,Monteleone di Fermo,Marche,702,sisma_2016
071032,Monteleone di Puglia,Puglia,1828,southern_italy
054031,Monteleone di Spoleto,Umbria,1070,sisma_2016
090040,Monteleone Rocca Doria,Sardegna,210,southern_italy
082050,Montelepre,Sicilia,11306,southern_italy
064057,Montella,Campania,14274,southern_italy
070044,Montelongo,Molise,552,southern_italy
109020,Montelparo,Marche,1368,sisma_2016
082051,Montemaggiore Belsito,Sicilia,5490,southern_italy
064058,Montemarano,Campania,5040,southern_italy
073017,Montemesola,Puglia,6934,southern_italy
064059,Montemiletto,Campania,10026,southern_italy
076051,Montemilone,Basilicata,2742,southern_italy
070045,Montemitro,Molise,564,southern_italy
044044,Montemonaco,Marche,1036,sisma_2016
076052,Montemurro,Basilicata,2042,southern_italy
070046,Montenero di Bisaccia,Molise,12372,southern_italy
094029,Montenero Val Cocchiara,Molise,928,southern_italy
069054,Montenerodomo,Abruzzo,1124,southern_italy
069055,Monteodorisio,Abruzzo,4628,southern_italy
079081,Montepaone,Calabria,11780,southern_italy
073018,Monteparano,Puglia,4478,southern_italy
066056,Montereale,Abruzzo,4366,southern_italy+sisma_2016
094030,Monteroduni,Molise,4242,southern_italy
088007,Monterosso Almo,Sicilia,5410,southern_italy
102023,Monterosso Calabro,Calabria,2880,southern_italy
075049,Montesano Salentino,Puglia,5180,southern_italy
065076,Montesano sulla Marcellana,Campania,12562,southern_italy
077017,Montescaglioso,Basilicata,18394,southern_italy
084025,Montevago,Sicilia,5358,southern_italy
064060,Monteverde,Campania,1320,southern_italy
090041,Monti,Sardegna,4812,southern_italy
067028,Montorio al Vomano,Abruzzo,14688,southern_italy+sisma_2016
070047,Montorio nei Frentani,Molise,684,southern_italy
095085,Montresta,Sardegna,868,southern_italy
078083,Morano Calabro,Calabria,7496,southern_italy
075050,Morciano di Leuca,Puglia,6060,southern_italy
062044,Morcone,Campania,8844,southern_italy
090042,Mores,Sardegna,3326,southern_italy
095030,Morgongiori,Sardegna,1194,southern_italy
065077,Morigerati,Campania,1154,southern_italy
066057,Morino,Abruzzo,2560,southern_italy
078084,Mormanno,Calabria,4950,southern_italy
064063,Morra De Sanctis,Campania,2166,southern_italy
067029,Morro d'Oro,Abruzzo,7060,southern_italy
070048,Morrone del Sannio,Molise,1010,southern_italy
064064,Moschiano,Campania,3070,southern_italy
067030,Mosciano Sant'Angelo,Abruzzo,18412,southern_italy
068025,Moscufo,Abruzzo,6332,southern_italy
083058,Motta Camastra,Sicilia,1524,southern_italy
083059,Motta d'Affermo,Sicilia,1292,southern_italy
071034,Motta Montecorvino,Puglia,1166,southern_italy
080054,Motta San Giovanni,Calabria,10754,southern_italy
079083,Motta Santa Lucia,Calabria,1636,southern_italy
078085,Mottafollone,Calabria,2026,southern_italy
069056,Mozzagrogna,Abruzzo,4844,southern_italy
043034,Muccia,Marche,1572,sisma_2016
064065,Mugnano del Cardinale,Campania,10230,southern_italy
111042,Muravera,Sardegna,9946,southern_italy
075051,Muro Leccese,Puglia,9148,southern_italy
076053,Muro Lucano,Basilicata,9656,southern_italy
090043,Muros,Sardegna,1644,southern_italy
111043,Musei,Sardegna,3024,southern_italy
085012,Mussomeli,Sicilia,19484,southern_italy
095031,Narbolia,Sardegna,3240,southern_italy
111044,Narcao,Sardegna,5934,southern_italy
102024,Nardodipace,Calabria,2036,southern_italy
084026,Naro,Sicilia,13466,southern_italy
083060,Naso,Sicilia,6688,southern_italy
066058,Navelli,Abruzzo,1166,southern_italy
076054,Nemoli,Basilicata,2734,southern_italy
095032,Neoneli,Sardegna,1178,southern_italy
067031,Nereto,Abruzzo,10930,southern_italy
075053,Neviano,Puglia,9510,southern_italy
087031,Nicolosi,Sicilia,15440,southern_italy
102025,Nicotera,Calabria,14158,southern_italy
086013,Nissoria,Sicilia,5562,southern_italy
083061,Nizza di Sicilia,Sicilia,6976,southern_italy
078086,Nocara,Calabria,568,southern_italy
068026,Nocciano,Abruzzo,3368,southern_italy
079087,Nocera Terinese,Calabria,9546,southern_italy
075054,Nociglia,Puglia,4186,southern_italy
076055,Noepoli,Basilicata,1434,southern_italy
091050,Noragugume,Sardegna,538,southern_italy
095033,Norbello,Sardegna,2250,southern_italy
054035,Norcia,Umbria,8798,sisma_2016
067032,Notaresco,Abruzzo,12702,southern_italy
077018,Nova Siri,Basilicata,13696,southern_italy
083062,Novara di Sicilia,Sicilia,2090,southern_italy
065080,Novi Velia,Campania,4656,southern_italy
075055,Novoli,Puglia,14852,southern_italy
090044,Nughedu San Nicolò,Sardegna,1420,southern_italy
095034,Nughedu Santa Vittoria,Sardegna,844,southern_italy
090045,Nule,Sardegna,2518,southern_italy
090046,Nulvi,Sardegna,5144,southern_italy
095035,Nurachi,Sardegna,3320,southern_italy
111045,Nuragus,Sardegna,1590,southern_italy
111046,Nurallao,Sardegna,2178,southern_italy
111047,Nuraminis,Sardegna,4674,southern_italy
095036,Nureci,Sardegna,564,southern_italy
111048,Nurri,Sardegna,3976,southern_italy
064066,Nusco,Campania,7566,southern_italy
111049,Nuxis,Sardegna,2764,southern_italy
066059,Ocre,Abruzzo,2190,southern_italy
066060,Ofena,Abruzzo,924,southern_italy
044054,Offida,Marche,9138,sisma_2016
065081,Ogliastro Cilento,Campania,4614,southern_italy
065082,Olevano sul Tusciano,Campania,13142,southern_italy
091055,Oliena,Sardegna,12810,southern_italy
079088,Olivadi,Calabria,962,southern_italy
083063,Oliveri,Sicilia,4452,southern_italy
065083,Oliveto Citra,Campania,7202,southern_italy
077019,Oliveto Lucano,Basilicata,656,southern_italy
095037,Ollastra,Sardegna,2134,southern_italy
091056,Ollolai,Sardegna,2258,southern_italy
090048,Olmedo,Sardegna,8480,southern_italy
091057,Olzai,Sardegna,1504,southern_italy
065084,Omignano,Campania,3272,southern_italy
091058,Onanì,Sardegna,674,southern_italy
091059,Onifai,Sardegna,1456,southern_italy
091060,Oniferi,Sardegna,1646,southern_italy
066061,Opi,Abruzzo,746,southern_italy
076056,Oppido Lucano,Basilicata,6936,southern_italy
080055,Oppido Mamertina,Calabria,9348,southern_italy
091061,Orani,Sardegna,5152,southern_italy
070049,Oratino,Molise,3356,southern_italy
071063,Ordona,Puglia,6732,southern_italy
091062,Orgosolo,Sardegna,7606,southern_italy
066062,Oricola,Abruzzo,2548,southern_italy
078087,Oriolo,Calabria,3524,southern_italy
091063,Orosei,Sardegna,13676,southern_italy
091064,Orotelli,Sardegna,3648,southern_italy
065085,Orria,Campania,1774,southern_italy
111050,Orroli,Sardegna,3818,southern_italy
071035,Orsara di Puglia,Puglia,4938,southern_italy
069057,Orsogna,Abruzzo,7190,southern_italy
078088,Orsomarso,Calabria,2112,southern_italy
111051,Ortacesus,Sardegna,1718,southern_italy
075056,Ortelle,Puglia,4388,southern_italy
109029,Ortezzano,Marche,1460,sisma_2016
066063,Ortona dei Marsi,Abruzzo,732,southern_italy
066064,Ortucchio,Abruzzo,3472,southern_italy
091066,Ortueri,Sardegna,1922,southern_italy
091067,Orune,Sardegna,4044,southern_italy
090049,Oschiri,Sardegna,5770,southern_italy
091068,Osidda,Sardegna,418,southern_italy
090050,Osilo,Sardegna,5464,southern_italy
091069,Osini,Sardegna,1362,southern_italy
064067,Ospedaletto d'Alpinolo,Campania,3926,southern_italy
090051,Ossi,Sardegna,10688,southern_italy
075057,Otranto,Puglia,11174,southern_italy
091070,Ottana,Sardegna,4294,southern_italy
065086,Ottati,Campania,1128,southern_italy
066065,Ovindoli,Abruzzo,2308,southern_italy
091071,Ovodda,Sardegna,2858,southern_italy
090052,Ozieri,Sardegna,19118,southern_italy
111052,Pabillonis,Sardegna,4808,southern_italy
083064,Pace del Mela,Sicilia,11876,southern_italy
066066,Pacentro,Abruzzo,2114,southern_italy
090053,Padria,Sardegna,1148,southern_italy
090090,Padru,Sardegna,4260,southern_italy
065087,Padula,Campania,9550,southern_italy
062045,Paduli,Campania,7048,southern_italy
083065,Pagliara,Sicilia,2200,southern_italy
069059,Paglieta,Abruzzo,8200,southern_italy
064068,Pago del Vallo di Lauro,Campania,3368,southern_italy
062046,Pago Veiano,Campania,4334,southern_italy
073020,Palagianello,Puglia,14858,southern_italy
070050,Palata,Molise,2910,southern_italy
090054,Palau,Sardegna,8116,southern_italy
082052,Palazzo Adriano,Sicilia,3388,southern_italy
076057,Palazzo San Gervasio,Basilicata,8498,southern_italy
089015,Palazzolo Acreide,Sicilia,15824,southern_italy
069060,Palena,Abruzzo,2392,southern_italy
079089,Palermiti,Calabria,2072,southern_italy
080056,Palizzi,Calabria,3652,southern_italy
101016,Pallagorio,Calabria,1764,southern_italy
075058,Palmariggi,Puglia,2692,southern_italy
095039,Palmas Arborea,Sardegna,2988,southern_italy
044056,Palmiano,Marche,300,sisma_2016
069061,Palmoli,Abruzzo,1702,southern_italy
069062,Palombaro,Abruzzo,1842,southern_italy
065089,Palomonte,Campania,7544,southern_italy
078089,Paludi,Calabria,1872,southern_italy
078090,Panettieri,Calabria,608,southern_italy
062047,Pannarano,Campania,3924,southern_italy
071037,Panni,Puglia,1346,southern_italy
081014,Pantelleria,Sicilia,14300,southern_italy
062048,Paolisi,Campania,3880,southern_italy
078092,Papasidero,Calabria,1144,southern_italy
075059,Parabita,Puglia,17372,southern_italy
078093,Parenti,Calabria,3850,southern_italy
102026,Parghelia,Calabria,2542,southern_italy
064069,Parolise,Campania,1224,southern_italy
081015,Partanna,Sicilia,19670,southern_italy
061055,Pastorano,Campania,5704,southern_italy
076100,Paterno,Basilicata,5902,southern_italy
078094,Paterno Calabro,Calabria,2638,southern_italy
064070,Paternopoli,Campania,4136,southern_italy
090055,Pattada,Sardegna,5526,southern_italy
075060,Patù,Puglia,3288,southern_italy
095040,Pau,Sardegna,542,southern_italy
111053,Pauli Arbarei,Sardegna,1048,southern_italy
095041,Paulilatino,Sardegna,4076,southern_italy
062049,Paupisi,Campania,2762,southern_italy
080058,Pazzano,Calabria,994,southern_italy
078096,Pedivigliano,Calabria,1458,southern_italy
043035,Penna San Giovanni,Marche,1802,sisma_2016
067033,Penna Sant'Andrea,Abruzzo,3254,southern_italy
069063,Pennadomo,Abruzzo,402,southern_italy
069064,Pennapiedimonte,Abruzzo,730,southern_italy
079092,Pentone,Calabria,3582,southern_italy
069065,Perano,Abruzzo,2926,southern_italy
091072,Perdasdefogu,Sardegna,3378,southern_italy
111054,Perdaxius,Sardegna,2552,southern_italy
065091,Perdifumo,Campania,3604,southern_italy
066067,Pereto,Abruzzo,1260,southern_italy
090056,Perfugas,Sardegna,4424,southern_italy
065092,Perito,Campania,1526,southern_italy
065093,Pertosa,Campania,1264,southern_italy
066068,Pescasseroli,Abruzzo,3986,southern_italy
094031,Pesche,Molise,2874,southern_italy
071038,Peschici,Puglia,8582,southern_italy
066069,Pescina,Abruzzo,7308,southern_italy
062050,Pesco Sannita,Campania,3596,southern_italy
066070,Pescocostanzo,Abruzzo,2162,southern_italy
094032,Pescolanciano,Molise,1560,southern_italy
076058,Pescopagano,Basilicata,3194,southern_italy
094033,Pescopennataro,Molise,450,southern_italy
068029,Pescosansonesco,Abruzzo,878,southern_italy
070051,Petacciato,Molise,7106,southern_italy
101017,Petilia Policastro,Calabria,16860,southern_italy
065094,Petina,Campania,1968,southern_italy
082055,Petralia Soprana,Sicilia,5614,southern_italy
082056,Petralia Sottana,Sicilia,4698,southern_italy
070052,Petrella Tifernina,Molise,1980,southern_italy
043036,Petriolo,Marche,3642,sisma_2016
079094,Petrizzi,Calabria,1976,southern_italy
079095,Petronà,Calabria,4626,southern_italy
081024,Petrosino,Sicilia,15766,southern_italy
064071,Petruro Irpino,Campania,594,southern_italy
083067,Pettineo,Sicilia,2444,southern_italy
094034,Pettoranello del Molise,Molise,902,southern_italy
066071,Pettorano sul Gizio,Abruzzo,2518,southern_italy
065095,Piaggine,Campania,2112,southern_italy
082057,Piana degli Albanesi,Sicilia,10342,southern_italy
061056,Piana di Monte Verna,Campania,4148,southern_italy
078097,Piane Crati,Calabria,2556,southern_italy
068030,Pianella,Abruzzo,17126,southern_italy
079096,Pianopoli,Calabria,5144,southern_italy
068031,Picciano,Abruzzo,2556,southern_italy
076059,Picerno,Basilicata,11162,southern_italy
087035,Piedimonte Etneo,Sicilia,7730,southern_italy
061057,Piedimonte Matese,Campania,19976,southern_italy
094035,Pietrabbondante,Molise,1118,southern_italy
067034,Pietracamela,Abruzzo,392,southern_italy+sisma_2016
070053,Pietracatella,Molise,2384,southern_italy
070054,Pietracupa,Molise,362,southern_italy
064072,Pietradefusi,Campania,3838,southern_italy
069103,Pietraferrazzana,Abruzzo,252,southern_italy
078098,Pietrafitta,Calabria,2236,southern_italy
076060,Pietragalla,Basilicata,7484,southern_italy
061058,Pietramelara,Campania,8900,southern_italy
071039,Pietramontecorvino,Puglia,4734,southern_italy
068032,Pietranico,Abruzzo,832,southern_italy
078099,Pietrapaola,Calabria,1996,southern_italy
076061,Pietrapertosa,Basilicata,1696,southern_italy
086015,Pietraperzia,Sicilia,12366,southern_italy
062051,Pietraroja,Campania,986,southern_italy
064073,Pietrastornina,Campania,2926,southern_italy
061059,Pietravairano,Campania,5564,southern_italy
062052,Pietrelcina,Campania,5738,southern_italy
043038,Pieve Torina,Marche,2408,sisma_2016
061060,Pignataro Maggiore,Campania,11638,southern_italy
076062,Pignola,Basilicata,13510,southern_italy
111055,Pimentel,Sardegna,2156,southern_italy
063054,Pimonte,Campania,11766,southern_italy
043039,Pioraco,Marche,1830,sisma_2016
083068,Piraino,Sicilia,7448,southern_italy
111056,Piscinas,Sardegna,1516,southern_italy
065096,Pisciotta,Campania,4832,southern_italy
102027,Pizzo,Calabria,17336,southern_italy
069066,Pizzoferrato,Abruzzo,1898,southern_italy
066072,Pizzoli,Abruzzo,8372,southern_italy+sisma_2016
094036,Pizzone,Molise,574,southern_italy
102028,Pizzoni,Calabria,1832,southern_italy
080059,Placanica,Calabria,1954,southern_italy
078100,Plataci,Calabria,1252,southern_italy
079099,Platania,Calabria,3930,southern_italy
080060,Platì,Calabria,7292,southern_italy
090057,Ploaghe,Sardegna,8402,southern_italy
075061,Poggiardo,Puglia,11490,southern_italy
057051,Poggio Bustone,Lazio,3914,sisma_2016
071040,Poggio Imperiale,Puglia,5102,southern_italy
066073,Poggio Picenze,Abruzzo,2056,southern_italy
043040,Poggio San Vicino,Marche,390,sisma_2016
094037,Poggio Sannita,Molise,1026,southern_italy
054042,Poggiodomo,Umbria,162,sisma_2016
069067,Poggiofiorito,Abruzzo,1502,southern_italy
081016,Poggioreale,Sicilia,2544,southern_italy
072034,Poggiorsini,Puglia,2480,southern_italy
102029,Polia,Calabria,1540,southern_italy
055027,Polino,Umbria,466,sisma_2016
080061,Polistena,Calabria,19644,southern_italy
082058,Polizzi Generosa,Sicilia,5490,southern_italy
065097,Polla,Campania,10168,southern_italy
043041,Pollenza,Marche,12298,sisma_2016
065098,Pollica,Campania,4096,southern_italy
082059,Pollina,Sicilia,5614,southern_italy
069068,Pollutri,Abruzzo,4032,southern_italy
077022,Pomarico,Basilicata,7314,southern_italy
095042,Pompu,Sardegna,434,southern_italy
062053,Ponte,Campania,4776,southern_italy
062054,Pontelandolfo,Campania,3882,southern_italy
061061,Pontelatone,Campania,3040,southern_italy
068033,Popoli Terme,Abruzzo,9148,southern_italy
061062,Portico di Caserta,Campania,15476,southern_italy
080062,Portigliola,Calabria,1988,southern_italy
075097,Porto Cesareo,Puglia,12968,southern_italy
070055,Portocannone,Molise,4646,southern_italy
089020,Portopalo di Capo Passero,Sicilia,7780,southern_italy
111057,Portoscuso,Sardegna,9378,southern_italy
091073,Posada,Sardegna,6158,southern_italy
065100,Positano,Campania,7286,southern_italy
057057,Posta,Lazio,1036,sisma_2016
065101,Postiglione,Campania,4038,southern_italy
094038,Pozzilli,Molise,4326,southern_italy
090059,Pozzomaggiore,Sardegna,4572,southern_italy
078101,Praia a Mare,Calabria,12536,southern_italy
065102,Praiano,Campania,3840,southern_italy
066074,Prata d'Ansidonia,Abruzzo,848,southern_italy
064074,Prata di Principato Ultra,Campania,5310,southern_italy
061063,Prata Sannita,Campania,2642,southern_italy
061064,Pratella,Campania,2648,southern_italy
066075,Pratola Peligna,Abruzzo,13762,southern_italy
064075,Pratola Serra,Campania,7122,southern_italy
054043,Preci,Umbria,1356,sisma_2016
061065,Presenzano,Campania,3216,southern_italy
075098,Presicce-Acquarica,Puglia,18080,southern_italy
069069,Pretoro,Abruzzo,1718,southern_italy
066076,Prezza,Abruzzo,1608,southern_italy
065103,Prignano Cilento,Campania,2222,southern_italy
082060,Prizzi,Sicilia,7998,southern_italy
063061,Procida,Campania,19942,southern_italy
070056,Provvidenti,Molise,194,southern_italy
062055,Puglianello,Campania,2524,southern_italy
092050,Pula,Sardegna,14096,southern_italy
090060,Putifigari,Sardegna,1316,southern_italy
064076,Quadrelle,Campania,3728,southern_italy
069070,Quadri,Abruzzo,1344,southern_italy
064077,Quindici,Campania,3514,southern_italy
084029,Racalmuto,Sicilia,15002,southern_italy
083069,Raccuja,Sicilia,1678,southern_italy
087036,Raddusa,Sicilia,5502,southern_italy
087058,Ragalna,Sicilia,8792,southern_italy
066077,Raiano,Abruzzo,5190,southern_italy
087038,Randazzo,Sicilia,19918,southern_italy
069071,Rapino,Abruzzo,2230,southern_italy
076064,Rapolla,Basilicata,8160,southern_italy
076065,Rapone,Basilicata,1654,southern_italy
065104,Ravello,Campania,4670,southern_italy
061066,Raviscanina,Campania,2258,southern_italy
084032,Realmonte,Sicilia,8736,southern_italy
061067,Recale,Campania,15416,southern_italy
086016,Regalbuto,Sicilia,13112,southern_italy
062056,Reino,Campania,2126,southern_italy
083070,Reitano,Sicilia,1410,southern_italy
085014,Resuttano,Sicilia,3374,southern_italy
080064,Riace,Calabria,3592,southern_italy
061068,Riardo,Campania,4340,southern_italy
102030,Ricadi,Calabria,10096,southern_italy
070057,Riccia,Molise,9292,southern_italy
065105,Ricigliano,Campania,2078,southern_italy
071041,Rignano Garganico,Puglia,3444,southern_italy
095043,Riola Sardo,Sardegna,3910,southern_italy
094039,Rionero Sannitico,Molise,1882,southern_italy
069072,Ripa Teatina,Abruzzo,7798,southern_italy
070058,Ripabottoni,Molise,820,southern_italy
076067,Ripacandida,Basilicata,3056,southern_italy
070059,Ripalimosani,Molise,5940,southern_italy
043045,Ripe San Ginesio,Marche,1594,sisma_2016
076068,Rivello,Basilicata,4834,southern_italy
066078,Rivisondoli,Abruzzo,1360,southern_italy
057060,Rivodutri,Lazio,2242,sisma_2016
080065,Rizziconi,Calabria,15206,southern_italy
061069,Rocca d'Evandro,Campania,5854,southern_italy
066080,Rocca di Botte,Abruzzo,1782,southern_italy
066081,Rocca di Cambio,Abruzzo,1046,southern_italy
066082,Rocca di Mezzo,Abruzzo,2628,southern_italy
101019,Rocca di Neto,Calabria,10572,southern_italy
078103,Rocca Imperiale,Calabria,6232,southern_italy
066083,Rocca Pia,Abruzzo,306,southern_italy
064079,Rocca San Felice,Campania,1530,southern_italy
069074,Rocca San Giovanni,Abruzzo,4598,southern_italy
067036,Rocca Santa Maria,Abruzzo,900,southern_italy+sisma_2016
064078,Roccabascerana,Campania,4686,southern_italy
101018,Roccabernarda,Calabria,6090,southern_italy
066079,Roccacasale,Abruzzo,1124,southern_italy
065106,Roccadaspide,Campania,13800,southern_italy
083071,Roccafiorita,Sicilia,308,southern_italy
044064,Roccafluvione,Marche,3632,sisma_2016
080066,Roccaforte del Greco,Calabria,582,southern_italy
073023,Roccaforzata,Puglia,3458,southern_italy
065107,Roccagloriosa,Campania,3070,southern_italy
083072,Roccalumera,Sicilia,8286,southern_italy
094040,Roccamandolfi,Molise,1606,southern_italy
082061,Roccamena,Sicilia,2566,southern_italy
061070,Roccamonfina,Campania,6174,southern_italy
069073,Roccamontepiano,Abruzzo,3066,southern_italy
068034,Roccamorice,Abruzzo,1680,southern_italy
076069,Roccanova,Basilicata,2470,southern_italy
082062,Roccapalumba,Sicilia,4238,southern_italy
065108,Roccapiemonte,Campania,17352,southern_italy
063065,Roccarainola,Campania,12926,southern_italy
066084,Roccaraso,Abruzzo,2920,southern_italy
061071,Roccaromana,Campania,1686,southern_italy
069075,Roccascalegna,Abruzzo,2022,southern_italy
094041,Roccasicura,Molise,920,southern_italy
069076,Roccaspinalveti,Abruzzo,2242,southern_italy
083073,Roccavaldina,Sicilia,1930,southern_italy
070060,Roccavivara,Molise,1134,southern_italy
080067,Roccella Ionica,Calabria,12238,southern_italy
083074,Roccella Valdemone,Sicilia,1064,southern_italy
094042,Rocchetta a Volturno,Molise,2132,southern_italy
061072,Rocchetta e Croce,Campania,878,southern_italy
071042,Rocchetta Sant'Antonio,Puglia,3194,southern_italy
071043,Rodi Garganico,Puglia,6612,southern_italy
083075,Rodì Milici,Sicilia,3876,southern_italy
065109,Rofrano,Campania,2444,southern_italy
078104,Roggiano Gravina,Calabria,13416,southern_italy
080068,Roghudi,Calabria,1794,southern_italy
078105,Rogliano,Calabria,10300,southern_italy
069077,Roio del Sangro,Abruzzo,202,southern_italy
065110,Romagnano al Monte,Campania,738,southern_italy
090061,Romana,Sardegna,914,southern_italy
102031,Rombiolo,Calabria,8402,southern_italy
083076,Rometta,Sicilia,12994,southern_italy
068035,Rosciano,Abruzzo,8228,southern_italy
065111,Roscigno,Campania,1140,southern_italy
078106,Rose,Calabria,8218,southern_italy
069078,Rosello,Abruzzo,350,southern_italy
078107,Roseto Capo Spulico,Calabria,3730,southern_italy
071044,Roseto Valfortore,Puglia,1964,southern_italy
078109,Rota Greca,Calabria,1782,southern_italy
044065,Rotella,Marche,1528,sisma_2016
070061,Rotello,Molise,2246,southern_italy
076070,Rotonda,Basilicata,6200,southern_italy
077023,Rotondella,Basilicata,4618,southern_italy
064080,Rotondi,Campania,6658,southern_italy
078110,Rovito,Calabria,5802,southern_italy
075064,Ruffano,Puglia,18434,southern_italy
095044,Ruinas,Sardegna,1138,southern_italy
076071,Ruoti,Basilicata,6328,southern_italy
065112,Rutino,Campania,1488,southern_italy
061073,Ruviano,Campania,3252,southern_italy
076072,Ruvo del Monte,Basilicata,1870,southern_italy
065113,Sacco,Campania,788,southern_italy
111058,Sadali,Sardegna,1544,southern_italy
095086,Sagama,Sardegna,372,southern_italy
077024,Salandra,Basilicata,4782,southern_italy
081017,Salaparuta,Sicilia,3120,southern_italy
070062,Salcito,Molise,1278,southern_italy
081018,Salemi,Sicilia,19438,southern_italy
065115,Salento,Campania,3468,southern_italy
075065,Salice Salentino,Puglia,15098,southern_italy
068036,Salle,Abruzzo,500,southern_italy
075066,Salve,Puglia,9160,southern_italy
065117,Salvitelle,Campania,914,southern_italy
064081,Salza Irpina,Campania,1454,southern_italy
111059,Samassi,Sardegna,9348,southern_italy
111060,Samatzai,Sardegna,3004,southern_italy
084034,Sambuca di Sicilia,Sicilia,10404,southern_italy
072039,Sammichele di Bari,Puglia,11842,southern_italy
080070,Samo,Calabria,1358,southern_italy
095045,Samugheo,Sardegna,5272,southern_italy
062057,San Bartolomeo in Galdo,Campania,8382,southern_italy
078111,San Basile,Calabria,1764,southern_italy
111061,San Basilio,Sardegna,2134,southern_italy
066085,San Benedetto dei Marsi,Abruzzo,7430,southern_italy
066086,San Benedetto in Perillis,Abruzzo,200,southern_italy
078112,San Benedetto Ullano,Calabria,2746,southern_italy
084035,San Biagio Platani,Sicilia,5488,southern_italy
070063,San Biase,Molise,234,southern_italy
069079,San Buono,Abruzzo,1670,southern_italy
102032,San Calogero,Calabria,7424,southern_italy
075095,San Cassiano,Puglia,3872,southern_italy
075068,San Cesario di Lecce,Puglia,15574,southern_italy
076073,San Chirico Nuovo,Basilicata,2152,southern_italy
076074,San Chirico Raparo,Basilicata,1730,southern_italy
082063,San Cipirello,Sicilia,9574,southern_italy
065118,San Cipriano Picentino,Campania,13476,southern_italy
087040,San Cono,Sicilia,4726,southern_italy
078113,San Cosmo Albanese,Calabria,1080,southern_italy
076075,San Costantino Albanese,Basilicata,1138,southern_italy
102033,San Costantino Calabro,Calabria,4062,southern_italy
078114,San Demetrio Corone,Calabria,5910,southern_italy
066087,San Demetrio ne' Vestini,Abruzzo,4004,southern_italy
074013,San Donaci,Puglia,12100,southern_italy
075069,San Donato di Lecce,Puglia,10700,southern_italy
078115,San Donato di Ninea,Calabria,2060,southern_italy
076076,San Fele,Basilicata,4986,southern_italy
070064,San Felice del Molise,Molise,1050,southern_italy
080097,San Ferdinando,Calabria,8938,southern_italy
078116,San Fili,Calabria,4812,southern_italy
083077,San Filippo del Mela,Sicilia,13234,southern_italy
079108,San Floro,Calabria,1382,southern_italy
083078,San Fratello,Sicilia,6318,southern_italy
111062,San Gavino Monreale,Sardegna,15646,southern_italy
070065,San Giacomo degli Schiavoni,Molise,2750,southern_italy
043046,San Ginesio,Marche,6094,sisma_2016
078118,San Giorgio Albanese,Calabria,2512,southern_italy
062058,San Giorgio del Sannio,Campania,19266,southern_italy
062059,San Giorgio La Molara,Campania,5290,southern_italy
077025,San Giorgio Lucano,Basilicata,1972,southern_italy
080071,San Giorgio Morgeto,Calabria,5890,southern_italy
065119,San Giovanni a Piro,Campania,7182,southern_italy
080072,San Giovanni di Gerace,Calabria,788,southern_italy
084036,San Giovanni Gemini,Sicilia,14766,southern_italy
070066,San Giovanni in Galdo,Molise,990,southern_italy
069080,San Giovanni Lipioni,Abruzzo,278,southern_italy
111063,San Giovanni Suergiu,Sardegna,11046,southern_italy
070067,San Giuliano del Sannio,Molise,1912,southern_italy
070068,San Giuliano di Puglia,Molise,1914,southern_italy
082064,San Giuseppe Jato,Sicilia,15772,southern_italy
102034,San Gregorio d'Ippona,Calabria,5148,southern_italy
065120,San Gregorio Magno,Campania,7596,southern_italy
061076,San Gregorio Matese,Campania,1684,southern_italy
062060,San Leucio del Sannio,Campania,5754,southern_italy
062061,San Lorenzello,Campania,4158,southern_italy
080073,San Lorenzo,Calabria,4136,southern_italy
078120,San Lorenzo Bellizzi,Calabria,1002,southern_italy
078121,San Lorenzo del Vallo,Calabria,6114,southern_italy
062062,San Lorenzo Maggiore,Campania,3710,southern_italy
080074,San Luca,Calabria,6594,southern_italy
078122,San Lucido,Calabria,15550,southern_italy
062063,San Lupo,Campania,1334,southern_italy
079110,San Mango d'Aquino,Calabria,2768,southern_italy
065121,San Mango Piemonte,Campania,5232,southern_italy
064082,San Mango sul Calore,Campania,2208,southern_italy
078123,San Marco Argentano,Calabria,13538,southern_italy
083079,San Marco d'Alunzio,Sicilia,3550,southern_italy
062064,San Marco dei Cavoti,Campania,5790,southern_italy
061104,San Marco Evangelista,Campania,12948,southern_italy
071048,San Marco la Catola,Puglia,1620,southern_italy
076077,San Martino d'Agri,Basilicata,1230,southern_italy
078124,San Martino di Finita,Calabria,1834,southern_italy
070069,San Martino in Pensilis,Molise,8730,southern_italy
062065,San Martino Sannita,Campania,2272,southern_italy
069082,San Martino sulla Marrucina,Abruzzo,1736,southern_italy
064083,San Martino Valle Caudina,Campania,9466,southern_italy
073025,San Marzano di San Giuseppe,Puglia,17592,southern_italy
070070,San Massimo,Molise,1650,southern_italy
082065,San Mauro Castelverde,Sicilia,2558,southern_italy
065123,San Mauro Cilento,Campania,1648,southern_italy
077026,San Mauro Forte,Basilicata,2336,southern_italy
065124,San Mauro la Bruca,Campania,1000,southern_italy
101020,San Mauro Marchesato,Calabria,3736,southern_italy
087043,San Michele di Ganzaria,Sicilia,5614,southern_italy
064084,San Michele di Serino,Campania,4782,southern_italy
074014,San Michele Salentino,Puglia,12012,southern_italy
062066,San Nazzaro,Campania,1638,southern_italy
078125,San Nicola Arcella,Calabria,4036,southern_italy
064085,San Nicola Baronia,Campania,1474,southern_italy
102035,San Nicola da Crissa,Calabria,2348,southern_italy
101021,San Nicola dell'Alto,Calabria,1290,southern_italy
062067,San Nicola Manfredi,Campania,6746,southern_italy
095046,San Nicolò d'Arcidano,Sardegna,4792,southern_italy
111064,San Nicolò Gerrei,Sardegna,1418,southern_italy
074015,San Pancrazio Salentino,Puglia,17916,southern_italy
076020,San Paolo Albanese,Basilicata,394,southern_italy
063069,San Paolo Bel Sito,Campania,6716,southern_italy
071050,San Paolo di Civitate,Puglia,10644,southern_italy
083080,San Pier Niceto,Sicilia,5036,southern_italy
083081,San Piero Patti,Sicilia,5070,southern_italy
079114,San Pietro a Maida,Calabria,7620,southern_italy
065125,San Pietro al Tanagro,Campania,3398,southern_italy
079115,San Pietro Apostolo,Calabria,3066,southern_italy
094043,San Pietro Avellana,Molise,780,southern_italy
087044,San Pietro Clarenza,Sicilia,16744,southern_italy
080075,San Pietro di Caridà,Calabria,1846,southern_italy
078126,San Pietro in Amantea,Calabria,892,southern_italy
078127,San Pietro in Guarano,Calabria,6596,southern_italy
075071,San Pietro in Lama,Puglia,6688,southern_italy
061079,San Pietro Infine,Campania,1550,southern_italy
066088,San Pio delle Camere,Abruzzo,1326,southern_italy
070071,San Polo Matese,Molise,974,southern_italy
061080,San Potito Sannitico,Campania,3894,southern_italy
064086,San Potito Ultra,Campania,2914,southern_italy
080076,San Procopio,Calabria,938,southern_italy
080077,San Roberto,Calabria,2958,southern_italy
065126,San Rufo,Campania,3170,southern_italy
083082,San Salvatore di Fitalia,Sicilia,2206,southern_italy
062068,San Salvatore Telesino,Campania,7712,southern_italy
063070,San Sebastiano al Vesuvio,Campania,17142,southern_italy
076078,San Severino Lucano,Basilicata,2626,southern_italy
064087,San Sossio Baronia,Campania,2924,southern_italy
079116,San Sostene,Calabria,2814,southern_italy
078128,San Sosti,Calabria,3678,southern_italy
111065,San Sperate,Sardegna,17250,southern_italy
061085,San Tammaro,Campania,11504,southern_italy
083090,San Teodoro,Sicilia,2370,southern_italy
090092,San Teodoro,Sardegna,10448,southern_italy
068038,San Valentino in Abruzzo Citeriore,Abruzzo,3576,southern_italy
095050,San Vero Milis,Sardegna,4828,southern_italy
078135,San Vincenzo La Costa,Calabria,3860,southern_italy
066092,San Vincenzo Valle Roveto,Abruzzo,4026,southern_italy
063075,San Vitaliano,Campania,13160,southern_italy
111066,San Vito,Sardegna,6818,southern_italy
069086,San Vito Chietino,Abruzzo,10116,southern_italy
081020,San Vito Lo Capo,Sicilia,9730,southern_italy
079122,San Vito sullo Ionio,Calabria,3072,southern_italy
075067,Sanarica,Puglia,2950,southern_italy
078117,Sangineto,Calabria,2404,southern_italy
111067,Sanluri,Sardegna,15992,southern_italy
072040,Sannicandro di Bari,Puglia,19216,southern_italy
075070,Sannicola,Puglia,11080,southern_italy
094044,Sant'Agapito,Molise,2666,southern_italy
080079,Sant'Agata del Bianco,Calabria,1048,southern_italy
078131,Sant'Agata di Esaro,Calabria,3406,southern_italy
071052,Sant'Agata di Puglia,Puglia,3474,southern_italy
087045,Sant'Agata li Battiati,Sicilia,18434,southern_italy
063071,Sant'Agnello,Campania,16850,southern_italy
080080,Sant'Alessio in Aspromonte,Calabria,598,southern_italy
083085,Sant'Alessio Siculo,Sicilia,3084,southern_italy
087046,Sant'Alfio,Sicilia,3042,southern_italy
054045,Sant'Anatolia di Narco,Umbria,980,sisma_2016
079118,Sant'Andrea Apostolo dello Ionio,Calabria,3382,southern_italy
064089,Sant'Andrea di Conza,Campania,2682,southern_italy
111069,Sant'Andrea Frius,Sardegna,3318,southern_italy
062071,Sant'Angelo a Cupolo,Campania,7978,southern_italy
065128,Sant'Angelo a Fasanella,Campania,996,southern_italy
064091,Sant'Angelo a Scala,Campania,1344,southern_italy
064090,Sant'Angelo all'Esca,Campania,1376,southern_italy
061086,Sant'Angelo d'Alife,Campania,4094,southern_italy
064092,Sant'Angelo dei Lombardi,Campania,7566,southern_italy
094046,Sant'Angelo del Pesco,Molise,600,southern_italy
083088,Sant'Angelo di Brolo,Sicilia,5250,southern_italy
043048,Sant'Angelo in Pontano,Marche,2438,sisma_2016
076079,Sant'Angelo Le Fratte,Basilicata,2586,southern_italy
070073,Sant'Angelo Limosano,Molise,596,southern_italy
084039,Sant'Angelo Muxaro,Sicilia,2238,southern_italy
111070,Sant'Anna Arresi,Sardegna,5252,southern_italy
090085,Sant'Antonio di Gallura,Sardegna,2864,southern_italy
076080,Sant'Arcangelo,Basilicata,11844,southern_italy
062078,Sant'Arcangelo Trimonte,Campania,920,southern_italy
065129,Sant'Arsenio,Campania,5278,southern_italy
067038,Sant'Egidio alla Vibrata,Abruzzo,19826,southern_italy
065130,Sant'Egidio del Monte Albino,Campania,15366,southern_italy
094047,Sant'Elena Sannita,Molise,596,southern_italy
070074,Sant'Elia a Pianisi,Molise,2960,southern_italy
068037,Sant'Eufemia a Maiella,Abruzzo,466,southern_italy
080081,Sant'Eufemia d'Aspromonte,Calabria,7250,southern_italy
069085,Sant'Eusanio del Sangro,Abruzzo,4448,southern_italy
066090,Sant'Eusanio Forconese,Abruzzo,728,southern_italy
080082,Sant'Ilario dello Ionio,Calabria,2616,southern_italy
067039,Sant'Omero,Abruzzo,10154,southern_italy
102036,Sant'Onofrio,Calabria,5310,southern_italy
078129,Santa Caterina Albanese,Calabria,2104,southern_italy
079117,Santa Caterina dello Ionio,Calabria,3836,southern_italy
085017,Santa Caterina Villarmosa,Sicilia,8842,southern_italy
075072,Santa Cesarea Terme,Puglia,5528,southern_italy
080078,Santa Cristina d'Aspromonte,Calabria,1414,southern_italy
082066,Santa Cristina Gela,Sicilia,2012,southern_italy
062069,Santa Croce del Sannio,Campania,1714,southern_italy
070072,Santa Croce di Magliano,Molise,7640,southern_italy
078130,Santa Domenica Talao,Calabria,2254,southern_italy
083083,Santa Domenica Vittoria,Sicilia,1722,southern_italy
084037,Santa Elisabetta,Sicilia,4416,southern_italy
095047,Santa Giusta,Sardegna,9116,southern_italy
083086,Santa Lucia del Mela,Sicilia,8684,southern_italy
064088,Santa Lucia di Serino,Campania,2684,southern_italy
084038,Santa Margherita di Belice,Sicilia,11962,southern_italy
090087,Santa Maria Coghinas,Sardegna,2692,southern_italy
078132,Santa Maria del Cedro,Calabria,10358,southern_italy
094045,Santa Maria del Molise,Molise,1290,southern_italy
087047,Santa Maria di Licodia,Sicilia,15350,southern_italy
069084,Santa Maria Imbaro,Abruzzo,4044,southern_italy
061084,Santa Maria la Fossa,Campania,5004,southern_italy
065127,Santa Marina,Campania,6440,southern_italy
083087,Santa Marina Salina,Sicilia,1754,southern_italy
081019,Santa Ninfa,Sicilia,9426,southern_italy
064093,Santa Paolina,Campania,2250,southern_italy
101022,Santa Severina,Calabria,3658,southern_italy
078133,Santa Sofia d'Epiro,Calabria,4162,southern_italy
083089,Santa Teresa di Riva,Sicilia,18266,southern_italy
090063,Santa Teresa Gallura,Sardegna,10288,southern_italy
087048,Santa Venerina,Sicilia,16974,southern_italy
109036,Santa Vittoria in Matenano,Marche,2218,sisma_2016
111068,Santadi,Sardegna,6058,southern_italy
066089,Sante Marie,Abruzzo,2106,southern_italy
064095,Santo Stefano del Sole,Campania,4092,southern_italy
083091,Santo Stefano di Camastra,Sicilia,8650,southern_italy
078134,Santo Stefano di Rogliano,Calabria,3472,southern_italy
066091,Santo Stefano di Sessanio,Abruzzo,204,southern_italy
080083,Santo Stefano in Aspromonte,Calabria,2002,southern_italy
084040,Santo Stefano Quisquina,Sicilia,7708,southern_italy
065131,Santomenna,Campania,736,southern_italy
095049,Santu Lussurgiu,Sardegna,4300,southern_italy
065133,Sanza,Campania,4626,southern_italy
083092,Saponara,Sicilia,7240,southern_italy
065134,Sapri,Campania,12522,southern_italy
078136,Saracena,Calabria,6468,southern_italy
076081,Sarconi,Basilicata,2842,southern_italy
111072,Sardara,Sardegna,7422,southern_italy
043049,Sarnano,Marche,6116,sisma_2016
092066,Sarroch,Sardegna,9960,southern_italy
091077,Sarule,Sardegna,2900,southern_italy
065136,Sassano,Campania,9360,southern_italy
062072,Sassinoro,Campania,1212,southern_italy
076082,Sasso di Castalda,Basilicata,1442,southern_italy
079123,Satriano,Calabria,6742,southern_italy
076083,Satriano di Lucania,Basilicata,4490,southern_italy
101023,Savelli,Calabria,2010,southern_italy
064096,Savignano Irpino,Campania,2020,southern_italy
083093,Savoca,Sicilia,3498,southern_italy
076084,Savoia di Lucania,Basilicata,1918,southern_italy
068039,Scafa,Abruzzo,6776,southern_italy
065138,Scala,Campania,3014,southern_italy
078137,Scala Coeli,Calabria,1468,southern_italy
083094,Scaletta Zanclea,Sicilia,3722,southern_italy
064097,Scampitella,Campania,1962,southern_italy
101024,Scandale,Calabria,5712,southern_italy
066093,Scanno,Abruzzo,3324,southern_italy
095051,Scano di Montiferro,Sardegna,2720,southern_italy
077031,Scanzano Jonico,Basilicata,14950,southern_italy
094048,Scapoli,Molise,1118,southern_italy
069087,Scerni,Abruzzo,5802,southern_italy
054047,Scheggino,Umbria,844,sisma_2016
069088,Schiavi di Abruzzo,Abruzzo,1232,southern_italy
082068,Sciara,Sicilia,4848,southern_italy
080084,Scido,Calabria,1594,southern_italy
078139,Scigliano,Calabria,2190,southern_italy
080085,Scilla,Calabria,8810,southern_italy
082081,Scillato,Sicilia,1128,southern_italy
063077,Scisciano,Campania,12742,southern_italy
082069,Sclafani Bagni,Sicilia,688,southern_italy
066094,Scontrone,Abruzzo,1070,southern_italy
066095,Scoppito,Abruzzo,7618,southern_italy
075073,Scorrano,Puglia,13084,southern_italy
066096,Scurcola Marsicana,Abruzzo,5400,southern_italy
066097,Secinaro,Abruzzo,604,southern_italy
075074,Seclì,Puglia,3568,southern_italy
095052,Sedilo,Sardegna,3838,southern_italy
090065,Sedini,Sardegna,2366,southern_italy
043050,Sefro,Marche,850,sisma_2016
111073,Segariu,Sardegna,2148,southern_italy
111074,Selegas,Sardegna,2506,southern_italy
054048,Sellano,Umbria,1836,sisma_2016
079126,Sellia,Calabria,904,southern_italy
079127,Sellia Marina,Calabria,15596,southern_italy
090066,Semestene,Sardegna,254,southern_italy
080086,Seminara,Calabria,4946,southern_italy
095053,Seneghe,Sardegna,3154,southern_italy
064098,Senerchia,Campania,1416,southern_italy
095054,Senis,Sardegna,738,southern_italy
076085,Senise,Basilicata,12720,southern_italy
095055,Sennariolo,Sardegna,306,southern_italy
090067,Sennori,Sardegna,13314,southern_italy
111075,Senorbì,Sardegna,9620,southern_italy
070075,Sepino,Molise,3630,southern_italy
111076,Serdiana,Sardegna,5286,southern_italy
064099,Serino,Campania,13126,southern_italy
078140,Serra d'Aiello,Calabria,1042,southern_italy
102037,Serra San Bruno,Calabria,12504,southern_italy
071053,Serracapriola,Puglia,7056,southern_italy
085018,Serradifalco,Sicilia,10684,southern_italy
111077,Serramanna,Sardegna,16776,southern_italy
065139,Serramezzana,Campania,544,southern_italy
068040,Serramonacesca,Abruzzo,986,southern_italy
043051,Serrapetrona,Marche,1696,sisma_2016
063078,Serrara Fontana,Campania,6130,southern_italy
079129,Serrastretta,Calabria,5756,southern_italy
080087,Serrata,Calabria,1576,southern_italy
065140,Serre,Campania,7342,southern_italy
111078,Serrenti,Sardegna,8850,southern_italy
111079,Serri,Sardegna,1176,southern_italy
079130,Sersale,Calabria,8174,southern_italy
109038,Servigliano,Marche,4410,sisma_2016
065141,Sessa Cilento,Campania,2258,southern_italy
094049,Sessano del Molise,Molise,1328,southern_italy
094050,Sesto Campano,Molise,4268,southern_italy
092075,Settimo San Pietro,Sardegna,13936,southern_italy
079131,Settingiano,Calabria,6584,southern_italy
111080,Setzu,Sardegna,254,southern_italy
111081,Seui,Sardegna,2274,southern_italy
111082,Seulo,Sardegna,1490,southern_italy
095056,Siamaggiore,Sardegna,1696,southern_italy
095057,Siamanna,Sardegna,1470,southern_italy
065142,Siano,Campania,18452,southern_italy
095076,Siapiccia,Sardegna,668,southern_italy
065143,Sicignano degli Alburni,Campania,6114,southern_italy
084042,Siculiana,Sicilia,8374,southern_italy
111083,Siddi,Sardegna,1082,southern_italy
091083,Silanus,Sardegna,3782,southern_italy
090068,Siligo,Sardegna,1468,southern_italy
111084,Siliqua,Sardegna,6936,southern_italy
111085,Silius,Sardegna,1974,southern_italy
095058,Simala,Sardegna,562,southern_italy
095059,Simaxis,Sardegna,4240,southern_italy
102038,Simbario,Calabria,1820,southern_italy
079133,Simeri Crichi,Calabria,9378,southern_italy
083095,Sinagra,Sicilia,4836,southern_italy
091084,Sindia,Sardegna,3116,southern_italy
095060,Sini,Sardegna,1040,southern_italy
080089,Sinopoli,Calabria,3596,southern_italy
064100,Sirignano,Campania,5882,southern_italy
095061,Siris,Sardegna,454,southern_italy
111086,Siurgus Donigala,Sardegna,3640,southern_italy
109039,Smerillo,Marche,660,sisma_2016
095078,Soddì,Sardegna,230,southern_italy
075075,Sogliano Cavour,Puglia,7620,southern_italy
089018,Solarino,Sicilia,15020,southern_italy
095062,Solarussa,Sardegna,4382,southern_italy
111087,Soleminis,Sardegna,3804,southern_italy
075076,Soleto,Puglia,10172,southern_italy
062073,Solopaca,Campania,6752,southern_italy
085019,Sommatino,Sicilia,12440,southern_italy
079134,Sorbo San Basile,Calabria,1416,southern_italy
064102,Sorbo Serpico,Campania,1024,southern_italy
091086,Sorgono,Sardegna,2868,southern_italy
102039,Sorianello,Calabria,2136,southern_italy
102040,Soriano Calabro,Calabria,5566,southern_italy
095063,Sorradile,Sardegna,666,southern_italy
089019,Sortino,Sicilia,15954,southern_italy
079137,Soverato,Calabria,16818,southern_italy
079138,Soveria Mannelli,Calabria,5466,southern_italy
079139,Soveria Simeri,Calabria,2826,southern_italy
083096,Spadafora,Sicilia,9204,southern_italy
102041,Spadola,Calabria,1590,southern_italy
061089,Sparanise,Campania,14598,southern_italy
075077,Specchia,Puglia,8906,southern_italy
086017,Sperlinga,Sicilia,1278,southern_italy
064103,Sperone,Campania,7254,southern_italy
078142,Spezzano Albanese,Calabria,12776,southern_italy
078143,Spezzano della Sila,Calabria,8608,southern_italy
102042,Spilinga,Calabria,2690,southern_italy
110008,Spinazzola,Puglia,11588,southern_italy
070076,Spinete,Molise,2256,southern_italy
076086,Spinoso,Basilicata,2518,southern_italy
075078,Spongano,Puglia,6798,southern_italy
079142,Squillace,Calabria,7200,southern_italy
080090,Staiti,Calabria,322,southern_italy
079143,Stalettì,Calabria,4788,southern_italy
102043,Stefanaconi,Calabria,4496,southern_italy
065144,Stella Cilento,Campania,1224,southern_italy
075080,Sternatia,Puglia,4144,southern_italy
077027,Stigliano,Basilicata,6738,southern_italy
080091,Stignano,Calabria,2286,southern_italy
080092,Stilo,Calabria,4612,southern_italy
090089,Stintino,Sardegna,3134,southern_italy
065145,Stio,Campania,1518,southern_italy
071054,Stornara,Puglia,11556,southern_italy
071055,Stornarella,Puglia,10804,southern_italy
063081,Striano,Campania,18532,southern_italy
101025,Strongoli,Calabria,12226,southern_italy
064104,Sturno,Campania,5408,southern_italy
061090,Succivo,Campania,17836,southern_italy
111088,Suelli,Sardegna,2098,southern_italy
064105,Summonte,Campania,2938,southern_italy
095087,Suni,Sardegna,1936,southern_italy
075081,Supersano,Puglia,8072,southern_italy
075082,Surano,Puglia,2948,southern_italy
085020,Sutera,Sicilia,2192,southern_italy
095064,Tadasuni,Sardegna,250,southern_italy
066099,Tagliacozzo,Abruzzo,12834,southern_italy
091088,Talana,Sardegna,1826,southern_italy
069089,Taranta Peligna,Abruzzo,602,southern_italy
078145,Tarsia,Calabria,3636,southern_italy
064106,Taurano,Campania,2810,southern_italy
064107,Taurasi,Campania,4112,southern_italy
070077,Tavenna,Molise,1090,southern_italy
079146,Taverna,Calabria,4930,southern_italy
076087,Teana,Basilicata,998,southern_italy
065146,Teggiano,Campania,13934,southern_italy
062074,Telese Terme,Campania,15214,southern_italy
090080,Telti,Sardegna,4562,southern_italy
064108,Teora,Campania,2848,southern_italy
090086,Tergu,Sardegna,1224,southern_italy
083106,Terme Vigliatore,Sicilia,14726,southern_italy
095065,Terralba,Sardegna,19100,southern_italy
078146,Terranova da Sibari,Calabria,8882,southern_italy
076088,Terranova di Pollino,Basilicata,1902,southern_italy
080094,Terranova Sappo Minulio,Calabria,804,southern_italy
078147,Terravecchia,Calabria,1106,southern_italy
091089,Tertenia,Sardegna,7668,southern_italy
091090,Teti,Sardegna,1122,southern_italy
111089,Teulada,Sardegna,6312,southern_italy
090071,Thiesi,Sardegna,5270,southern_italy
091091,Tiana,Sardegna,836,southern_italy
075086,Tiggiano,Puglia,5650,southern_italy
095088,Tinnura,Sardegna,484,southern_italy
066100,Tione degli Abruzzi,Abruzzo,486,southern_italy
079147,Tiriolo,Calabria,6922,southern_italy
090072,Tissi,Sardegna,4704,southern_italy
076089,Tito,Basilicata,14004,southern_italy
062075,Tocco Caudio,Campania,2918,southern_italy
068042,Tocco da Casauria,Abruzzo,4650,southern_italy
069090,Tollo,Abruzzo,7736,southern_italy
076090,Tolve,Basilicata,5686,southern_italy
091093,Tonara,Sardegna,3612,southern_italy
061093,Tora e Piccilli,Campania,1470,southern_italy
078148,Torano Castello,Calabria,8510,southern_italy
067042,Torano Nuovo,Abruzzo,2880,southern_italy
065147,Torchiara,Campania,3816,southern_italy
074018,Torchiarolo,Puglia,10572,southern_italy
064109,Torella dei Lombardi,Campania,3890,southern_italy
070079,Torella del Sannio,Molise,1352,southern_italy
069091,Torino di Sangro,Abruzzo,5850,southern_italy
072044,Toritto,Puglia,15906,southern_italy
069092,Tornareccio,Abruzzo,3280,southern_italy
066101,Tornimparte,Abruzzo,5458,southern_italy
070080,Toro,Molise,2418,southern_italy
091094,Torpè,Sardegna,5514,southern_italy
065148,Torraca,Campania,2428,southern_italy
090073,Torralba,Sardegna,1708,southern_italy
068043,Torre de' Passeri,Abruzzo,5724,southern_italy
079148,Torre di Ruggiero,Calabria,1866,southern_italy
064110,Torre Le Nocelle,Campania,2446,southern_italy
065149,Torre Orsaia,Campania,3856,southern_italy
069093,Torrebruna,Abruzzo,1270,southern_italy
062076,Torrecuso,Campania,6448,southern_italy
083098,Torregrotta,Sicilia,14566,southern_italy
083108,Torrenova,Sicilia,8966,southern_italy
082072,Torretta,Sicilia,8880,southern_italy
069094,Torrevecchia Teatina,Abruzzo,8366,southern_italy
073028,Torricella,Puglia,8192,southern_italy
069095,Torricella Peligna,Abruzzo,2154,southern_italy
067043,Torricella Sicura,Abruzzo,4730,southern_italy+sisma_2016
064111,Torrioni,Campania,922,southern_italy
078149,Tortora,Calabria,11838,southern_italy
065150,Tortorella,Campania,924,southern_italy
083099,Tortorici,Sicilia,10864,southern_italy
067045,Tossicia,Abruzzo,2408,southern_italy+sisma_2016
095066,Tramatza,Sardegna,1774,southern_italy
065151,Tramonti,Campania,8418,southern_italy
076091,Tramutola,Basilicata,5624,southern_italy
082074,Trappeto,Sicilia,6286,southern_italy
066102,Trasacco,Abruzzo,11608,southern_italy
111090,Tratalias,Sardegna,1976,southern_italy
078150,Trebisacce,Calabria,17164,southern_italy
063091,Trecase,Campania,17044,southern_italy
076092,Trecchina,Basilicata,4108,southern_italy
069096,Treglio,Abruzzo,3442,southern_italy
043054,Treia,Marche,18004,sisma_2016
065152,Trentinara,Campania,3146,southern_italy
095067,Tresnuraghes,Sardegna,2074,southern_italy
064112,Trevico,Campania,1578,southern_italy
077028,Tricarico,Basilicata,9258,southern_italy
091097,Triei,Sardegna,2120,southern_italy
090074,Trinità d'Agultu e Vignola,Sardegna,5158,southern_italy
083100,Tripi,Sicilia,1408,southern_italy
070081,Trivento,Molise,8596,southern_italy
076093,Trivigno,Basilicata,1186,southern_italy
071058,Troia,Puglia,12982,southern_italy
086018,Troina,Sicilia,16402,southern_italy
102044,Tropea,Calabria,11336,southern_italy
070082,Tufara,Molise,1496,southern_italy
069097,Tufillo,Abruzzo,614,southern_italy
063085,Tufino,Campania,6700,southern_italy
064113,Tufo,Campania,1514,southern_italy
075089,Tuglie,Puglia,10036,southern_italy
111091,Tuili,Sardegna,1764,southern_italy
090075,Tula,Sardegna,2850,southern_italy
111092,Turri,Sardegna,750,southern_italy
068044,Turrivalignani,Abruzzo,1570,southern_italy
077029,Tursi,Basilicata,9318,southern_italy
083101,Tusa,Sicilia,4960,southern_italy
083102,Ucria,Sicilia,1682,southern_italy
075091,Uggiano la Chiesa,Puglia,8644,southern_italy
095068,Ulà Tirso,Sardegna,894,southern_italy
091098,Ulassai,Sardegna,2730,southern_italy
101026,Umbriatico,Calabria,1370,southern_italy
095069,Uras,Sardegna,5196,southern_italy
043055,Urbisaglia,Marche,4726,sisma_2016
090076,Uri,Sardegna,5644,southern_italy
070083,Ururi,Molise,4642,southern_italy
091099,Urzulei,Sardegna,2048,southern_italy
095070,Usellus,Sardegna,1328,southern_italy
090077,Usini,Sardegna,8240,southern_italy
111093,Ussana,Sardegna,7994,southern_italy
111094,Ussaramanna,Sardegna,932,southern_italy
091100,Ussassai,Sardegna,864,southern_italy
043056,Ussita,Marche,664,sisma_2016
082075,Ustica,Sicilia,2646,southern_italy
092090,Uta,Sardegna,17798,southern_italy
078152,Vaccarizzo Albanese,Calabria,2020,southern_italy
069098,Vacri,Abruzzo,2942,southern_italy
076094,Vaglio Basilicata,Basilicata,3508,southern_italy
061095,Vairano Patenora,Campania,12832,southern_italy
083103,Valdina,Sicilia,2492,southern_italy
043058,Valfornace,Marche,1766,sisma_2016
086019,Valguarnera Caropepe,Sicilia,13486,southern_italy
064114,Vallata,Campania,4810,southern_italy
061096,Valle Agricola,Campania,1412,southern_italy
067046,Valle Castellana,Abruzzo,1636,southern_italy+sisma_2016
065153,Valle dell'Angelo,Campania,434,southern_italy
061097,Valle di Maddaloni,Campania,5146,southern_italy
082076,Valledolmo,Sicilia,6102,southern_italy
090079,Valledoria,Sardegna,8642,southern_italy
079151,Vallefiorita,Calabria,2860,southern_italy
102045,Vallelonga,Calabria,1656,southern_italy
085021,Vallelunga Pratameno,Sicilia,6006,southern_italy
111095,Vallermosa,Sardegna,3564,southern_italy
064115,Vallesaccarda,Campania,2390,southern_italy
065154,Vallo della Lucania,Campania,15558,southern_italy
054058,Vallo di Nera,Umbria,634,sisma_2016
077030,Valsinni,Basilicata,2574,southern_italy
065155,Valva,Campania,3078,southern_italy
087052,Valverde,Sicilia,15620,southern_italy
080095,Varapodio,Calabria,4124,southern_italy
094051,Vastogirardi,Molise,1148,southern_italy
102046,Vazzano,Calabria,1838,southern_italy
044073,Venarotta,Marche,3724,sisma_2016
083104,Venetico,Sicilia,7922,southern_italy
064116,Venticano,Campania,4568,southern_italy
082077,Ventimiglia di Sicilia,Sicilia,3416,southern_italy
078153,Verbicaro,Calabria,4978,southern_italy
075093,Vernole,Puglia,13044,southern_italy
101027,Verzino,Calabria,3012,southern_italy
087053,Viagrande,Sicilia,17886,southern_italy
065156,Vibonati,Campania,6470,southern_italy
082078,Vicari,Sicilia,4694,southern_italy
071059,Vico del Gargano,Puglia,14304,southern_italy
068045,Vicoli,Abruzzo,714,southern_italy
090082,Viddalba,Sardegna,3140,southern_italy
076096,Vietri di Potenza,Basilicata,5228,southern_italy
065157,Vietri sul Mare,Campania,13756,southern_italy
076097,Viggianello,Basilicata,5154,southern_italy
076098,Viggiano,Basilicata,6424,southern_italy
074020,Villa Castelli,Puglia,17878,southern_italy
068046,Villa Celiera,Abruzzo,1048,southern_italy
061098,Villa di Briano,Campania,15124,southern_italy
092099,Villa San Pietro,Sardegna,4190,southern_italy
066105,Villa Sant'Angelo,Abruzzo,1022,southern_italy
095048,Villa Sant'Antonio,Sardegna,626,southern_italy
066104,Villa Santa Lucia degli Abruzzi,Abruzzo,152,southern_italy
069102,Villa Santa Maria,Abruzzo,2144,southern_italy
095073,Villa Verde,Sardegna,516,southern_italy
084043,Villafranca Sicula,Sicilia,2590,southern_italy
083105,Villafranca Tirrena,Sicilia,15418,southern_italy
082080,Villafrati,Sicilia,6128,southern_italy
091101,Villagrande Strisaili,Sardegna,5668,southern_italy
066103,Villalago,Abruzzo,980,southern_italy
085022,Villalba,Sicilia,2686,southern_italy
069100,Villalfonsina,Abruzzo,1710,southern_italy
069101,Villamagna,Abruzzo,4252,southern_italy
064117,Villamaina,Campania,1792,southern_italy
111097,Villamar,Sardegna,4784,southern_italy
111098,Villamassargia,Sardegna,6556,southern_italy
064118,Villanova del Battista,Campania,2878,southern_italy
090078,Villanova Monteleone,Sardegna,4078,southern_italy
095071,Villanova Truschedu,Sardegna,566,southern_italy
111099,Villanova Tulo,Sardegna,1954,southern_italy
111100,Villanovaforru,Sardegna,1578,southern_italy
111101,Villanovafranca,Sardegna,2270,southern_italy
111102,Villaperuccio,Sardegna,2014,southern_italy
078154,Villapiana,Calabria,11224,southern_italy
111103,Villaputzu,Sardegna,8728,southern_italy
086020,Villarosa,Sicilia,8542,southern_italy
111104,Villasalto,Sardegna,1752,southern_italy
111105,Villasimius,Sardegna,7524,southern_italy
111106,Villasor,Sardegna,12960,southern_italy
111107,Villaspeciosa,Sardegna,5400,southern_italy
095072,Villaurbana,Sardegna,2878,southern_italy
066106,Villavallelonga,Abruzzo,1644,southern_italy
066107,Villetta Barrea,Abruzzo,1178,southern_italy
070084,Vinchiaturo,Molise,6596,southern_italy
063088,Visciano,Campania,8238,southern_italy
043057,Visso,Marche,1840,sisma_2016
081023,Vita,Sicilia,3420,southern_italy
066108,Vittorito,Abruzzo,1608,southern_italy
062077,Vitulano,Campania,5324,southern_italy
061100,Vitulazio,Campania,15450,southern_italy
087054,Vizzini,Sicilia,11272,southern_italy
071061,Volturara Appula,Puglia,680,southern_italy
064119,Volturara Irpina,Campania,5756,southern_italy
071062,Volturino,Puglia,2998,southern_italy
102048,Zaccanopoli,Calabria,1292,southern_italy
087055,Zafferana Etnea,Sicilia,18682,southern_italy
079157,Zagarise,Calabria,2626,southern_italy
102049,Zambrone,Calabria,3532,southern_italy
071064,Zapponeta,Puglia,6384,southern_italy
095074,Zeddiani,Sardegna,2214,southern_italy
095075,Zerfaliu,Sardegna,1958,southern_italy
075094,Zollino,Puglia,3620,southern_italy
078155,Zumpano,Calabria,5178,southern_italy
064120,Zungoli,Campania,1796,southern_italy
102050,Zungri,Calabria,3586,southern_italy
